X value [cm⁻¹],IR Spectrum 18/O-PTIR (mV) [],IR Spectrum 17/O-PTIR (mV) [],IR Spectrum 16/O-PTIR (mV) [],IR Spectrum 15/O-PTIR (mV) [],IR Spectrum 14/O-PTIR (mV) [],IR Spectrum 13/O-PTIR (mV) [],IR Spectrum 12/O-PTIR (mV) [],IR Spectrum 11/O-PTIR (mV) [],IR Spectrum 10/O-PTIR (mV) []
935,19.4888305664063,18.2502384185791,32.4229736328125,93.1960830688477,16.2927303314209,34.8261108398438,108.601600646973,32.8744926452637,34.0848960876465
937,21.8577175140381,17.3192863464355,44.0839004516602,91.7457885742188,40.8051147460938,28.4969501495361,90.8615264892578,48.3152351379395,27.5930519104004
939,23.5546226501465,25.7212982177734,56.382438659668,96.5306396484375,39.775318145752,33.6534385681152,81.3096694946289,37.3996467590332,29.999490737915
941,26.8823070526123,34.228271484375,54.6828498840332,107.463523864746,32.4310531616211,34.9722938537598,99.4231109619141,36.9824638366699,26.1521263122559
943,32.6553344726563,44.3982543945313,62.903263092041,113.826225280762,36.1656799316406,37.389533996582,113.773452758789,46.7063026428223,20.3194618225098
945,30.0505657196045,43.3480033874512,68.4464263916016,114.334274291992,46.6077995300293,35.9852981567383,113.118789672852,49.8128547668457,23.7000007629395
947,35.0297088623047,45.9979591369629,69.9893569946289,112.567909240723,46.2313117980957,40.1311988830566,117.491798400879,50.047420501709,33.7813301086426
949,39.2274513244629,49.8635597229004,67.9048767089844,108.996231079102,47.4621849060059,45.7035636901855,125.35489654541,48.2671394348145,38.0406951904297
951,40.2182197570801,52.7220916748047,71.8924560546875,109.116111755371,51.8718376159668,48.2661361694336,131.218109130859,45.3146629333496,37.6613845825195
953,37.8567314147949,58.5351867675781,72.5595245361328,111.152198791504,56.5550842285156,49.3156509399414,132.481353759766,42.5963172912598,34.7086524963379
955,36.2922515869141,55.1606864929199,77.9933471679688,107.150192260742,57.7439727783203,48.7494888305664,136.019348144531,46.9682312011719,32.9204368591309
957,33.9812660217285,54.6141510009766,79.5155334472656,109.078842163086,56.458869934082,48.3823051452637,138.319305419922,45.7689323425293,35.493968963623
959,35.7797317504883,59.8949127197266,83.4683074951172,112.339164733887,59.6990089416504,50.3766632080078,135.749298095703,46.4145164489746,36.7163467407227
961,37.0353775024414,60.9021606445313,89.429573059082,117.068458557129,61.5129699707031,55.3972396850586,148.28239440918,51.3687515258789,35.5271492004395
963,38.0295600891113,65.5063095092773,92.5428009033203,118.474090576172,61.6929397583008,58.7513122558594,146.136215209961,49.9803047180176,36.2733840942383
965,40.0932350158691,70.2798309326172,98.0535507202148,123.231170654297,70.06982421875,61.9297218322754,149.094833374023,50.9630470275879,38.2400817871094
967,41.1772308349609,78.9207992553711,102.928131103516,128.688766479492,75.6889190673828,65.7121505737305,158.721649169922,54.0334739685059,40.7325592041016
969,40.8893737792969,82.537971496582,105.885932922363,132.007553100586,78.7288131713867,71.4133605957031,153.98908996582,54.0260810852051,42.0060844421387
971,41.1114540100098,78.733154296875,112.971199035645,134.361114501953,84.5905838012695,74.4819869995117,162.097625732422,53.2207641601563,41.3937873840332
973,41.268383026123,85.2380676269531,115.588310241699,140.233734130859,92.3618621826172,78.272346496582,162.599914550781,51.0202560424805,42.7292366027832
975,43.8851928710938,89.3767166137695,119.846641540527,148.712463378906,99.8191986083984,82.9916915893555,165.223236083984,50.9272766113281,42.4052314758301
977,46.6176452636719,93.1030502319336,121.997741699219,152.337524414063,105.526397705078,85.7570495605469,171.567245483398,51.4988021850586,45.1981010437012
979,48.1670913696289,93.9906234741211,122.211265563965,151.039306640625,109.247314453125,90.1287994384766,164.836761474609,50.5174446105957,43.9797821044922
981,49.7267723083496,90.8726959228516,121.809059143066,162.769119262695,114.490257263184,92.822998046875,171.231369018555,50.3956146240234,42.6837959289551
983,51.2665328979492,98.6688613891602,116.055374145508,166.620712280273,120.857765197754,94.2943344116211,173.205535888672,49.3995513916016,43.7292404174805
985,51.5782699584961,98.4368133544922,115.670372009277,165.11051940918,128.144409179688,95.5203018188477,167.961944580078,49.5014190673828,42.3105239868164
987,52.1860542297363,94.1818084716797,115.717468261719,171.777847290039,130.831008911133,96.3688278198242,177.872314453125,49.2877426147461,41.921989440918
989,53.9152755737305,102.758987426758,114.112670898438,180.347778320313,137.466705322266,97.8711547851563,178.612701416016,49.8820991516113,43.9532051086426
991,57.9778060913086,109.820770263672,118.89079284668,185.142929077148,144.175384521484,101.826965332031,180.501571655273,52.5975189208984,46.5000152587891
993,61.1053085327148,113.194435119629,123.169364929199,185.835464477539,144.625518798828,105.251533508301,189.299453735352,54.6405868530273,50.332103729248
995,65.2700042724609,117.67594909668,131.127532958984,194.179138183594,152.318130493164,110.480529785156,188.74169921875,55.385311126709,51.8835716247559
997,70.8738403320313,130.505828857422,138.522979736328,199.201705932617,161.083648681641,116.870895385742,198.42887878418,57.8576698303223,55.9769554138184
999,75.9123001098633,139.554626464844,143.729064941406,202.884735107422,166.2822265625,121.186866760254,208.165710449219,60.3603019714355,62.7565383911133
1001,80.2592239379883,137.627197265625,156.283340454102,209.008605957031,172.424438476563,127.439750671387,208.750061035156,61.61376953125,66.1873321533203
1003,84.869873046875,147.53450012207,166.516082763672,209.655029296875,179.125930786133,134.246246337891,221.930923461914,64.4480972290039,67.2191162109375
1005,91.2959289550781,155.336715698242,177.06916809082,217.809509277344,187.538101196289,140.323120117188,230.630416870117,66.9337768554688,72.3009567260742
1007,98.8120269775391,159.456756591797,191.922576904297,226.965850830078,196.218124389648,148.105911254883,233.958587646484,69.8203964233398,77.4342880249023
1009,106.810546875,165.751174926758,203.425186157227,231.330993652344,204.494964599609,156.532440185547,245.600952148438,74.3838577270508,82.2716598510742
1011,115.62508392334,170.863861083984,220.853668212891,245.569000244141,215.277984619141,164.903137207031,251.886215209961,78.1319808959961,87.1862487792969
1013,127.424087524414,181.094421386719,236.538223266602,258.858642578125,225.623291015625,170.72607421875,258.232391357422,82.1199798583984,92.3898086547852
1015,139.197265625,187.753616333008,249.526992797852,271.504028320313,232.044372558594,176.47624206543,262.607513427734,86.98291015625,100.440170288086
1017,149.30192565918,194.070007324219,270.049682617188,285.983917236328,239.521942138672,179.556411743164,268.488372802734,94.9697875976563,101.791931152344
1019,157.559219360352,198.734466552734,286.134948730469,282.841186523438,246.456039428711,182.402206420898,280.268676757813,103.266761779785,105.38037109375
1021,166.800094604492,205.56591796875,300.679290771484,286.162994384766,250.912628173828,186.044998168945,287.083221435547,108.56729888916,111.774909973145
1023,176.174377441406,216.887985229492,312.809387207031,294.969665527344,259.443969726563,187.377319335938,292.753814697266,118.496391296387,114.05158996582
1025,180.993835449219,220.19499206543,313.812591552734,294.826538085938,264.281372070313,189.600677490234,300.96435546875,128.502075195313,117.677932739258
1027,183.699676513672,225.947723388672,306.089935302734,291.923217773438,264.879241943359,192.04573059082,307.878356933594,131.611053466797,117.872680664063
1029,192.053771972656,234.425155639648,300.319183349609,301.449096679688,272.006286621094,192.429901123047,314.087524414063,141.667068481445,120.574684143066
1031,197.065063476563,243.286697387695,308.968078613281,304.685913085938,271.92822265625,196.665496826172,316.293334960938,153.364074707031,125.15616607666
1033,200.232681274414,245.154357910156,341.486114501953,299.210418701172,269.896484375,200.985824584961,323.207122802734,159.361099243164,123.516494750977
1035,204.247131347656,241.394332885742,391.160552978516,302.866973876953,272.672607421875,203.395751953125,325.976013183594,167.48291015625,123.537719726563
1037,207.165802001953,246.326629638672,474.509063720703,312.846343994141,269.275573730469,204.72785949707,322.385345458984,170.252426147461,125.218994140625
1039,207.133682250977,250.342071533203,549.852416992188,310.534118652344,268.519989013672,205.638290405273,323.211090087891,169.284851074219,124.340492248535
1041,205.758255004883,242.654678344727,530.592834472656,300.291198730469,266.786682128906,207.968139648438,326.348236083984,168.828216552734,122.331581115723
1043,209.218292236328,237.151306152344,431.850494384766,295.268615722656,265.021911621094,209.839050292969,320.832885742188,168.61994934082,119.753280639648
1045,209.083923339844,239.439788818359,339.765014648438,294.020385742188,267.213562011719,209.09228515625,315.491577148438,168.341644287109,117.813766479492
1047,203.196594238281,234.695983886719,440.754180908203,285.168762207031,262.006072998047,208.565124511719,311.39453125,160.185195922852,117.389907836914
1049,203.091430664063,222.252212524414,480.121215820313,267.135437011719,267.497802734375,209.712646484375,297.377807617188,152.949417114258,110.755882263184
1051,198.791656494141,216.662841796875,465.739135742188,252.887435913086,254.296249389648,208.357177734375,285.244171142578,145.95263671875,105.64128112793
1053,191.117691040039,213.433029174805,423.014129638672,241.91227722168,248.583801269531,204.003570556641,275.995269775391,137.709045410156,105.795387268066
1055,184.971282958984,210.522491455078,370.947631835938,222.529510498047,248.064743041992,201.6064453125,273.076812744141,128.799209594727,101.901702880859
1057,183.228332519531,203.365371704102,342.905151367188,212.199401855469,231.463821411133,200.536071777344,268.282379150391,123.74422454834,98.144889831543
1059,182.726196289063,208.941986083984,445.479888916016,206.128524780273,235.037094116211,201.114501953125,267.212158203125,122.427032470703,97.8753662109375
1061,183.955825805664,216.460632324219,561.8076171875,201.213577270508,223.221527099609,200.779724121094,274.783447265625,122.750061035156,96.5939559936523
1063,191.006805419922,215.636520385742,637.572265625,199.539703369141,220.513732910156,199.036056518555,270.817993164063,122.823936462402,97.9419937133789
1065,196.764633178711,224.030090332031,590.741577148438,205.0693359375,222.024398803711,201.088958740234,273.348175048828,121.987983703613,97.324592590332
1067,202.576400756836,234.751159667969,521.415832519531,216.743865966797,229.264739990234,203.512283325195,282.834075927734,122.701446533203,92.0876998901367
1069,209.702545166016,242.776031494141,795.571594238281,225.734283447266,221.630279541016,204.151397705078,289.99609375,123.817573547363,94.1744689941406
1071,215.368881225586,251.061309814453,927.048522949219,229.214614868164,219.766494750977,205.014389038086,302.361358642578,126.925392150879,94.7332611083984
1073,220.477828979492,252.18017578125,874.611938476563,231.855453491211,229.712524414063,206.779815673828,304.625732421875,130.150375366211,90.9670104980469
1075,221.155944824219,256.875793457031,726.810607910156,239.355255126953,224.137771606445,208.058319091797,312.296630859375,125.103286743164,92.5272521972656
1077,224.459259033203,258.595458984375,543.250610351563,243.920028686523,217.609893798828,207.79704284668,319.042602539063,128.620544433594,92.8635482788086
1079,225.579940795898,257.559020996094,499.073852539063,236.69091796875,211.808471679688,207.913925170898,308.398956298828,130.364944458008,93.7010498046875
1081,222.178817749023,252.704376220703,572.724365234375,236.441650390625,203.558395385742,206.753158569336,303.704406738281,121.156639099121,93.4130477905273
1083,217.124710083008,243.293167114258,512.020629882813,232.295989990234,197.11653137207,202.927490234375,305.288757324219,120.789245605469,93.4375228881836
1085,212.415924072266,243.075408935547,450.185363769531,225.607818603516,189.709106445313,198.919525146484,300.497894287109,125.221237182617,91.6290588378906
1087,204.79997253418,239.580917358398,445.703002929688,214.269943237305,183.547058105469,194.202026367188,294.673309326172,118.508567810059,91.0118026733398
1089,199.759948730469,228.388381958008,422.563659667969,207.155059814453,174.194274902344,190.801254272461,290.101898193359,112.541809082031,91.7477264404297
1091,196.962371826172,227.296081542969,380.364013671875,199.361236572266,166.889129638672,189.106842041016,294.6201171875,116.136940002441,91.1635971069336
1093,192.165283203125,227.135833740234,338.161926269531,191.563064575195,163.034210205078,187.508697509766,295.376220703125,113.28125,96.0975341796875
1095,192.037719726563,222.934127807617,319.388519287109,184.727142333984,161.018188476563,185.538238525391,288.896087646484,110.599807739258,99.9304351806641
1097,183.618606567383,216.144744873047,303.186767578125,175.932586669922,152.829528808594,183.007583618164,290.866241455078,114.633018493652,95.5017623901367
1099,184.300628662109,212.043579101563,282.286254882813,170.596832275391,149.185699462891,182.346237182617,290.813537597656,114.629402160645,94.1839141845703
1101,191.483352661133,214.12646484375,277.081237792969,166.458923339844,149.518646240234,181.190628051758,286.329681396484,112.173667907715,98.1037139892578
1103,187.701156616211,210.537841796875,268.013305664063,159.260955810547,148.570068359375,179.984786987305,286.760681152344,113.38850402832,95.0173645019531
1105,190.203674316406,205.604187011719,253.710693359375,154.050735473633,143.992065429688,182.014190673828,289.420288085938,114.83324432373,94.6281814575195
1107,195.732223510742,203.673187255859,241.362457275391,148.967376708984,145.611511230469,182.278366088867,291.26318359375,115.296653747559,94.312744140625
1109,194.495864868164,204.154586791992,231.483245849609,144.744812011719,151.453704833984,182.241775512695,291.668029785156,113.449104309082,96.5955352783203
1111,193.712219238281,201.433975219727,227.920059204102,138.607849121094,151.296600341797,183.397689819336,288.494476318359,115.275894165039,98.1423034667969
1113,191.454986572266,197.38200378418,225.825988769531,132.389785766602,151.894989013672,183.404083251953,286.885070800781,115.982879638672,95.8898696899414
1115,187.688537597656,195.237396240234,219.269668579102,130.939544677734,156.085372924805,183.768295288086,286.005340576172,110.699913024902,95.1567001342773
1117,185.158905029297,198.392211914063,212.883483886719,125.642227172852,159.935241699219,181.732299804688,280.699493408203,114.296821594238,97.2968978881836
1119,179.465744018555,194.585556030273,205.37744140625,119.680458068848,161.540618896484,181.115585327148,274.91943359375,114.889389038086,97.1953887939453
1121,178.316528320313,188.386856079102,197.935699462891,115.004402160645,163.014953613281,182.553192138672,273.198791503906,116.00138092041,95.1774673461914
1123,177.044174194336,192.948486328125,192.303436279297,109.839073181152,169.553848266602,183.822982788086,273.310150146484,120.189308166504,95.2149429321289
1125,172.308670043945,192.133316040039,187.047927856445,105.422897338867,173.375518798828,183.983642578125,269.661590576172,120.544792175293,100.251800537109
1127,171.302474975586,190.347610473633,185.895660400391,101.571647644043,172.919296264648,184.076614379883,267.952026367188,127.579086303711,100.213233947754
1129,170.443786621094,190.712890625,182.462799072266,101.049743652344,177.531814575195,186.006530761719,268.847198486328,133.415573120117,97.7428588867188
1131,168.797561645508,193.396453857422,182.357040405273,99.4515762329102,183.232574462891,186.431045532227,265.814605712891,137.032821655273,98.9283294677734
1133,168.852722167969,197.169036865234,184.566360473633,93.0780868530273,185.435363769531,185.357086181641,264.488647460938,147.923355102539,99.1874389648438
1135,165.463790893555,192.475997924805,183.33984375,87.5349197387695,186.266510009766,185.326599121094,261.709106445313,155.508270263672,94.5115203857422
1137,162.466033935547,188.451904296875,183.66162109375,83.8491592407227,191.563598632813,185.72395324707,259.956787109375,161.7294921875,84.7611999511719
1139,160.201141357422,189.47282409668,184.347686767578,82.2544097900391,193.021469116211,186.210891723633,258.972900390625,175.541885375977,82.061653137207
1141,154.145736694336,188.871780395508,185.275482177734,80.1101531982422,194.461151123047,184.833358764648,259.342651367188,180.899917602539,82.4328002929688
1143,148.796340942383,186.566192626953,184.338943481445,75.6751403808594,193.072982788086,184.341506958008,259.409606933594,184.07421875,78.4390640258789
1145,144.256576538086,179.133346557617,182.827758789063,73.122444152832,194.857269287109,187.215866088867,260.807342529297,187.608734130859,76.77001953125
1147,138.941635131836,184.509185791016,184.52897644043,72.0802307128906,192.823333740234,189.146896362305,264.670745849609,191.571044921875,78.4755859375
1149,134.716690063477,189.774520874023,185.804306030273,70.6506042480469,194.531311035156,189.895843505859,269.041442871094,190.198867797852,80.5884246826172
1151,130.807800292969,186.946823120117,186.225631713867,70.7607727050781,199.475051879883,194.141525268555,272.470092773438,184.889083862305,83.1433029174805
1153,130.721176147461,196.173751831055,188.344192504883,71.1380844116211,195.115829467773,200.844970703125,277.772064208984,183.785903930664,84.7738723754883
1155,133.022186279297,203.625045776367,192.463287353516,72.2578582763672,195.442810058594,204.079559326172,282.4150390625,180.285675048828,92.0437469482422
1157,133.032409667969,210.617492675781,192.570526123047,72.717414855957,193.575653076172,206.504425048828,280.742370605469,175.047210693359,96.6099624633789
1159,131.542861938477,211.627151489258,189.331436157227,72.6894454956055,186.168579101563,209.307037353516,280.126007080078,176.721252441406,94.8389053344727
1161,128.842346191406,204.628005981445,185.538330078125,74.1221389770508,184.676239013672,210.052749633789,283.840179443359,176.920669555664,95.0544357299805
1163,124.089752197266,207.145568847656,180.322113037109,71.2121200561523,180.476852416992,206.978042602539,282.659271240234,179.499206542969,91.3953094482422
1165,119.97972869873,196.339904785156,175.470092773438,65.2308502197266,178.12434387207,203.932647705078,283.415100097656,185.661605834961,86.8381118774414
1167,115.015365600586,188.394180297852,171.454925537109,62.7497253417969,176.419967651367,203.193542480469,287.840515136719,189.830062866211,81.0341186523438
1169,109.386512756348,184.425750732422,169.120819091797,62.2064895629883,168.285629272461,201.7734375,289.283935546875,192.555572509766,73.7437057495117
1171,106.985702514648,176.504699707031,168.604278564453,59.9927520751953,166.62532043457,199.759963989258,292.001007080078,195.452011108398,70.3725433349609
1173,103.595916748047,178.256103515625,168.92073059082,55.602912902832,168.704071044922,196.247604370117,293.413360595703,194.464874267578,65.5254669189453
1175,98.910774230957,170.456314086914,172.371688842773,54.8996315002441,166.338409423828,196.632141113281,291.595886230469,189.312347412109,62.6450805664063
1177,94.5707473754883,164.599548339844,174.145278930664,55.9453201293945,164.855361938477,196.15217590332,291.986633300781,186.935836791992,60.5409660339355
1179,92.5810317993164,169.361434936523,174.440368652344,57.0045356750488,166.168731689453,192.527542114258,290.956359863281,187.482055664063,58.5077743530273
1181,91.2665405273438,165.764343261719,176.512237548828,60.4978866577148,165.194259643555,191.164108276367,288.555358886719,186.222152709961,59.2259826660156
1183,87.5048370361328,165.283828735352,176.869125366211,61.0538597106934,167.058044433594,191.450012207031,289.43310546875,186.032897949219,56.1077156066895
1185,87.3560409545898,164.946990966797,177.99169921875,62.2246894836426,170.087661743164,193.226348876953,290.749847412109,186.040756225586,53.4023475646973
1187,88.0069961547852,162.462844848633,176.947158813477,64.6730041503906,169.098449707031,195.481399536133,287.585113525391,185.388732910156,53.0726203918457
1189,87.1541748046875,167.120162963867,176.222106933594,65.8131866455078,171.23957824707,198.413131713867,285.371887207031,184.923858642578,52.5523223876953
1191,87.8498916625977,163.250473022461,177.413650512695,66.5647201538086,172.372528076172,204.998870849609,285.943695068359,184.507781982422,54.2682762145996
1193,91.2485504150391,166.386428833008,180.424591064453,67.8584899902344,170.407043457031,212.995407104492,284.746337890625,188.736907958984,57.4465942382813
1195,94.7276840209961,173.736358642578,182.849487304688,68.4794540405273,170.096145629883,217.552642822266,284.934295654297,186.676971435547,57.2714538574219
1197,97.1243438720703,174.335693359375,180.267166137695,67.0853881835938,166.872985839844,218.673217773438,282.6591796875,175.958847045898,57.8411293029785
1199,99.9269104003906,174.669235229492,179.426330566406,65.1376419067383,160.89909362793,219.152236938477,279.468078613281,173.800430297852,58.0485458374023
1201,96.6562194824219,166.466598510742,175.672653198242,65.1885452270508,155.380813598633,215.049530029297,278.150512695313,170.691925048828,54.6933288574219
1203,95.1784820556641,162.590347290039,166.518951416016,65.9319610595703,153.392974853516,208.16731262207,274.803253173828,161.23908996582,51.0334625244141
1205,94.2786865234375,161.824417114258,161.006500244141,67.2264633178711,151.866836547852,207.341415405273,267.560028076172,162.020248413086,50.4005470275879
1207,88.1074829101563,147.070724487305,154.559371948242,68.5539169311523,150.813278198242,205.317794799805,264.884155273438,164.435577392578,46.5925827026367
1209,87.5248107910156,148.386428833008,148.026733398438,69.5075531005859,149.760757446289,201.09228515625,265.033935546875,160.647872924805,44.2705917358398
1211,87.5123596191406,154.346420288086,140.926162719727,72.497184753418,145.954940795898,197.869613647461,258.794799804688,162.147567749023,44.6442947387695
1213,82.7312164306641,145.954254150391,144.154830932617,76.4984130859375,146.117828369141,194.236602783203,262.917327880859,159.570327758789,48.236026763916
1215,78.3433380126953,138.252395629883,147.117919921875,80.170524597168,146.267318725586,190.902435302734,266.700744628906,157.205093383789,51.5323219299316
1217,74.3021240234375,131.159027099609,149.846893310547,83.5525207519531,146.404983520508,187.831665039063,270.185241699219,155.026718139648,54.5681838989258
1219,76.8126220703125,130.140930175781,148.849029541016,83.8870010375977,147.315017700195,186.408935546875,270.587829589844,163.433822631836,54.8388519287109
1221,75.8790664672852,127.748977661133,149.642471313477,85.496955871582,146.115432739258,189.33967590332,271.222900390625,171.362457275391,52.0337295532227
1223,78.3322830200195,136.184631347656,151.579284667969,87.3863754272461,145.426666259766,192.473678588867,278.029357910156,179.921508789063,53.1981353759766
1225,82.1443328857422,137.975158691406,155.280990600586,89.2392654418945,141.149200439453,193.314117431641,274.448333740234,183.031127929688,52.5326614379883
1227,83.4515762329102,143.101196289063,158.494918823242,89.7325134277344,141.943252563477,195.750869750977,278.869079589844,188.683578491211,53.6056632995605
1229,86.1657180786133,149.093368530273,165.955017089844,92.326789855957,144.519134521484,199.776657104492,288.510894775391,197.048233032227,55.8643226623535
1231,86.9511413574219,150.205657958984,172.649963378906,97.9275512695313,145.673706054688,201.298202514648,288.341583251953,200.785903930664,58.228199005127
1233,87.7483673095703,158.839462280273,176.163543701172,98.6437072753906,147.023056030273,203.907348632813,294.223846435547,206.738327026367,59.806022644043
1235,87.9295043945313,155.193786621094,182.929580688477,96.2147445678711,144.065048217773,206.625961303711,295.299255371094,213.718551635742,61.3661308288574
1237,88.013542175293,156.429138183594,186.959869384766,99.2909164428711,142.362319946289,210.141311645508,296.284851074219,219.76953125,62.6672248840332
1239,88.4586944580078,164.142990112305,193.830093383789,102.036468505859,145.656997680664,213.725479125977,307.222442626953,225.336959838867,66.7374954223633
1241,87.5099258422852,158.79167175293,197.435043334961,104.554725646973,146.593658447266,217.512893676758,306.107788085938,237.360641479492,66.9081649780273
1243,87.58251953125,163.134552001953,198.167556762695,103.961318969727,146.95915222168,221.588729858398,307.590606689453,245.00227355957,68.2827529907227
1245,88.1228637695313,164.360916137695,204.677032470703,101.927146911621,149.243286132813,224.881378173828,309.875,246.406631469727,68.2262573242188
1247,86.2679290771484,167.271545410156,207.689300537109,103.69596862793,152.48371887207,227.177993774414,312.707733154297,254.03564453125,70.9087982177734
1249,87.6471328735352,170.865478515625,209.33039855957,103.079711914063,152.18424987793,228.112823486328,313.640899658203,260.275329589844,70.8525772094727
1251,84.1877365112305,166.076141357422,209.28498840332,99.1571273803711,150.253646850586,228.583023071289,304.464965820313,257.887329101563,71.5184555053711
1253,82.5773696899414,170.604934692383,208.069274902344,99.8667297363281,147.211441040039,226.609939575195,302.365570068359,252.974838256836,74.3735427856445
1255,82.8473510742188,163.544723510742,204.9384765625,98.1985931396484,147.471755981445,224.484802246094,296.672393798828,250.240646362305,72.0475158691406
1257,81.5502853393555,160.307586669922,198.106353759766,95.1985931396484,145.182525634766,223.108673095703,283.953002929688,249.778839111328,70.8557586669922
1259,80.7798156738281,166.571533203125,198.232574462891,92.6595153808594,140.403045654297,222.493957519531,277.965545654297,247.757995605469,73.8470916748047
1261,80.999755859375,157.54248046875,199.039581298828,92.7362594604492,139.322860717773,220.971740722656,269.769439697266,246.910614013672,74.6944122314453
1263,81.2179412841797,157.34521484375,195.095001220703,91.3813934326172,136.994506835938,218.177124023438,261.723785400391,244.973358154297,74.1141586303711
1265,79.9647445678711,160.734130859375,196.848602294922,89.3718490600586,134.341705322266,216.657043457031,257.004058837891,243.728317260742,77.1562805175781
1267,78.8417663574219,158.032730102539,200.846008300781,89.2160720825195,134.702926635742,215.7294921875,253.514984130859,248.42561340332,78.6711883544922
1269,79.0610885620117,156.521682739258,201.304763793945,90.7001495361328,133.954681396484,217.599014282227,253.418762207031,256.438140869141,77.6048355102539
1271,78.8488311767578,147.689804077148,204.996963500977,91.0666275024414,133.542434692383,219.546234130859,248.059585571289,257.717834472656,76.448600769043
1273,77.905891418457,153.202651977539,209.961181640625,88.6017074584961,132.830307006836,219.645874023438,247.019378662109,258.110107421875,77.3144073486328
1275,77.6735153198242,152.611221313477,214.893096923828,87.7519454956055,133.560516357422,220.068176269531,247.811996459961,253.909957885742,78.667350769043
1277,78.4626770019531,144.263717651367,221.470199584961,86.5417175292969,136.379516601563,221.935775756836,246.04231262207,254.188598632813,76.717170715332
1279,78.5952758789063,154.311447143555,227.866424560547,84.9666900634766,139.57568359375,223.810852050781,249.897659301758,256.598999023438,77.402702331543
1281,79.7051086425781,156.178970336914,231.055252075195,84.4732360839844,141.195693969727,223.844512939453,249.806442260742,249.909851074219,79.0526275634766
1283,81.1442642211914,151.50439453125,231.214630126953,84.2576065063477,143.574295043945,224.328063964844,247.551528930664,244.868041992188,75.3381652832031
1285,80.6553726196289,153.45556640625,232.630157470703,83.1962356567383,146.587020874023,227.317993164063,252.656112670898,236.296829223633,76.2578887939453
1287,81.4802017211914,156.109039306641,233.793167114258,85.2485198974609,150.089920043945,229.797393798828,258.223175048828,233.408706665039,74.9571075439453
1289,83.437255859375,161.380157470703,231.926910400391,87.2407684326172,154.074615478516,232.509704589844,262.217651367188,238.847579956055,76.0764541625977
1291,85.5228042602539,161.995620727539,237.255752563477,86.9642486572266,160.075897216797,236.539093017578,270.91162109375,229.680099487305,83.1985092163086
1293,89.2366638183594,163.617782592773,250.723571777344,91.6849975585938,167.234924316406,244.416351318359,278.93115234375,228.973602294922,85.441650390625
1295,92.593391418457,173.017761230469,259.027404785156,92.2406921386719,171.786102294922,250.604766845703,284.570861816406,231.342956542969,89.1317367553711
1297,97.2051391601563,177.544509887695,268.516693115234,93.2602844238281,175.624450683594,255.711654663086,292.402008056641,225.813064575195,92.9537811279297
1299,102.534690856934,187.427947998047,276.610656738281,97.1693496704102,182.633117675781,262.535736083984,298.971374511719,234.624542236328,90.9218444824219
1301,105.526275634766,188.214141845703,289.755828857422,100.860427856445,188.810302734375,268.421173095703,305.837341308594,235.585983276367,96.7863082885742
1303,108.741363525391,191.867431640625,298.449829101563,105.642845153809,191.26123046875,272.110382080078,310.069122314453,234.254318237305,99.2059631347656
1305,111.083808898926,206.533950805664,297.461120605469,108.63452911377,194.819091796875,273.599243164063,310.248382568359,237.274200439453,99.7156448364258
1307,111.911293029785,201.355026245117,306.614837646484,106.761489868164,199.852966308594,274.002746582031,313.363952636719,238.136535644531,102.047416687012
1309,113.016548156738,198.067169189453,313.561889648438,112.557395935059,200.675277709961,273.399993896484,319.013275146484,245.171188354492,98.3754425048828
1311,113.863128662109,205.546752929688,305.008605957031,109.362922668457,203.273239135742,268.023345947266,323.643768310547,245.139938354492,97.1964950561523
1313,113.006683349609,204.795822143555,309.712463378906,109.483169555664,208.37336730957,268.843200683594,329.818542480469,248.96728515625,100.575378417969
1315,113.810577392578,204.871948242188,314.655303955078,115.271018981934,211.138916015625,270.540130615234,334.770294189453,259.166168212891,98.8715362548828
1317,114.779273986816,206.078216552734,312.694732666016,115.478958129883,213.634872436523,270.009521484375,341.530792236328,262.157501220703,100.856399536133
1319,117.433898925781,216.510620117188,320.211730957031,123.697914123535,217.431533813477,275.507019042969,350.434600830078,277.275665283203,108.409202575684
1321,127.503028869629,233.984161376953,336.432098388672,134.551605224609,219.820236206055,283.069213867188,361.162780761719,292.822784423828,115.021850585938
1323,139.051544189453,236.312545776367,363.227569580078,145.433319091797,222.20149230957,290.497772216797,373.309783935547,301.268646240234,128.034164428711
1325,153.979827880859,253.619873046875,380.508331298828,162.942092895508,219.915908813477,298.601593017578,385.710723876953,312.403228759766,135.932571411133
1327,164.890182495117,263.282958984375,398.163116455078,169.447631835938,219.591232299805,301.125091552734,396.45947265625,318.495269775391,145.032455444336
1329,171.442626953125,272.198089599609,415.244384765625,179.346908569336,224.351776123047,303.929321289063,408.244445800781,328.996368408203,152.397811889648
1331,181.728912353516,279.961669921875,422.150482177734,186.032699584961,219.979400634766,305.379608154297,416.644104003906,343.459625244141,149.080825805664
1333,181.828414916992,271.818481445313,427.800506591797,188.709045410156,215.493698120117,302.79736328125,424.028930664063,350.991790771484,151.231231689453
1335,177.076782226563,278.89990234375,426.703002929688,185.485717773438,221.730087280273,301.260833740234,432.955627441406,360.305572509766,144.4970703125
1337,171.711837768555,272.936431884766,418.507385253906,176.016311645508,226.331726074219,301.310089111328,433.675720214844,369.334716796875,132.771499633789
1339,166.275009155273,264.337707519531,421.683776855469,171.737091064453,223.172775268555,303.145080566406,440.095306396484,374.002136230469,124.725708007813
1341,186.083236694336,294.121215820313,465.530090332031,192.90657043457,220.059646606445,309.102081298828,467.027954101563,395.445098876953,123.205459594727
1343,201.414749145508,308.598480224609,505.187591552734,209.758056640625,224.74137878418,314.090454101563,488.403991699219,418.568511962891,124.398422241211
1345,216.300689697266,331.265563964844,535.135986328125,230.65104675293,228.004486083984,319.569122314453,512.315307617188,432.370635986328,120.824653625488
1347,236.398529052734,341.098541259766,569.034973144531,248.901870727539,232.085494995117,326.766235351563,539.5380859375,449.104827880859,120.80997467041
1349,258.866912841797,356.530151367188,615.203002929688,267.470367431641,243.033966064453,333.254455566406,574.1376953125,462.180023193359,120.452285766602
1351,298.494262695313,401.399749755859,659.941040039063,298.382415771484,250.776718139648,325.90283203125,611.187072753906,478.299377441406,101.759498596191
1353,320.157196044922,415.266357421875,700.027099609375,335.717010498047,258.286590576172,327.922912597656,645.718200683594,497.275573730469,138.304550170898
1355,358.291137695313,424.742980957031,733.436462402344,430.84423828125,268.267303466797,345.930541992188,691.074951171875,527.408386230469,233.655059814453
1357,397.151550292969,437.636291503906,737.091613769531,530.789672851563,292.978210449219,376.12060546875,697.724548339844,565.439636230469,314.109436035156
1359,395.43994140625,441.574554443359,768.037719726563,573.055786132813,322.350769042969,389.95458984375,656.412719726563,574.971130371094,332.22509765625
1361,399.210296630859,442.752197265625,749.407653808594,537.225402832031,322.713897705078,361.690246582031,624.042419433594,593.713989257813,302.350402832031
1363,393.321807861328,434.700073242188,725.458435058594,493.990539550781,308.717437744141,360.572570800781,606.079284667969,621.899108886719,283.996673583984
1365,396.576568603516,431.897857666016,695.344482421875,477.592346191406,316.356750488281,370.664764404297,603.953979492188,596.276794433594,241.787673950195
1367,389.850219726563,432.153594970703,655.765625,441.298950195313,303.752136230469,341.79150390625,631.371826171875,574.786804199219,187.407791137695
1369,371.115234375,435.600952148438,627.591491699219,425.341491699219,291.449859619141,334.974090576172,661.55322265625,582.209045410156,153.935348510742
1371,369.401214599609,438.705780029297,573.066589355469,427.769500732422,282.01708984375,332.164123535156,682.660705566406,577.347290039063,112.83878326416
1373,349.142913818359,432.805114746094,540.348083496094,396.396057128906,270.152984619141,318.479705810547,688.563049316406,600.803649902344,118.270416259766
1375,363.668701171875,425.093231201172,560.026062011719,451.451354980469,291.686584472656,331.3310546875,701.438781738281,621.800476074219,144.021713256836
1377,422.746917724609,421.170471191406,572.25634765625,519.592224121094,312.268402099609,357.110595703125,723.128662109375,591.356872558594,167.079254150391
1379,456.734375,401.361389160156,562.427490234375,564.235290527344,333.022796630859,391.734558105469,709.224243164063,622.47802734375,223.551223754883
1381,489.733856201172,360.304534912109,642.079528808594,558.341186523438,361.787689208984,420.571228027344,645.503967285156,624.722961425781,277.306823730469
1383,540.803588867188,299.655181884766,749.576354980469,545.084289550781,368.576995849609,421.521423339844,603.523010253906,634.479736328125,269.225219726563
1385,512.339111328125,312.672332763672,757.127685546875,495.909118652344,344.725952148438,355.196929931641,623.280578613281,539.3818359375,208.568908691406
1387,485.309112548828,350.946594238281,761.28271484375,482.201995849609,323.537841796875,310.203948974609,653.755065917969,663.918701171875,142.293762207031
1389,518.540710449219,359.689086914063,839.261413574219,525.0458984375,332.452270507813,335.3603515625,668.873291015625,564.994079589844,103.081344604492
1391,534.841003417969,372.257843017578,885.629089355469,565.373168945313,350.273986816406,384.566528320313,680.9326171875,571.637878417969,102.696197509766
1393,505.825225830078,410.520538330078,899.976318359375,573.952697753906,348.239776611328,372.880432128906,698.47705078125,670.279052734375,104.766510009766
1395,520.984985351563,454.914093017578,996.666748046875,600.771667480469,368.187377929688,398.127838134766,735.989013671875,712.76953125,144.526657104492
1397,526.22998046875,492.0517578125,1108.85388183594,632.464294433594,392.294036865234,448.416595458984,794.600769042969,775.8447265625,191.021881103516
1399,517.167297363281,568.149841308594,1154.27136230469,690.591003417969,456.197570800781,490.958099365234,798.923217773438,951.3515625,357.695495605469
1401,477.692596435547,588.437866210938,806.284790039063,588.427978515625,568.958923339844,581.564880371094,626.44189453125,1089.87133789063,799.550720214844
1403,469.524719238281,545.739562988281,1097.70886230469,408.182006835938,610.529296875,543.026977539063,496.094299316406,1134.64270019531,967.982727050781
1405,567.781188964844,476.398864746094,1298.10473632813,332.591278076172,688.754028320313,542.891296386719,458.023101806641,1227.04187011719,960.619384765625
1407,707.288208007813,420.025939941406,1265.08715820313,440.359344482422,796.680603027344,513.156494140625,464.494049072266,1285.23425292969,732.187133789063
1409,839.922973632813,464.998596191406,1132.23034667969,606.008117675781,837.758605957031,580.901611328125,586.012512207031,1185.27868652344,712.485717773438
1411,918.558898925781,498.961303710938,981.011901855469,736.907836914063,799.275451660156,678.326965332031,718.035705566406,1077.91442871094,646.859191894531
1413,928.189758300781,517.219055175781,869.687561035156,821.958923339844,730.928039550781,794.877868652344,789.163513183594,1036.69104003906,486.537780761719
1415,813.0166015625,529.04248046875,788.633911132813,740.466552734375,647.842407226563,920.1396484375,840.613952636719,888.4248046875,345.774993896484
1417,627.388916015625,523.263916015625,713.347961425781,604.962219238281,536.289672851563,932.318786621094,864.439514160156,729.552978515625,245.916366577148
1419,481.141357421875,608.67236328125,664.057739257813,508.776397705078,457.721954345703,882.988464355469,870.666748046875,670.334411621094,229.614761352539
1421,442.217315673828,612.023803710938,637.147338867188,473.052825927734,427.364715576172,849.634887695313,848.727722167969,665.730895996094,238.476623535156
1423,381.342193603516,626.287963867188,571.072143554688,414.788299560547,388.816375732422,772.971130371094,821.766479492188,620.453857421875,229.988906860352
1425,341.80224609375,676.419738769531,533.230346679688,386.199005126953,376.273529052734,732.252075195313,807.136413574219,610.511413574219,229.694519042969
1427,306.859069824219,664.978881835938,512.994262695313,361.234741210938,366.995635986328,691.749267578125,794.933898925781,556.072631835938,252.239456176758
1429,266.421722412109,676.014099121094,466.359954833984,309.832916259766,345.00634765625,644.469909667969,774.311584472656,496.65185546875,265.404663085938
1431,252.551422119141,725.087036132813,445.363464355469,291.766204833984,336.859466552734,635.668395996094,759.843078613281,482.276947021484,296.197296142578
1433,251.683471679688,751.152160644531,443.587097167969,278.490112304688,335.359558105469,631.434387207031,752.173156738281,461.870422363281,321.523040771484
1435,225.002853393555,732.189758300781,417.144775390625,249.904083251953,332.229034423828,608.740539550781,739.781127929688,433.241394042969,323.158020019531
1437,228.07633972168,659.993469238281,413.613098144531,248.235260009766,331.868957519531,612.613952636719,725.953796386719,414.809265136719,371.295654296875
1439,250.422866821289,656.254821777344,435.595733642578,261.231628417969,329.664184570313,643.595397949219,727.390075683594,425.134826660156,418.197875976563
1441,250.999557495117,647.765991210938,443.912139892578,259.418212890625,327.348205566406,664.932006835938,740.68505859375,435.89892578125,457.222442626953
1443,251.253448486328,631.682556152344,442.867248535156,253.88037109375,324.907348632813,654.831848144531,732.769897460938,423.304748535156,491.950469970703
1445,239.587738037109,683.200439453125,426.621856689453,244.662384033203,326.192199707031,656.363891601563,719.80078125,416.078826904297,519.130737304688
1447,217.791244506836,697.930236816406,413.103149414063,233.632827758789,322.931945800781,652.149841308594,709.803100585938,385.821655273438,526.5205078125
1449,205.600646972656,661.49365234375,411.825225830078,221.023559570313,314.626647949219,627.726745605469,729.31298828125,372.930572509766,574.860412597656
1451,193.637451171875,625.736755371094,410.571197509766,208.649520874023,306.476318359375,603.75927734375,748.458984375,360.279937744141,622.298583984375
1453,181.895355224609,590.640747070313,409.340270996094,196.504165649414,298.4765625,580.234802246094,767.251098632813,347.863128662109,668.859985351563
1455,168.203155517578,546.474487304688,404.139343261719,186.112274169922,298.543823242188,574.771545410156,757.975830078125,356.667358398438,664.098510742188
1457,155.147521972656,492.587493896484,398.114318847656,184.72200012207,290.068817138672,546.776306152344,739.815368652344,345.316986083984,658.928161621094
1459,180.702178955078,477.056579589844,417.643493652344,192.394729614258,290.926940917969,569.094055175781,748.709899902344,388.740753173828,749.266723632813
1461,205.988143920898,449.685180664063,439.483459472656,206.312438964844,292.562896728516,586.230590820313,763.903137207031,388.141387939453,825.091552734375
1463,209.965286254883,410.156585693359,434.635711669922,210.312789916992,291.810913085938,577.3544921875,746.881164550781,378.736236572266,843.646667480469
1465,205.183227539063,388.823699951172,417.841522216797,202.046020507813,278.252532958984,558.675903320313,714.9638671875,387.346832275391,845.721862792969
1467,204.580154418945,362.697265625,415.943695068359,202.017288208008,263.661987304688,544.635009765625,693.345275878906,369.031677246094,844.058776855469
1469,189.819320678711,328.656433105469,393.736083984375,202.949340820313,254.445617675781,531.418151855469,663.400756835938,384.643127441406,806.915649414063
1471,167.277389526367,297.975311279297,353.272705078125,182.942947387695,240.170425415039,498.698272705078,621.943603515625,375.396881103516,756.904479980469
1473,135.74430847168,269.039703369141,310.261688232422,159.585311889648,213.779800415039,448.341400146484,567.330444335938,349.381805419922,700.3115234375
1475,112.478759765625,244.293151855469,276.194061279297,147.8876953125,188.78190612793,415.367828369141,525.677856445313,348.59033203125,646.046630859375
1477,103.697128295898,222.637435913086,237.04133605957,130.526214599609,176.811447143555,402.316925048828,492.817260742188,346.636566162109,580.912292480469
1479,95.0692596435547,215.111877441406,216.229873657227,127.414741516113,170.731811523438,395.626403808594,464.374267578125,368.048645019531,516.848327636719
1481,85.1141586303711,207.419387817383,203.823196411133,122.591484069824,163.041854858398,399.814483642578,438.065490722656,385.880676269531,448.152862548828
1483,82.6604156494141,192.117630004883,192.48063659668,120.105529785156,162.814056396484,404.151641845703,416.691162109375,381.612518310547,373.948822021484
1485,75.4014129638672,185.12272644043,181.772323608398,118.138259887695,165.962203979492,401.361755371094,395.859680175781,400.059356689453,311.322845458984
1487,70.6271896362305,169.301544189453,178.392333984375,113.831855773926,165.871566772461,396.523834228516,375.028350830078,401.669952392578,251.337142944336
1489,65.5103302001953,156.925262451172,177.857040405273,115.82438659668,165.893981933594,387.738647460938,357.128509521484,398.076477050781,199.50520324707
1491,67.6501312255859,155.599151611328,175.946762084961,123.693023681641,172.447052001953,409.419158935547,345.343139648438,425.060668945313,151.49250793457
1493,72.2946166992188,137.94987487793,181.450927734375,130.463455200195,181.640838623047,408.957550048828,339.128601074219,426.383453369141,124.751495361328
1495,70.1284332275391,130.030166625977,185.411865234375,131.179580688477,187.180557250977,394.121520996094,333.580749511719,420.133392333984,103.354270935059
1497,70.8310012817383,125.867797851563,187.532821655273,133.72135925293,188.410186767578,368.307983398438,325.743377685547,411.560791015625,86.5092010498047
1499,74.9234237670898,129.522933959961,189.939819335938,144.586029052734,200.676467895508,335.173461914063,337.062927246094,424.603240966797,81.1200866699219
1501,74.6095123291016,126.604568481445,195.073867797852,145.068298339844,214.050827026367,307.201538085938,336.630554199219,415.823974609375,76.2642669677734
1503,74.602165222168,118.111946105957,203.479354858398,144.903076171875,220.996383666992,284.530090332031,334.022064208984,405.712524414063,72.7429809570313
1505,75.0900192260742,117.35669708252,200.969085693359,140.967636108398,221.676696777344,271.580139160156,331.843322753906,390.262969970703,74.1006469726563
1507,67.4207916259766,115.168128967285,197.794952392578,143.480361938477,234.971801757813,249.810150146484,341.738525390625,358.311706542969,73.2299194335938
1509,66.9515686035156,113.791580200195,217.735900878906,154.308227539063,251.187805175781,237.004211425781,359.294372558594,333.512725830078,77.9335479736328
1511,83.9438552856445,125.17862701416,230.099182128906,154.740982055664,257.765563964844,240.079956054688,375.339477539063,327.807464599609,81.5213775634766
1513,90.9211730957031,127.761726379395,238.810211181641,161.618041992188,265.094207763672,254.711990356445,392.014373779297,336.314849853516,85.5518341064453
1515,82.833740234375,129.806411743164,242.420562744141,165.840454101563,270.677734375,259.12744140625,396.812225341797,317.484405517578,89.4875335693359
1517,98.0801544189453,132.451278686523,267.099700927734,165.616058349609,291.502380371094,275.424133300781,421.750549316406,344.141693115234,95.0163650512695
1519,109.895065307617,128.648788452148,277.383148193359,164.037445068359,303.535278320313,288.356292724609,438.827117919922,358.156005859375,99.4110488891602
1521,109.896255493164,131.571090698242,287.629516601563,175.772872924805,311.330139160156,301.74951171875,458.202026367188,342.933166503906,106.241554260254
1523,116.397300720215,141.055023193359,313.581481933594,195.8017578125,330.818359375,328.294189453125,489.9345703125,377.136596679688,114.386428833008
1525,126.667434692383,139.096282958984,342.233856201172,202.429702758789,349.197937011719,352.113555908203,520.908020019531,371.684906005859,116.815498352051
1527,135.668151855469,148.337188720703,360.847839355469,207.624481201172,355.635772705078,372.194580078125,539.610168457031,373.16162109375,122.953048706055
1529,145.936706542969,173.403915405273,392.438110351563,224.11848449707,364.461883544922,396.509613037109,574.418090820313,412.724395751953,148.973327636719
1531,152.535400390625,165.727157592773,413.338928222656,234.226104736328,370.113739013672,407.867156982422,594.333740234375,407.408020019531,162.034072875977
1533,163.501342773438,169.388092041016,434.748199462891,235.035614013672,384.938659667969,431.102508544922,612.839904785156,421.772644042969,165.101928710938
1535,187.020156860352,197.829940795898,470.215637207031,249.503875732422,398.172729492188,465.452270507813,658.525268554688,428.910980224609,187.931015014648
1537,191.65348815918,205.581481933594,477.455108642578,261.122314453125,391.646667480469,465.115600585938,665.4677734375,417.517822265625,191.524139404297
1539,173.42707824707,199.298706054688,473.470520019531,273.27978515625,400.165679931641,464.589416503906,680.358154296875,415.061370849609,187.377243041992
1541,171.563949584961,193.518905639648,471.877380371094,281.318817138672,414.210601806641,482.038818359375,717.902038574219,423.543334960938,190.946914672852
1543,184.92822265625,224.301254272461,507.367279052734,282.305511474609,414.377746582031,503.332122802734,742.116760253906,448.007232666016,201.752395629883
1545,255.30143737793,252.958038330078,632.106750488281,328.377502441406,442.468627929688,544.121704101563,794.304504394531,483.4208984375,256.104064941406
1547,318.626953125,257.716003417969,714.352233886719,372.808380126953,454.848114013672,599.598937988281,836.514282226563,537.530578613281,293.775665283203
1549,316.865539550781,274.174682617188,700.514404296875,363.335662841797,456.298187255859,610.67138671875,851.039855957031,552.917053222656,296.472625732422
1551,363.608123779297,290.988494873047,752.38671875,425.826934814453,466.305908203125,626.662170410156,873.2216796875,556.911010742188,324.036743164063
1553,350.961547851563,294.711944580078,755.628479003906,420.825317382813,470.341522216797,626.709411621094,876.90478515625,555.355102539063,316.620849609375
1555,347.191802978516,311.790649414063,750.021545410156,409.413940429688,478.285705566406,637.207153320313,880.243103027344,584.082580566406,318.739471435547
1557,314.372741699219,301.381225585938,707.272766113281,388.753173828125,463.291259765625,619.695556640625,869.274841308594,553.617004394531,304.397644042969
1559,311.508911132813,327.974914550781,716.132629394531,418.186248779297,470.632690429688,628.748840332031,896.529968261719,553.623779296875,307.791687011719
1561,491.815002441406,393.268035888672,906.275451660156,581.981262207031,536.555053710938,724.6044921875,940.410522460938,685.013061523438,410.195922851563
1563,526.744445800781,408.662811279297,929.611938476563,619.7119140625,564.0263671875,745.248229980469,951.812622070313,690.744323730469,431.381134033203
1565,609.10693359375,429.865356445313,958.511291503906,684.927490234375,579.401123046875,789.857055664063,949.217895507813,750.051208496094,407.171112060547
1567,660.6640625,450.128509521484,910.361633300781,686.527465820313,574.635070800781,830.051330566406,946.406188964844,772.19775390625,408.699371337891
1569,669.965942382813,443.658813476563,854.807556152344,637.663696289063,576.48486328125,840.481201171875,950.747375488281,816.069702148438,469.636596679688
1571,889.426086425781,458.729675292969,1039.30310058594,663.471008300781,553.945007324219,900.1533203125,931.861022949219,1018.99230957031,552.966674804688
1573,964.962951660156,451.563751220703,1169.74145507813,571.379333496094,516.870178222656,923.272644042969,952.257629394531,1093.79211425781,647.346801757813
1575,855.035278320313,426.492950439453,1098.30529785156,427.229553222656,494.057403564453,919.711486816406,986.6474609375,1045.11840820313,558.851135253906
1577,1023.80303955078,495.673950195313,1076.01794433594,372.260284423828,429.329162597656,927.304870605469,989.525939941406,1264.33569335938,500.574401855469
1579,1261.05810546875,619.637084960938,1006.57360839844,396.837585449219,516.896118164063,936.471618652344,974.7587890625,1578.10998535156,473.711639404297
1581,1334.02600097656,741.15234375,1013.19262695313,314.833557128906,591.513549804688,831.588989257813,1009.20129394531,1746.68713378906,584.574462890625
1583,1190.52807617188,856.896545410156,905.431274414063,277.851959228516,622.387634277344,753.686279296875,1054.26123046875,1969.14038085938,587.195129394531
1585,1003.54138183594,917.276306152344,1004.82824707031,477.891357421875,710.342407226563,650.568176269531,1041.41613769531,2063.11547851563,390.220825195313
1587,895.662780761719,861.845764160156,1295.39123535156,596.986511230469,762.211975097656,616.684509277344,1007.75579833984,1823.36499023438,332.581451416016
1589,775.066650390625,797.908142089844,1303.59448242188,465.750732421875,723.561889648438,612.901611328125,995.540100097656,1643.61669921875,338.29052734375
1591,689.79248046875,797.044738769531,1193.94482421875,402.851165771484,668.150329589844,639.090209960938,948.115112304688,1598.8642578125,466.004913330078
1593,703.773864746094,742.955871582031,1146.46655273438,434.717956542969,595.874694824219,660.49609375,893.893310546875,1545.59753417969,591.531982421875
1595,692.85693359375,607.040710449219,1048.78051757813,430.152770996094,526.294921875,671.393981933594,816.805847167969,1482.12341308594,550.873779296875
1597,622.404296875,506.192199707031,1034.02319335938,438.819061279297,463.223785400391,662.842590332031,730.014709472656,1456.71508789063,415.309356689453
1599,571.883422851563,480.421203613281,1060.04858398438,470.911651611328,423.161865234375,643.393676757813,679.300720214844,1414.94323730469,328.872375488281
1601,556.397033691406,442.802551269531,1062.11572265625,481.519073486328,397.350524902344,618.926086425781,620.273132324219,1338.45715332031,303.441711425781
1603,554.536926269531,423.961517333984,1051.74291992188,439.031768798828,354.944458007813,586.305419921875,565.351196289063,1263.83862304688,286.910919189453
1605,536.445678710938,385.8076171875,963.558044433594,400.272338867188,335.462036132813,550.3037109375,536.167114257813,1208.45617675781,246.460037231445
1607,494.524719238281,368.122741699219,865.46337890625,380.906097412109,338.869720458984,519.479370117188,506.731323242188,1125.421875,196.312652587891
1609,465.78466796875,380.529510498047,823.283935546875,351.087768554688,338.541229248047,489.390045166016,489.147247314453,1041.64331054688,173.973052978516
1611,441.251922607422,371.513061523438,775.770812988281,335.400543212891,325.720001220703,469.036499023438,462.064300537109,1005.67687988281,153.484191894531
1613,410.210968017578,366.442810058594,710.525390625,323.134857177734,326.533233642578,445.792449951172,449.178680419922,947.9248046875,133.667861938477
1615,364.660919189453,354.777496337891,647.371826171875,281.375061035156,345.809326171875,404.515747070313,453.075622558594,849.338623046875,123.830139160156
1617,331.799072265625,361.893676757813,620.878540039063,258.779632568359,337.171905517578,375.161956787109,432.900360107422,781.133178710938,109.568298339844
1619,331.56494140625,357.904479980469,609.3408203125,263.345184326172,320.285491943359,368.056549072266,415.195404052734,770.428588867188,106.746276855469
1621,311.415771484375,325.473236083984,557.341735839844,241.409866333008,329.583251953125,347.95263671875,411.506774902344,735.224365234375,107.401748657227
1623,283.948516845703,318.737762451172,541.00634765625,229.556671142578,333.274749755859,327.985229492188,403.445220947266,672.4736328125,98.3522033691406
1625,283.940185546875,311.784484863281,531.217529296875,236.969116210938,320.592010498047,323.710876464844,383.919250488281,670.171325683594,100.74836730957
1627,266.612884521484,285.457427978516,495.372589111328,221.650863647461,322.345672607422,310.717742919922,371.651550292969,636.905395507813,98.2793350219727
1629,273.183715820313,286.518829345703,500.809173583984,239.400939941406,297.249908447266,309.589477539063,358.410491943359,621.205322265625,92.7276916503906
1631,276.285217285156,280.451599121094,492.562591552734,238.696350097656,279.596160888672,311.946807861328,338.053771972656,628.153137207031,92.5301361083984
1633,256.77197265625,268.005584716797,456.134735107422,219.472473144531,284.965148925781,300.531951904297,324.750427246094,605.254028320313,90.8380661010742
1635,231.053421020508,256.362762451172,416.906372070313,178.427520751953,315.689117431641,279.2392578125,326.743469238281,535.629272460938,85.4293518066406
1637,234.871383666992,255.530136108398,411.9677734375,184.790618896484,291.997650146484,274.933502197266,306.183624267578,513.712341308594,92.5665054321289
1639,243.614349365234,274.470550537109,437.326446533203,212.842895507813,264.1796875,290.318603515625,286.988067626953,542.653747558594,100.459945678711
1641,255.768127441406,278.276580810547,442.646453857422,219.158752441406,260.016998291016,302.095855712891,275.705139160156,561.019165039063,108.023880004883
1643,254.45491027832,272.734985351563,428.250061035156,221.930511474609,252.236694335938,297.758361816406,267.843597412109,548.534790039063,105.098815917969
1645,240.800537109375,270.022247314453,407.192840576172,193.401306152344,266.876647949219,282.595642089844,266.5439453125,505.26611328125,103.993751525879
1647,243.909103393555,272.004608154297,389.892974853516,175.191864013672,280.338806152344,287.446990966797,261.258850097656,489.298461914063,100.729034423828
1649,257.501739501953,289.648742675781,413.710083007813,215.296630859375,249.926361083984,304.722473144531,258.785919189453,524.090087890625,109.123901367188
1651,252.519180297852,292.573516845703,416.483032226563,211.46418762207,250.389755249023,300.27392578125,260.189849853516,518.885803222656,111.148414611816
1653,262.153289794922,298.271850585938,418.952392578125,198.280059814453,268.959197998047,303.585540771484,262.423431396484,521.256103515625,102.535263061523
1655,288.845092773438,331.276214599609,492.467803955078,259.820526123047,241.498077392578,342.115203857422,257.355041503906,601.335083007813,128.662551879883
1657,317.473663330078,333.429504394531,540.4140625,290.595123291016,226.078094482422,363.512756347656,252.677261352539,656.541564941406,161.694381713867
1659,329.925872802734,344.096557617188,543.38525390625,320.057830810547,208.284973144531,371.430572509766,256.479034423828,697.850891113281,186.913116455078
1661,318.740020751953,346.353942871094,535.273071289063,311.0859375,214.580383300781,365.864929199219,265.477111816406,690.190185546875,191.334625244141
1663,325.164123535156,355.310852050781,553.67822265625,337.681030273438,218.643356323242,383.985870361328,269.409393310547,729.513122558594,201.297470092773
1665,332.047912597656,379.589019775391,583.332458496094,361.665283203125,211.553085327148,393.835723876953,278.170837402344,773.901123046875,188.681503295898
1667,309.958221435547,366.728759765625,564.809814453125,334.733306884766,211.343612670898,373.3828125,285.85498046875,745.321533203125,167.775238037109
1669,280.327606201172,359.429809570313,522.239807128906,305.890625,226.847076416016,362.207702636719,299.071746826172,715.588989257813,159.219619750977
1671,276.646087646484,387.092590332031,555.565368652344,331.696472167969,238.038955688477,376.167938232422,309.005004882813,749.72705078125,177.737213134766
1673,272.428741455078,374.084899902344,563.846557617188,351.044708251953,223.072494506836,379.361968994141,313.336212158203,765.326110839844,185.371932983398
1675,262.968505859375,386.837280273438,552.319885253906,346.693420410156,227.656036376953,380.403869628906,325.271911621094,786.947631835938,189.973846435547
1677,268.012603759766,388.286041259766,567.561584472656,375.2080078125,233.401916503906,391.591583251953,322.231262207031,832.46435546875,223.190216064453
1679,251.366271972656,380.263916015625,547.036254882813,372.967376708984,227.507415771484,387.267547607422,332.633697509766,819.173217773438,220.383361816406
1681,231.814178466797,377.161346435547,526.806701660156,349.824096679688,216.900924682617,371.516967773438,342.827423095703,800.634338378906,204.417327880859
1683,214.337554931641,348.603118896484,479.117340087891,296.258697509766,227.881301879883,342.185363769531,345.392181396484,733.069396972656,182.50407409668
1685,207.939712524414,351.564361572266,470.903839111328,304.940490722656,229.794097900391,335.547698974609,346.270477294922,738.197814941406,190.027923583984
1687,193.268737792969,345.559783935547,470.053131103516,298.124694824219,227.684524536133,327.436187744141,338.274719238281,732.981262207031,192.429992675781
1689,183.56706237793,324.396423339844,451.738708496094,297.839416503906,228.914947509766,317.397583007813,329.408813476563,712.796081542969,189.535339355469
1691,180.608856201172,317.65234375,443.998840332031,299.842132568359,220.24951171875,305.943176269531,322.897735595703,701.635131835938,193.274337768555
1693,170.811706542969,302.496276855469,414.953247070313,268.600341796875,220.32145690918,287.656219482422,313.916748046875,661.310363769531,184.2333984375
1695,153.954376220703,271.767272949219,368.244018554688,220.461212158203,242.600387573242,265.31005859375,313.444976806641,585.258911132813,150.877227783203
1697,144.833999633789,241.454437255859,335.106994628906,185.824600219727,259.130065917969,243.156219482422,310.825103759766,517.43701171875,128.820877075195
1699,141.579452514648,233.380264282227,323.518493652344,175.397705078125,271.419189453125,232.187713623047,309.498962402344,490.439636230469,120.920181274414
1701,149.085296630859,239.999206542969,339.599151611328,192.050231933594,273.114135742188,243.103057861328,312.108489990234,505.588745117188,129.619338989258
1703,147.789291381836,235.241149902344,345.633544921875,190.115814208984,276.018524169922,250.682235717773,310.997375488281,503.724334716797,133.986633300781
1705,150.610717773438,238.872680664063,353.454986572266,185.921966552734,281.846557617188,251.27294921875,311.934814453125,501.025970458984,139.113464355469
1707,162.689956665039,240.587112426758,373.682098388672,200.435791015625,275.852416992188,262.260620117188,308.018463134766,524.716064453125,156.312774658203
1709,168.371658325195,234.344024658203,380.372283935547,208.66096496582,274.722625732422,273.630340576172,305.764953613281,521.047241210938,163.12385559082
1711,172.996658325195,241.449722290039,383.80029296875,213.521331787109,266.668853759766,276.882019042969,299.519836425781,508.226593017578,169.849456787109
1713,165.90869140625,235.222610473633,367.105987548828,189.217407226563,279.494842529297,263.086486816406,294.456909179688,472.100463867188,152.549606323242
1715,158.158294677734,213.077667236328,338.700256347656,164.828201293945,292.106811523438,244.845672607422,287.8193359375,432.412567138672,130.148223876953
1717,153.571105957031,196.908126831055,316.966125488281,151.89680480957,296.68896484375,229.360900878906,284.779479980469,389.837310791016,117.880157470703
1719,149.687881469727,208.214462280273,331.209930419922,149.853713989258,270.470367431641,229.392776489258,271.995422363281,383.015991210938,124.304252624512
1721,148.407012939453,211.575775146484,317.171752929688,148.606643676758,254.301422119141,218.733825683594,256.733123779297,370.647186279297,122.934555053711
1723,147.310317993164,190.615753173828,299.051910400391,137.080596923828,248.715225219727,206.141174316406,248.279220581055,349.656768798828,117.628364562988
1725,142.664291381836,183.652374267578,286.768920898438,131.779190063477,239.496429443359,195.421508789063,243.69987487793,330.006744384766,108.033180236816
1727,135.629898071289,180.836608886719,268.005035400391,123.846138000488,229.966705322266,181.213409423828,236.862762451172,304.930267333984,104.358894348145
1729,126.858200073242,160.930908203125,245.123260498047,112.239212036133,230.522048950195,167.02604675293,231.731475830078,279.603210449219,91.7433471679688
1731,118.412727355957,146.200164794922,220.279663085938,107.303497314453,229.774719238281,153.345825195313,227.103012084961,256.326721191406,80.2820053100586
1733,110.978401184082,134.193710327148,202.025390625,103.842315673828,231.276473999023,140.932403564453,227.839294433594,232.749465942383,75.7004318237305
1735,102.670051574707,131.017150878906,195.242294311523,97.5143814086914,224.563507080078,129.688049316406,230.835647583008,218.861190795898,70.9675598144531
1737,99.4589157104492,137.022659301758,182.809509277344,89.8597106933594,216.49250793457,120.786407470703,226.868377685547,210.950866699219,68.1752319335938
1739,98.5032119750977,122.034294128418,176.700942993164,89.4396743774414,212.149749755859,113.107574462891,219.184707641602,200.715744018555,67.4990615844727
1741,95.0016708374023,113.437164306641,168.131637573242,89.5778656005859,205.299591064453,106.801948547363,215.779434204102,189.8037109375,64.302116394043
1743,91.169921875,117.455596923828,157.686874389648,84.6533279418945,196.595748901367,101.227958679199,211.887786865234,180.413833618164,60.3912963867188
1745,88.2715072631836,105.351089477539,149.257766723633,82.4009094238281,185.608993530273,93.9250793457031,203.362548828125,169.183410644531,55.1654930114746
1747,82.8386611938477,102.152976989746,139.913436889648,78.4539489746094,177.067367553711,87.7972183227539,197.631286621094,154.230758666992,50.2382469177246
1749,74.4365158081055,97.5154190063477,130.520141601563,78.0273971557617,167.045425415039,84.1743316650391,188.887390136719,143.917678833008,49.0956230163574
1751,69.0973663330078,98.224006652832,123.296226501465,78.5917510986328,159.591949462891,82.116096496582,181.356857299805,139.240081787109,46.2253494262695
1753,65.1484603881836,97.8199234008789,117.039070129395,73.4461135864258,151.68701171875,79.6507110595703,176.368560791016,136.387252807617,45.3009757995605
1755,58.9595794677734,85.884391784668,111.982330322266,75.8113861083984,143.587646484375,76.3463287353516,171.455749511719,131.419815063477,45.8627166748047
1757,55.0220985412598,83.8355484008789,106.218284606934,76.4760284423828,142.128707885742,75.7027893066406,169.633605957031,126.9697265625,42.365852355957
1759,53.1386413574219,81.4207305908203,102.669288635254,72.6649627685547,142.67561340332,73.7538528442383,167.092208862305,125.577995300293,40.527717590332
1761,49.9724082946777,73.2484741210938,98.4224319458008,73.6299819946289,137.284225463867,70.962043762207,164.981826782227,124.782241821289,40.8034782409668
1763,47.7722244262695,71.0156860351563,94.2179794311523,73.6657104492188,131.652435302734,70.2044296264648,161.907104492188,123.271560668945,39.3043174743652
1765,45.2566261291504,67.4177017211914,90.6584701538086,73.5322265625,129.107269287109,69.6333770751953,157.500991821289,123.73412322998,37.9824562072754
1767,42.1370391845703,66.3788604736328,85.2133636474609,71.167366027832,124.936424255371,67.5449371337891,152.624298095703,120.364151000977,35.3835906982422
1769,39.940013885498,59.7046737670898,80.5760726928711,71.2547378540039,119.97730255127,64.3322372436523,147.770568847656,115.027519226074,32.8581695556641
1771,36.9153709411621,55.2824554443359,76.8446044921875,70.8733825683594,121.203010559082,64.2502670288086,138.908996582031,109.996696472168,31.1502990722656
1773,36.4147300720215,60.9984931945801,73.9345626831055,69.286018371582,122.766052246094,64.8637542724609,130.297103881836,103.959716796875,30.2865867614746
1775,35.8831062316895,57.8057975769043,70.1124267578125,68.6511688232422,119.426620483398,60.3628807067871,118.639213562012,101.204406738281,30.2213897705078
1777,34.2966537475586,56.6163902282715,69.1458511352539,68.3686828613281,116.723945617676,56.3917465209961,110.271339416504,98.9308624267578,27.0797748565674
1779,33.1432228088379,56.5617828369141,66.0382232666016,65.2184448242188,111.275650024414,54.491397857666,104.258544921875,94.1109313964844,26.4923286437988
1781,31.3556098937988,51.0046539306641,61.0761413574219,61.7352867126465,103.66145324707,52.2096138000488,94.677131652832,89.0013732910156,26.0213985443115
1783,30.0635108947754,50.2896499633789,58.9537048339844,58.7259559631348,98.2446365356445,50.8734893798828,87.7566375732422,85.1552429199219,22.0215148925781
1785,28.3056964874268,46.3476295471191,58.3352241516113,56.4668159484863,95.1846084594727,49.2706260681152,80.0331954956055,81.5624237060547,18.7438163757324
1787,26.3977565765381,40.2407684326172,56.4781265258789,52.4206619262695,91.8871078491211,47.0064811706543,71.5404663085938,77.5497131347656,16.2254810333252
1789,23.7670803070068,36.4590339660645,52.3100891113281,47.5352363586426,88.6140518188477,44.5829010009766,65.341552734375,69.9612045288086,14.0751638412476
1791,20.0935497283936,31.4377899169922,46.9162712097168,41.8574523925781,85.0769119262695,39.3831520080566,58.1383247375488,62.82861328125,14.1043434143066
1793,19.1328792572021,30.887321472168,41.951847076416,38.3427543640137,80.6422805786133,33.9529800415039,53.8455924987793,56.3685073852539,16.8810157775879
1795,20.1211376190186,28.0284023284912,40.3297119140625,35.459644317627,75.3620529174805,33.0972137451172,48.1441192626953,51.5968360900879,16.8679370880127
1797,17.8682727813721,26.7250576019287,38.5748863220215,32.563606262207,69.0197143554688,31.4822292327881,43.4776420593262,48.3356781005859,13.0941038131714
1799,16.3377323150635,26.8688468933105,37.5267944335938,27.1230888366699,66.3212509155273,25.0630340576172,42.0717086791992,42.5661392211914,9.61270999908447
2687,15.2878360748291,24.6330471038818,36.0823097229004,24.3397903442383,60.5213508605957,22.911226272583,38.1576728820801,38.7497596740723,9.20493412017822
2689,13.3331499099731,20.4704647064209,33.3929748535156,19.1578731536865,49.7231597900391,18.9050102233887,30.870548248291,31.6444625854492,8.44574165344238
2691,8.41850280761719,10.0045194625854,26.631217956543,6.12903451919556,22.573371887207,8.83222484588623,12.5486173629761,13.7796859741211,6.53691148757935
2693,7.85740089416504,12.8992490768433,28.1464328765869,6.18556833267212,17.5149307250977,8.03304672241211,10.3688011169434,12.2005710601807,8.68756294250488
2695,8.0017147064209,8.85441398620605,33.5320320129395,2.27297425270081,21.7761554718018,8.71890354156494,13.7569141387939,12.4623937606812,12.5452070236206
2697,8.05298328399658,14.5166988372803,36.0460357666016,1.33115017414093,22.3805904388428,14.9412536621094,18.8303623199463,10.0726890563965,6.59555339813232
2699,7.93203639984131,11.7874155044556,31.6993846893311,5.99635553359985,24.0877113342285,15.8224849700928,20.9201984405518,14.6038885116577,10.5296154022217
2701,7.66913652420044,11.4001741409302,30.7118320465088,10.5868434906006,25.1039485931396,15.0593109130859,22.6173896789551,18.7446365356445,9.08886432647705
2703,6.86988639831543,10.8675355911255,35.3092422485352,9.38909721374512,31.9225330352783,17.0504474639893,21.071907043457,18.6610546112061,10.1635646820068
2705,9.82377338409424,9.40114784240723,34.0823936462402,9.61098480224609,28.4628868103027,18.3299121856689,16.2800598144531,23.7320728302002,15.5317230224609
2707,6.50311851501465,7.18256330490112,36.3568420410156,7.8183536529541,27.4457950592041,14.6089000701904,18.5172061920166,25.0290641784668,14.2019910812378
2709,7.7548623085022,9.11060523986816,39.345630645752,9.78111362457275,27.8105869293213,11.1366567611694,15.5871715545654,23.5867481231689,12.2492265701294
2711,8.56665897369385,9.98040866851807,40.0322875976563,12.6826028823853,29.9486312866211,12.6231641769409,15.5193796157837,22.3279132843018,10.5477714538574
2713,9.84386348724365,13.1641626358032,38.8566932678223,15.2844934463501,31.8348197937012,13.5300893783569,17.762544631958,23.6109504699707,11.7577419281006
2715,12.4265966415405,16.7949371337891,37.4580993652344,12.9226875305176,30.7525844573975,12.8524761199951,20.3951530456543,27.840576171875,12.9226570129395
2717,13.567063331604,14.1418724060059,39.4003715515137,12.8277950286865,31.8531055450439,12.056468963623,26.3076591491699,26.5684833526611,13.1323347091675
2719,14.8609228134155,15.1009635925293,40.8195114135742,10.6225891113281,30.7099304199219,15.1089782714844,28.3637809753418,28.3444004058838,11.3788032531738
2721,15.3900737762451,18.7916049957275,42.7885589599609,10.6322202682495,28.8416328430176,14.5174016952515,25.9253311157227,29.5174694061279,12.947452545166
2723,14.3363695144653,17.4561214447021,41.943962097168,11.1849918365479,30.29248046875,14.8065738677979,24.5235061645508,30.7151470184326,12.5598678588867
2725,13.3301229476929,17.3579616546631,43.5253410339355,13.1983804702759,31.5717372894287,15.7111158370972,23.4598941802979,28.8720703125,14.4616413116455
2727,12.2128429412842,17.3634395599365,46.8044967651367,10.8382482528687,31.7865467071533,16.5733108520508,23.5290603637695,28.3830184936523,18.4161968231201
2729,13.5611619949341,16.9946479797363,47.8343925476074,10.6590023040771,33.1534729003906,17.5840244293213,24.57639503479,27.8036670684814,17.1313934326172
2731,13.7567691802979,19.0645275115967,47.5940361022949,11.9636325836182,33.1785697937012,17.7028026580811,24.6172389984131,26.7475185394287,14.3690309524536
2733,15.1737947463989,17.0469284057617,45.9441337585449,13.7529964447021,32.6984672546387,19.7144927978516,25.9630908966064,27.9510192871094,13.2718381881714
2735,16.6631507873535,18.8704700469971,45.8885078430176,13.9329977035522,31.9264736175537,18.9333744049072,23.8910694122314,27.7155723571777,14.048864364624
2737,15.2711877822876,17.7945346832275,46.4236297607422,14.9075880050659,33.0257682800293,17.1102848052979,24.7939014434814,28.4230899810791,15.5277795791626
2739,14.6267147064209,17.3122749328613,45.6857757568359,14.9824705123901,31.8431949615479,17.9346408843994,24.2623920440674,29.3638668060303,16.2787780761719
2741,14.4728746414185,17.5917282104492,45.5305938720703,13.2988014221191,32.3883781433105,18.2345333099365,23.6570301055908,26.3556842803955,13.7292938232422
2743,14.5816135406494,17.8545589447021,45.5474472045898,12.7802762985229,34.687141418457,16.8453102111816,24.2089176177979,24.5637073516846,14.1078052520752
2745,14.882098197937,18.9654312133789,45.5654335021973,11.6260080337524,34.411304473877,17.9294509887695,24.3268299102783,25.2168712615967,14.5361976623535
2747,14.4897012710571,18.760217666626,45.640064239502,12.5389986038208,33.7483787536621,17.2955493927002,24.3284301757813,27.5964317321777,14.363226890564
2749,14.1325283050537,19.5372161865234,44.4040222167969,13.5677795410156,34.2688865661621,17.4730491638184,23.7599296569824,29.67578125,13.6847772598267
2751,15.5886249542236,20.2231712341309,45.6532707214355,12.5772800445557,35.337345123291,18.3491878509521,22.8540496826172,30.4130859375,13.5313787460327
2753,15.6566047668457,19.5112838745117,47.1960029602051,13.6123189926147,35.4931526184082,18.6852531433105,22.6014366149902,30.4429912567139,13.5789966583252
2755,15.8313856124878,19.8887233734131,46.8645133972168,14.5171413421631,35.6116981506348,19.2755928039551,22.8004760742188,29.85768699646,15.7216911315918
2757,15.8073272705078,21.5977687835693,47.3906059265137,14.1102533340454,38.4841423034668,19.6479187011719,22.584903717041,30.065299987793,15.2733573913574
2759,16.5567226409912,20.952600479126,47.4470138549805,15.031307220459,38.1272850036621,18.9968528747559,23.2443180084229,30.388355255127,13.1920623779297
2761,16.2721004486084,22.5949478149414,48.617073059082,14.9425897598267,37.8239936828613,19.8215961456299,22.330171585083,30.0297756195068,14.4703464508057
2763,15.8820791244507,21.9388561248779,49.0497436523438,14.8271493911743,37.8024978637695,20.4423828125,23.2729835510254,29.3852233886719,15.167106628418
2765,16.8839683532715,21.4123229980469,49.1109390258789,14.5399961471558,37.5537986755371,19.5295505523682,24.8159561157227,29.8976745605469,15.7007551193237
2767,17.0537910461426,22.8867511749268,50.5630187988281,13.9081678390503,37.5365142822266,20.152437210083,25.3714294433594,29.8208904266357,15.990270614624
2769,16.7313079833984,25.0644836425781,51.3980140686035,13.884744644165,38.1564254760742,20.6062088012695,24.7517585754395,30.9614791870117,15.0525178909302
2771,16.8149433135986,24.7420291900635,51.3942832946777,14.7703943252563,37.9822845458984,20.6954669952393,23.6062278747559,33.2149085998535,16.5288543701172
2773,17.3513774871826,23.3066883087158,52.1324081420898,15.2170085906982,38.2535591125488,20.9136447906494,25.5820789337158,33.7879905700684,16.2408008575439
2775,17.6391181945801,22.6189117431641,53.6597785949707,15.2930974960327,38.5534591674805,21.3631858825684,26.9377403259277,35.4298248291016,15.8352746963501
2777,18.1284160614014,24.2336883544922,55.5080451965332,15.568675994873,40.3656234741211,21.4062442779541,26.7089195251465,37.0873222351074,16.9019947052002
2779,18.567455291748,23.6181373596191,55.8703689575195,17.1824684143066,40.6329956054688,21.9557189941406,27.6991558074951,38.1905364990234,17.646800994873
2781,18.5299243927002,23.4225959777832,57.6936569213867,18.8874702453613,41.8135261535645,22.9867858886719,29.1946773529053,40.1693382263184,18.6965847015381
2783,19.4867153167725,26.3622455596924,60.1513938903809,18.8192462921143,42.5585403442383,23.4248313903809,29.5972785949707,41.6238899230957,18.5512008666992
2785,20.4257869720459,27.3017768859863,60.7270088195801,18.5288314819336,43.9690933227539,23.4749526977539,30.2763977050781,43.7844886779785,19.492467880249
2787,21.1881408691406,27.4403953552246,62.0705909729004,19.1127948760986,45.8799209594727,24.115062713623,31.0584239959717,45.328296661377,21.6644382476807
2789,22.3652038574219,26.7983722686768,65.6184310913086,20.0690155029297,46.9464225769043,24.1125297546387,32.7666969299316,47.3543891906738,22.0001239776611
2791,22.9353523254395,28.2322673797607,66.9448165893555,21.9921436309814,48.5731544494629,24.8795356750488,33.6784439086914,49.8415451049805,21.9928646087646
2793,23.8726367950439,30.9961471557617,68.8821105957031,22.1290187835693,49.7509078979492,26.7021884918213,33.9112091064453,50.9669799804688,23.6515140533447
2795,26.0098495483398,30.7749652862549,70.6809921264648,22.7309379577637,49.5676078796387,27.9701461791992,35.5602378845215,51.7697143554688,25.4632873535156
2797,27.2246322631836,32.688045501709,72.754280090332,24.974063873291,50.7914695739746,28.9516773223877,35.9416694641113,52.2546844482422,25.9439697265625
2799,27.5110034942627,33.8858184814453,75.2197799682617,25.6624507904053,52.0695915222168,29.9147701263428,38.3368759155273,56.0220947265625,27.748119354248
2801,28.4792499542236,35.4260177612305,78.7990646362305,26.475606918335,53.633861541748,31.3129024505615,39.3575172424316,59.0141716003418,29.7362384796143
2803,30.7735328674316,39.2737693786621,82.5396957397461,27.5594596862793,55.2108917236328,32.3741226196289,40.6832885742188,60.0591506958008,29.4234771728516
2805,32.7798309326172,37.6458778381348,88.557502746582,29.5171451568604,56.6096267700195,34.4910583496094,43.8133926391602,61.5711479187012,30.5044116973877
2807,34.1469192504883,40.293815612793,93.0333023071289,31.4325675964355,59.7697601318359,36.2009048461914,45.4983062744141,65.4755172729492,31.9714946746826
2809,36.5211563110352,45.9854316711426,97.3427886962891,32.6057662963867,63.574634552002,38.8499908447266,45.0361442565918,69.6292114257813,34.9840354919434
2811,39.038387298584,46.5901298522949,102.973098754883,35.636604309082,66.2453689575195,41.9918899536133,48.7158584594727,73.558723449707,38.3476791381836
2813,41.9225959777832,48.8247337341309,108.948638916016,38.3002243041992,68.4661407470703,44.761791229248,51.0436592102051,76.9662322998047,37.4552459716797
2815,44.7785835266113,51.4153175354004,116.216377258301,39.7685737609863,74.3256530761719,47.4712257385254,53.6899795532227,82.0146331787109,40.7349128723145
2817,48.3532295227051,58.10107421875,123.712829589844,42.4728164672852,79.082145690918,51.2717399597168,56.1000442504883,88.8094711303711,47.1141662597656
2819,51.1998405456543,61.0061416625977,134.122024536133,45.4898452758789,82.7935409545898,54.7893295288086,59.5274887084961,93.6454849243164,50.3809585571289
2821,54.5902214050293,60.2407073974609,148.392913818359,50.2402153015137,89.3669204711914,59.315013885498,64.4047775268555,104.195930480957,55.5669593811035
2823,60.3735160827637,71.7596817016602,160.095199584961,52.9333877563477,96.6692428588867,63.6680908203125,67.0226669311523,115.897483825684,58.3145217895508
2825,66.2182922363281,80.2566146850586,174.162185668945,55.9652366638184,104.066017150879,68.1329727172852,70.0403137207031,119.323112487793,66.3943634033203
2827,71.4125823974609,80.1977310180664,192.060424804688,63.4631576538086,111.729080200195,75.5323715209961,76.0328903198242,127.601264953613,76.3092346191406
2829,77.5153350830078,87.9200439453125,212.002258300781,68.4497146606445,119.461029052734,82.7642974853516,79.4547119140625,144.638122558594,79.4906311035156
2831,83.871467590332,97.1252059936523,234.153533935547,71.2206497192383,131.527404785156,89.0416107177734,88.326301574707,157.797943115234,88.9585800170898
2833,90.4088973999023,106.872741699219,257.017761230469,82.4595565795898,143.934432983398,99.2842788696289,98.7670516967773,176.018096923828,95.3047714233398
2835,99.5334701538086,107.662155151367,288.098571777344,92.6721496582031,152.776306152344,110.249221801758,108.085380554199,198.934219360352,104.531265258789
2837,110.331031799316,118.587478637695,324.632171630859,102.103515625,168.645172119141,122.146987915039,123.187538146973,228.491439819336,118.289085388184
2839,124.660888671875,140.231872558594,367.617889404297,117.364349365234,189.082260131836,136.672744750977,141.678009033203,265.800140380859,129.052703857422
2841,139.990219116211,151.937133789063,419.574523925781,134.304489135742,205.130264282227,159.515396118164,162.828750610352,309.823181152344,151.972473144531
2843,162.611587524414,171.820220947266,487.372741699219,155.732238769531,230.694396972656,185.443862915039,189.129348754883,376.265014648438,175.057113647461
2845,185.710494995117,202.107482910156,557.664916992188,177.612426757813,255.257354736328,208.491546630859,219.034072875977,448.883728027344,197.830413818359
2847,209.160751342773,227.246597290039,631.581970214844,205.47737121582,277.856872558594,237.667938232422,248.966934204102,519.166259765625,237.713943481445
2849,235.987121582031,267.801544189453,722.94384765625,233.041320800781,307.502807617188,265.862762451172,279.177520751953,606.2333984375,268.763244628906
2851,269.174194335938,300.195434570313,783.447631835938,253.049987792969,323.154296875,289.190032958984,309.195129394531,691.433776855469,314.761932373047
2853,288.391326904297,315.698333740234,830.134338378906,280.093597412109,338.666381835938,308.518737792969,337.804626464844,746.513793945313,341.734649658203
2855,294.142547607422,343.790832519531,870.728332519531,285.847686767578,352.127899169922,318.510223388672,352.247619628906,776.763244628906,341.867736816406
2857,301.854034423828,330.485473632813,889.069152832031,284.929229736328,353.271911621094,320.162872314453,349.775390625,774.2509765625,371.467163085938
2859,293.130920410156,332.402252197266,898.827758789063,280.764068603516,347.176849365234,312.902069091797,353.364227294922,754.178833007813,377.330688476563
2861,283.170654296875,329.808013916016,911.073486328125,277.224700927734,343.496185302734,309.808349609375,349.851135253906,736.739501953125,362.757934570313
2863,273.064575195313,313.501800537109,927.817932128906,275.935913085938,339.493011474609,308.397674560547,334.378387451172,703.100891113281,354.536651611328
2865,263.762542724609,318.312225341797,943.872863769531,264.976440429688,337.215301513672,297.576202392578,328.004913330078,681.533630371094,352.700622558594
2867,256.148101806641,289.115997314453,930.835266113281,255.000854492188,335.304626464844,289.970031738281,318.140350341797,654.968017578125,357.734893798828
2869,243.182220458984,284.952697753906,911.858093261719,251.355163574219,325.774383544922,287.945831298828,312.323852539063,629.346557617188,336.440124511719
2871,233.011291503906,280.891448974609,885.288146972656,244.514923095703,318.882049560547,279.241394042969,303.911651611328,614.660217285156,310.377410888672
2873,223.455612182617,254.425003051758,850.945617675781,239.483734130859,317.631408691406,265.5732421875,292.298309326172,577.963806152344,309.335723876953
2875,205.804656982422,246.696014404297,801.299926757813,221.024856567383,303.163848876953,251.644485473633,286.741760253906,543.0166015625,280.883819580078
2877,199.596939086914,224.499938964844,751.809326171875,208.729248046875,287.607025146484,244.088684082031,271.901123046875,517.3359375,258.037872314453
2879,192.366439819336,220.050262451172,724.691833496094,211.069213867188,282.311370849609,236.714004516602,262.200469970703,488.463439941406,247.064880371094
2881,185.462753295898,219.645751953125,695.294677734375,201.125259399414,279.689544677734,231.334732055664,258.799102783203,480.581817626953,241.147689819336
2883,184.366149902344,201.59944152832,670.744445800781,199.390090942383,270.902008056641,229.310455322266,255.64372253418,481.002227783203,245.714477539063
2885,194.046737670898,211.927886962891,666.394592285156,204.747894287109,270.647125244141,228.815643310547,256.23291015625,485.466766357422,242.282867431641
2887,194.183059692383,216.803344726563,670.857177734375,208.143005371094,277.931762695313,231.449554443359,257.532073974609,494.480285644531,247.527450561523
2889,191.667343139648,213.564971923828,677.355224609375,213.541030883789,275.099365234375,233.761337280273,267.736602783203,500.342498779297,256.649078369141
2891,198.288955688477,222.105606079102,694.500610351563,215.358612060547,280.401550292969,236.785537719727,268.2001953125,520.91259765625,263.336334228516
2893,205.265243530273,224.428100585938,726.983093261719,227.119384765625,289.356750488281,245.733261108398,272.659484863281,540.4716796875,271.878692626953
2895,207.123733520508,238.86474609375,768.061157226563,238.649276733398,293.943603515625,254.915496826172,295.702270507813,563.986389160156,279.357330322266
2897,214.080947875977,240.584060668945,822.494140625,241.620391845703,304.031372070313,261.630340576172,300.858367919922,594.0693359375,302.139343261719
2899,220.748611450195,246.717880249023,862.848876953125,255.452362060547,314.888519287109,271.810729980469,312.723663330078,615.824584960938,317.331085205078
2901,230.049789428711,268.54736328125,905.311157226563,271.957336425781,325.852783203125,284.769256591797,339.666320800781,652.093078613281,305.139831542969
2903,238.080993652344,278.923309326172,971.386657714844,285.902893066406,339.258117675781,297.351928710938,344.733337402344,692.740478515625,323.643615722656
2905,256.534881591797,303.560974121094,1030.90490722656,303.422149658203,359.575317382813,313.126190185547,364.493469238281,741.248107910156,350.583862304688
2907,272.4306640625,315.369354248047,1091.00427246094,317.150573730469,387.352783203125,336.511627197266,391.387634277344,805.914428710938,355.804046630859
2909,299.454986572266,336.812225341797,1157.50915527344,344.322387695313,405.427795410156,359.987609863281,408.12060546875,867.615173339844,382.560211181641
2911,325.081359863281,371.267425537109,1212.29626464844,372.623718261719,431.237243652344,383.28662109375,443.791351318359,952.909240722656,410.005493164063
2913,348.465942382813,388.699249267578,1266.1767578125,394.636993408203,464.969055175781,408.027191162109,479.632598876953,1043.66821289063,450.533905029297
2915,390.306060791016,423.067901611328,1297.70910644531,427.041015625,492.558715820313,440.36474609375,505.216003417969,1125.7236328125,475.529357910156
2917,416.955749511719,448.546966552734,1338.22729492188,453.384399414063,524.261169433594,477.325958251953,547.313781738281,1226.64868164063,500.826721191406
2919,453.766357421875,483.922821044922,1388.21496582031,487.605224609375,557.675354003906,507.849090576172,589.776611328125,1332.97094726563,560.881286621094
2921,490.131622314453,519.499328613281,1447.51831054688,524.492553710938,585.451721191406,528.443420410156,619.47119140625,1421.69494628906,580.856079101563
2923,511.546447753906,532.447631835938,1491.82775878906,534.951843261719,613.542358398438,555.166748046875,650.396057128906,1509.83447265625,597.578796386719
2925,543.453308105469,552.063415527344,1535.07336425781,563.770385742188,643.060913085938,579.404479980469,678.142944335938,1567.57263183594,641.132568359375
2927,543.386352539063,556.244201660156,1561.18408203125,572.889770507813,656.404357910156,591.167846679688,701.481201171875,1580.12414550781,662.739685058594
2929,544.6787109375,530.624938964844,1563.99951171875,575.943298339844,672.059936523438,589.571044921875,704.328125,1572.21850585938,669.609436035156
2931,531.587585449219,518.723449707031,1537.84484863281,581.008728027344,662.038452148438,584.719482421875,685.821350097656,1517.50939941406,628.341979980469
2933,499.497711181641,503.475280761719,1470.27087402344,558.289916992188,652.035766601563,564.967224121094,685.986877441406,1446.93139648438,588.751525878906
2935,473.290985107422,468.401245117188,1406.6328125,548.125366210938,651.625122070313,538.931640625,655.054016113281,1363.482421875,548.590881347656
2937,439.093170166016,448.427398681641,1341.189453125,525.444091796875,628.015502929688,522.801086425781,614.880981445313,1280.705078125,490.409484863281
2939,413.116302490234,423.318572998047,1245.55700683594,497.522827148438,598.538269042969,494.610198974609,583.389892578125,1206.5224609375,468.155975341797
2941,388.295928955078,402.928405761719,1145.68078613281,472.040405273438,600.890686035156,461.147766113281,548.311157226563,1118.91674804688,449.476867675781
2943,362.265014648438,378.9638671875,1069.18530273438,453.225250244141,586.934448242188,447.084167480469,525.219116210938,1057.7958984375,416.154266357422
2945,340.099884033203,360.821472167969,988.832885742188,435.254089355469,544.93359375,423.333404541016,478.324066162109,988.521301269531,394.130462646484
2947,324.270843505859,354.467681884766,914.045043945313,422.99267578125,543.618347167969,402.853179931641,457.072570800781,930.754211425781,372.19091796875
2949,312.768463134766,325.547668457031,845.094482421875,409.921844482422,544.245849609375,398.685302734375,447.860961914063,890.802978515625,354.791748046875
2951,301.094635009766,335.698333740234,818.474731445313,397.055847167969,526.491455078125,395.116149902344,418.418518066406,845.336791992188,339.189422607422
2953,289.920166015625,326.536193847656,778.238891601563,375.906341552734,505.690795898438,379.586517333984,397.743438720703,808.320190429688,322.610900878906
2955,280.706237792969,289.569213867188,738.592895507813,364.760070800781,497.798156738281,364.451446533203,384.006378173828,778.380249023438,327.568756103516
2957,271.287994384766,293.184967041016,725.637756347656,356.430480957031,493.146453857422,352.6357421875,363.637420654297,738.811584472656,309.006378173828
2959,259.388397216797,284.177886962891,706.7763671875,336.716369628906,476.701538085938,335.146606445313,347.369354248047,692.704956054688,301.429290771484
2961,242.99382019043,261.904998779297,683.032531738281,315.089233398438,456.878631591797,320.492950439453,314.622497558594,646.481079101563,290.907043457031
2963,234.149017333984,260.534851074219,653.577453613281,300.084686279297,439.900909423828,307.268646240234,302.546752929688,612.759887695313,270.447601318359
2965,225.713195800781,256.166381835938,640.751159667969,288.856475830078,431.551177978516,296.737091064453,288.474792480469,578.340881347656,257.701904296875
2967,211.041015625,254.631698608398,619.936462402344,268.823272705078,417.492431640625,277.828216552734,267.547180175781,529.216918945313,235.944351196289
2969,198.093658447266,233.445404052734,591.677734375,255.946319580078,394.2890625,264.207458496094,260.762786865234,495.005249023438,236.515975952148
2971,189.544204711914,218.191528320313,563.212585449219,234.604110717773,378.432220458984,254.378952026367,235.427032470703,461.380981445313,216.681671142578
2973,176.667755126953,220.359909057617,529.706298828125,221.090621948242,366.90185546875,237.207855224609,225.478134155273,428.690063476563,197.937835693359
2975,154.210952758789,208.089874267578,490.194702148438,210.887496948242,338.190185546875,220.809677124023,215.669387817383,398.152191162109,199.148513793945
2977,135.726989746094,189.114562988281,447.503479003906,187.018997192383,310.268585205078,210.212799072266,189.747161865234,350.445404052734,183.005935668945
2979,129.710327148438,164.108444213867,387.314331054688,157.516326904297,284.267639160156,182.174087524414,153.463516235352,308.719635009766,163.188262939453
2981,119.568771362305,144.259231567383,365.267608642578,149.009429931641,272.236572265625,178.775924682617,144.851943969727,284.346618652344,155.753341674805
2983,106.299797058105,151.138381958008,352.874877929688,140.355285644531,274.213836669922,177.924423217773,153.670257568359,274.044921875,142.243133544922
2985,100.85555267334,120.676162719727,330.610260009766,136.540664672852,254.249160766602,155.228286743164,158.406311035156,241.997207641602,121.781768798828
2987,89.9893035888672,99.645263671875,291.586517333984,94.4779815673828,197.215484619141,140.63166809082,135.907775878906,217.760116577148,98.8704071044922
2989,57.7059860229492,109.017456054688,263.368133544922,64.535530090332,152.226852416992,107.305099487305,96.9173126220703,192.758056640625,88.2543411254883
2991,35.7416801452637,72.8928833007813,259.165802001953,23.8778495788574,144.848007202148,63.5622253417969,93.4132690429688,120.619621276855,123.273132324219
2993,36.7969245910645,8.04123115539551,157.191787719727,-37.6913604736328,101.349411010742,-5.97822904586792,31.4909820556641,69.2379989624023,144.568176269531
