X value [cm⁻¹],IR Spectrum 2/O-PTIR (mV) [],IR Spectrum 3/O-PTIR (mV) [],IR Spectrum 4/O-PTIR (mV) [],IR Spectrum 5/O-PTIR (mV) [],IR Spectrum 6/O-PTIR (mV) [],IR Spectrum 7/O-PTIR (mV) [],IR Spectrum 8/O-PTIR (mV) [],IR Spectrum 9/O-PTIR (mV) [],IR Spectrum 10/O-PTIR (mV) []
935,44.814079284668,21.393274307251,44.0457649230957,22.5173263549805,48.5092430114746,20.6336250305176,82.8317642211914,39.1039390563965,8.61374855041504
937,68.4036712646484,20.540657043457,29.1302680969238,16.300479888916,47.190731048584,19.6441135406494,79.4774017333984,34.9266967773438,18.3631153106689
939,50.1114234924316,31.9186477661133,35.1086082458496,12.5587329864502,47.346923828125,20.5074195861816,85.6378631591797,41.6953620910645,7.35182857513428
941,62.6208419799805,36.4809684753418,36.9648590087891,9.37413883209229,54.4136543273926,23.7802219390869,90.0585784912109,56.7357711791992,5.69317960739136
943,82.5830230712891,42.3722953796387,42.8598823547363,22.0067520141602,55.8365783691406,26.7039356231689,94.1768417358398,53.914623260498,7.35599184036255
945,90.7056655883789,46.0791816711426,49.6084594726563,31.3597278594971,53.7386169433594,34.8392868041992,92.4834899902344,54.7606620788574,8.32406234741211
947,88.9111022949219,48.7195205688477,45.2138862609863,35.9747276306152,54.6793441772461,36.1476135253906,94.3208084106445,61.1942710876465,8.08356094360352
949,93.5888977050781,47.519359588623,48.745433807373,47.8984375,60.1980514526367,34.2954025268555,99.2742233276367,62.2350959777832,10.6521253585815
951,93.8165969848633,52.1967582702637,51.7612342834473,47.9155769348145,58.8328628540039,32.0613708496094,101.985992431641,61.3122024536133,10.3843955993652
953,94.8226776123047,53.3578147888184,55.4869575500488,46.7533302307129,58.8357734680176,33.8276863098145,105.208053588867,62.8905258178711,11.7141046524048
955,96.5089416503906,50.2898445129395,58.3465766906738,46.5413246154785,59.9578590393066,35.254825592041,108.436477661133,62.0909690856934,9.68833351135254
957,96.5245208740234,49.7964363098145,54.9347724914551,47.3737030029297,59.0180473327637,35.6076545715332,108.796997070313,60.6161804199219,10.105936050415
959,105.140617370605,47.0507278442383,56.3360481262207,49.9355087280273,63.3247718811035,37.535831451416,112.354080200195,62.2447738647461,10.1718587875366
961,108.863914489746,46.6345672607422,59.1781959533691,51.5343360900879,65.9639739990234,40.6449508666992,114.259124755859,61.9984893798828,10.6555500030518
963,112.853698730469,46.8130645751953,64.2691345214844,54.4236450195313,69.0536041259766,41.4391021728516,116.087959289551,66.3439559936523,12.3786153793335
965,117.999984741211,45.0974082946777,66.6487045288086,58.1529731750488,70.8747177124023,41.1191711425781,121.379280090332,67.0411834716797,14.9169301986694
967,124.533134460449,46.2891960144043,71.8590774536133,61.7939682006836,73.3186798095703,42.4531402587891,126.485717773438,67.0058441162109,15.872670173645
969,131.113128662109,44.0326766967773,73.8129577636719,63.8342514038086,75.7363204956055,42.4288749694824,131.494155883789,66.7514038085938,17.6390399932861
971,135.497314453125,43.1014862060547,74.6931610107422,67.2262420654297,77.3065338134766,43.1293754577637,136.158935546875,66.2197265625,17.743185043335
973,138.915924072266,45.1867752075195,79.1005554199219,70.2418212890625,78.8480072021484,43.7946624755859,141.935882568359,70.1895751953125,18.334415435791
975,142.041076660156,43.6697044372559,81.0532913208008,70.9537506103516,81.6903839111328,44.992748260498,148.0478515625,72.7737121582031,19.6841621398926
977,146.604263305664,45.406909942627,81.0359115600586,73.3032455444336,86.5416107177734,48.4455490112305,153.337539672852,77.3043899536133,19.4896850585938
979,153.357971191406,49.2910079956055,81.3345718383789,74.6819915771484,88.391471862793,49.9906044006348,158.352462768555,80.8119049072266,20.1545257568359
981,154.263290405273,46.8610305786133,83.2959442138672,76.0791320800781,88.7088623046875,48.7331123352051,164.659896850586,82.4005813598633,21.0854511260986
983,152.640594482422,48.5069580078125,83.3900604248047,78.1863708496094,88.6986694335938,51.6026496887207,169.964645385742,85.6273956298828,22.8366584777832
985,157.53059387207,51.7895431518555,83.1479263305664,78.0979080200195,89.1314163208008,50.584831237793,172.735473632813,91.5858917236328,23.8955478668213
987,160.831970214844,52.0450248718262,85.6541061401367,77.2816619873047,90.1336669921875,49.6711921691895,173.124954223633,98.5655364990234,25.3213958740234
989,164.884399414063,55.9681015014648,88.4103164672852,81.536865234375,91.9990234375,53.2124938964844,180.87614440918,104.339637756348,26.6924343109131
991,171.846313476563,55.6610794067383,91.8955383300781,86.6005630493164,93.9365768432617,56.0031700134277,188.822326660156,110.503051757813,28.3560047149658
993,177.419311523438,57.4646453857422,94.3735122680664,92.2242279052734,96.5073928833008,57.9180946350098,194.742813110352,118.144393920898,35.0735549926758
995,185.341217041016,62.0231170654297,98.265495300293,96.7590637207031,98.0090866088867,61.8647727966309,203.618896484375,124.180305480957,36.4323043823242
997,191.407684326172,61.3785285949707,103.342636108398,102.463958740234,100.809562683105,63.9769287109375,211.425155639648,131.415969848633,36.8053398132324
999,197.744171142578,65.3065719604492,107.256790161133,106.577651977539,103.822776794434,67.3076477050781,217.018356323242,139.350555419922,41.5954780578613
1001,203.271301269531,67.819709777832,112.60791015625,111.577651977539,107.642974853516,68.1183090209961,220.30207824707,145.615585327148,45.245433807373
1003,207.315414428711,70.3530426025391,117.425392150879,118.078155517578,111.366569519043,69.4610824584961,226.730621337891,151.1845703125,46.9289932250977
1005,212.679611206055,75.9971542358398,121.963668823242,121.657493591309,114.179969787598,73.1374435424805,234.762939453125,157.904388427734,50.1440315246582
1007,219.131713867188,74.9604034423828,128.259231567383,126.414489746094,115.700370788574,76.4790267944336,237.941131591797,164.971557617188,53.9480628967285
1009,226.366973876953,80.2299957275391,132.450531005859,131.400772094727,118.002044677734,80.3751983642578,243.86572265625,167.341552734375,57.3063926696777
1011,234.254165649414,84.5748443603516,141.015579223633,134.585830688477,118.825248718262,84.1445007324219,235.106994628906,169.513885498047,60.9855155944824
1013,243.646667480469,87.7765350341797,148.95556640625,141.15119934082,119.5859375,90.5222625732422,234.023895263672,170.350219726563,68.5535430908203
1015,253.391403198242,95.5954208374023,155.497894287109,146.641311645508,117.714096069336,93.3044662475586,234.399658203125,173.350784301758,73.369026184082
1017,261.052520751953,104.067398071289,163.883087158203,152.232986450195,117.046936035156,94.0969772338867,224.258712768555,175.454147338867,79.9647445678711
1019,268.132446289063,111.965522766113,171.724075317383,161.881820678711,115.767807006836,95.5597534179688,216.591461181641,166.869522094727,86.1621017456055
1021,273.731781005859,124.344619750977,181.964691162109,169.308700561523,112.210624694824,97.6339797973633,220.307174682617,167.055465698242,89.0519332885742
1023,281.945587158203,136.153106689453,188.878372192383,177.628280639648,108.640235900879,99.1919097900391,223.846160888672,165.161636352539,94.8058319091797
1025,286.444519042969,135.909896850586,198.046401977539,183.137741088867,107.925979614258,99.5381546020508,244.879547119141,157.543685913086,95.6140823364258
1027,288.706390380859,140.79150390625,204.607147216797,191.140747070313,104.794021606445,100.97492980957,273.182342529297,154.841506958008,98.7595520019531
1029,292.403717041016,145.328659057617,212.029602050781,201.982666015625,98.0710372924805,104.084060668945,274.135345458984,146.039840698242,103.217384338379
1031,296.147155761719,142.750289916992,218.129150390625,210.879760742188,93.2732849121094,102.381546020508,260.845977783203,137.323348999023,103.723419189453
1033,299.497802734375,139.99609375,222.962524414063,218.579452514648,87.7535858154297,103.30525970459,252.634063720703,130.383926391602,105.757965087891
1035,298.286285400391,135.903045654297,232.571838378906,223.943054199219,86.2803344726563,104.771362304688,237.430130004883,117.740425109863,108.488075256348
1037,297.439971923828,138.774002075195,231.18913269043,232.424194335938,85.5890426635742,107.068214416504,212.1962890625,108.183197021484,111.155014038086
1039,296.496704101563,140.629791259766,235.281616210938,239.068588256836,83.599853515625,106.525703430176,202.82177734375,100.894981384277,112.022621154785
1041,293.032287597656,150.228240966797,237.484237670898,242.374420166016,83.1738510131836,107.130317687988,198.405242919922,88.681999206543,111.593162536621
1043,290.990661621094,155.205902099609,235.746963500977,244.793533325195,83.2801818847656,106.249168395996,196.037582397461,82.9545211791992,111.516052246094
1045,287.103302001953,158.074279785156,235.319366455078,246.887893676758,82.0055236816406,100.622657775879,190.808624267578,80.6389236450195,107.496231079102
1047,284.268188476563,161.921051025391,230.181945800781,251.882369995117,77.7748718261719,98.4109039306641,191.336486816406,77.4362106323242,104.909721374512
1049,278.439331054688,160.407836914063,227.224975585938,247.447052001953,75.6863479614258,95.2423553466797,196.696548461914,75.76025390625,100.052635192871
1051,270.383575439453,155.731307983398,220.003112792969,248.080932617188,73.8548889160156,89.7360153198242,190.427764892578,77.2699661254883,96.4363708496094
1053,265.427642822266,148.317947387695,209.765899658203,244.963104248047,70.1340179443359,84.6005172729492,182.990905761719,78.8588409423828,91.3385848999023
1055,259.537048339844,141.326873779297,203.507705688477,244.792907714844,63.6777687072754,80.2843399047852,175.574157714844,76.9483947753906,84.2640075683594
1057,253.716125488281,136.073486328125,197.487365722656,249.550552368164,61.8931198120117,78.0851211547852,168.471115112305,74.7774658203125,82.493034362793
1059,250.658004760742,130.108291625977,195.115081787109,251.786849975586,60.2057609558105,76.218635559082,158.986465454102,75.3857269287109,77.3071975708008
1061,250.088928222656,126.180488586426,192.225036621094,262.350372314453,59.1088638305664,74.0473403930664,154.523391723633,74.8986053466797,76.981819152832
1063,251.315887451172,126.103271484375,193.651245117188,282.268310546875,58.8737983703613,71.9365844726563,149.695098876953,75.7791900634766,77.0818481445313
1065,253.375839233398,124.140632629395,199.845565795898,308.555633544922,62.9049606323242,71.4800491333008,144.109558105469,77.0102844238281,76.1870498657227
1067,258.949951171875,127.049423217773,206.155151367188,346.57763671875,63.6283721923828,71.6720352172852,142.756378173828,77.7780303955078,81.7714614868164
1069,261.835906982422,128.779418945313,214.889572143555,383.378021240234,62.3376884460449,69.1838836669922,149.479064941406,81.2244415283203,82.7785263061523
1071,261.315093994141,128.926177978516,218.708908081055,406.587188720703,60.5467376708984,70.4767456054688,166.33576965332,82.3019485473633,85.4516525268555
1073,262.618011474609,133.215881347656,225.769378662109,428.063537597656,62.3894538879395,70.7715301513672,182.329040527344,84.1756896972656,87.4557495117188
1075,265.058563232422,132.80451965332,231.463409423828,417.657806396484,64.0543060302734,69.1100463867188,215.373550415039,83.3647689819336,87.3179702758789
1077,266.509338378906,134.718078613281,232.075469970703,365.119476318359,64.4454956054688,69.6186676025391,248.850860595703,81.2343063354492,89.5729522705078
1079,265.37109375,134.00276184082,230.946762084961,263.234497070313,65.4345779418945,68.1303787231445,272.347259521484,82.1567153930664,82.3558807373047
1081,263.461303710938,128.625640869141,227.077590942383,320.320343017578,65.3652648925781,65.5277328491211,288.840240478516,76.4291458129883,82.1222381591797
1083,262.195068359375,129.595855712891,224.84211730957,378.560272216797,64.0358734130859,64.3917236328125,301.825378417969,71.5257339477539,80.9865493774414
1085,261.703186035156,123.083396911621,217.260360717773,313.256652832031,61.6737327575684,63.7949562072754,325.649841308594,70.4491958618164,76.2690811157227
1087,261.784118652344,120.635643005371,213.14192199707,364.652893066406,60.6349487304688,61.6636505126953,342.555725097656,70.9974670410156,73.6320495605469
1089,262.841644287109,118.860618591309,210.276657104492,319.800354003906,59.9433975219727,59.5685882568359,340.80517578125,65.6522369384766,71.0013732910156
1091,266.488250732422,115.523887634277,205.378341674805,300.788116455078,58.3658599853516,58.9310073852539,328.909332275391,64.2844543457031,71.6290054321289
1093,268.738464355469,114.143104553223,203.327423095703,290.510711669922,58.4019966125488,57.5174789428711,305.629364013672,67.9321365356445,70.1954498291016
1095,271.005828857422,110.890350341797,196.431182861328,284.302185058594,57.0790367126465,56.0070762634277,300.283569335938,66.2844924926758,65.8567810058594
1097,268.998809814453,110.37427520752,194.901580810547,307.392486572266,57.1907615661621,56.8537406921387,302.563720703125,63.6990661621094,65.0902099609375
1099,267.406219482422,111.180526733398,193.30143737793,344.404052734375,57.360652923584,57.321662902832,305.310455322266,64.7704849243164,63.2085762023926
1101,270.378204345703,109.025375366211,190.090957641602,342.53515625,58.072639465332,58.2206153869629,308.507019042969,66.2443542480469,60.9791641235352
1103,271.625579833984,106.929962158203,190.281555175781,315.337188720703,58.9343452453613,58.2510681152344,304.088500976563,67.5712814331055,58.4729690551758
1105,272.947937011719,107.903244018555,187.645553588867,330.686981201172,58.8414268493652,59.3010597229004,304.776184082031,64.4910507202148,59.5528221130371
1107,272.487152099609,108.417198181152,189.18537902832,335.552398681641,59.0727767944336,59.5830841064453,295.929504394531,67.9221954345703,57.9281272888184
1109,272.862152099609,106.917610168457,185.425491333008,319.420654296875,60.4433403015137,60.5441818237305,281.388793945313,69.8373107910156,54.9755897521973
1111,271.220825195313,104.836181640625,181.420318603516,347.226013183594,60.4666290283203,62.1426811218262,270.04833984375,66.6246795654297,53.2689056396484
1113,266.741668701172,104.192504882813,182.298568725586,371.024200439453,59.7032508850098,60.7288856506348,257.583709716797,67.9920501708984,49.8863372802734
1115,263.393737792969,104.137382507324,179.151290893555,378.796356201172,59.5311012268066,62.7662620544434,244.374328613281,67.8081436157227,48.4597282409668
1117,261.095947265625,102.882110595703,176.919174194336,368.444488525391,60.4311141967773,63.7547569274902,230.90998840332,67.2341079711914,46.2261390686035
1119,257.581512451172,101.043632507324,174.703033447266,374.729888916016,60.526668548584,62.7143173217773,219.43879699707,65.3629989624023,44.5234413146973
1121,253.980163574219,101.223373413086,171.677703857422,375.107391357422,60.9630126953125,63.0856628417969,210.843383789063,64.9722137451172,43.506233215332
1123,253.226058959961,101.168571472168,172.190368652344,370.576416015625,61.3283882141113,62.8163795471191,201.637939453125,65.2919158935547,40.6783447265625
1125,253.705429077148,102.211647033691,169.739013671875,354.140625,62.7890815734863,64.0580215454102,195.362289428711,67.2914962768555,41.6124305725098
1127,253.787933349609,104.031829833984,170.354019165039,349.505981445313,62.7922897338867,64.4470825195313,189.217544555664,69.2639083862305,39.3418731689453
1129,253.337005615234,104.455657958984,172.369583129883,357.0107421875,62.8576812744141,64.9202728271484,186.159881591797,69.0448455810547,39.1889495849609
1131,249.272186279297,107.407333374023,172.190887451172,358.557250976563,63.8669509887695,66.8481063842773,180.745986938477,70.7278366088867,39.207950592041
1133,240.154296875,105.801567077637,172.032470703125,364.327941894531,64.0569458007813,67.0098419189453,177.462326049805,71.17529296875,36.2415771484375
1135,230.609832763672,107.573760986328,171.053466796875,363.824737548828,63.6393966674805,67.539192199707,175.645538330078,70.3184127807617,34.0765724182129
1137,219.982696533203,109.309753417969,170.085479736328,360.906311035156,63.6123733520508,66.3751449584961,170.265167236328,69.9960479736328,30.6522464752197
1139,210.20085144043,107.833869934082,167.584197998047,359.917175292969,64.7638168334961,67.0778121948242,168.463943481445,69.6231002807617,28.928108215332
1141,201.169891357422,107.206092834473,166.567123413086,357.074645996094,63.9231796264648,66.7530670166016,164.573593139648,69.2865447998047,26.1965675354004
1143,194.580459594727,108.681632995605,165.889175415039,354.611724853516,63.6180458068848,65.1440200805664,162.188720703125,70.0906524658203,25.0126533508301
1145,189.973266601563,109.287658691406,164.018432617188,349.12158203125,63.7986602783203,64.9842147827148,162.182006835938,69.6277236938477,25.7166652679443
1147,187.909530639648,110.156723022461,167.101806640625,348.254486083984,63.0459022521973,65.7145385742188,162.069961547852,70.8893280029297,26.5681610107422
1149,190.561721801758,109.725860595703,168.456512451172,347.7314453125,63.0211715698242,67.0452499389648,165.756698608398,70.9853973388672,25.7288379669189
1151,196.255554199219,111.36678314209,172.602722167969,344.324859619141,61.7709579467773,68.0298156738281,164.912322998047,74.6864624023438,25.7335376739502
1153,208.707061767578,113.906455993652,179.916900634766,350.522583007813,61.3633460998535,71.0336151123047,169.679443359375,77.7368392944336,28.0348739624023
1155,222.965454101563,116.527923583984,184.569244384766,351.238677978516,60.8869667053223,73.8448791503906,171.46452331543,78.4737319946289,32.2018432617188
1157,235.999938964844,121.17138671875,191.494247436523,352.300079345703,61.147159576416,74.4098205566406,169.830276489258,83.1449813842773,36.6659088134766
1159,244.968536376953,124.362289428711,193.629119873047,353.464416503906,62.0883369445801,77.8740234375,171.736572265625,85.382682800293,38.630298614502
1161,236.952331542969,124.921051025391,194.519287109375,350.126770019531,62.1885528564453,78.2322006225586,169.967193603516,82.2548065185547,35.3524551391602
1163,224.665115356445,123.892761230469,192.886520385742,348.83837890625,63.106517791748,78.4986419677734,172.08137512207,79.7492904663086,31.6230850219727
1165,207.508209228516,122.683311462402,188.104461669922,343.669189453125,63.3778381347656,77.4375534057617,171.492446899414,77.6402893066406,26.3854007720947
1167,185.332962036133,120.418685913086,185.849365234375,341.5166015625,63.3848571777344,76.5008773803711,170.982757568359,78.9311981201172,28.4050235748291
1169,165.658660888672,117.620346069336,180.669967651367,336.432403564453,62.6791458129883,76.2203140258789,174.934753417969,75.4676742553711,29.7845630645752
1171,145.296051025391,114.85782623291,177.564575195313,331.639282226563,60.9176597595215,72.0590591430664,175.18635559082,71.9461898803711,32.5444755554199
1173,131.149276733398,112.892761230469,173.849182128906,329.045013427734,61.243595123291,71.1015319824219,173.599044799805,71.9567184448242,34.7394714355469
1175,119.458778381348,111.921669006348,169.364181518555,323.601409912109,59.9566802978516,69.7001419067383,174.444229125977,69.3955154418945,35.1501808166504
1177,110.937507629395,110.670738220215,168.076324462891,318.522521972656,59.7147369384766,68.3222579956055,172.49250793457,67.7134094238281,35.5375022888184
1179,106.025772094727,111.23885345459,164.516204833984,314.94970703125,59.3916053771973,67.6593246459961,168.747711181641,67.226203918457,34.4148406982422
1181,101.669654846191,110.508903503418,165.888778686523,310.331970214844,58.8662910461426,66.6660537719727,166.935272216797,67.8962783813477,33.746826171875
1183,99.0880737304688,109.911041259766,163.728073120117,304.812286376953,60.0004043579102,67.1662063598633,166.061309814453,68.3748931884766,34.2001876831055
1185,95.4945831298828,111.259620666504,163.252868652344,299.751800537109,60.4593238830566,68.2557907104492,160.541229248047,67.101921081543,35.0443725585938
1187,94.8812255859375,110.927093505859,166.111526489258,294.563781738281,60.1841011047363,67.9283065795898,161.063125610352,68.2882461547852,35.3230667114258
1189,93.6353530883789,112.921752929688,165.648910522461,291.374359130859,59.7323188781738,69.5138854980469,161.068786621094,68.402946472168,36.2149505615234
1191,91.1871109008789,117.694786071777,167.769241333008,287.192626953125,60.8544464111328,71.4557800292969,161.570037841797,67.8914184570313,37.9185981750488
1193,92.1372985839844,120.932144165039,172.629806518555,286.780700683594,63.3570594787598,74.2376708984375,166.064315795898,71.9204254150391,37.8395156860352
1195,95.3928298950195,123.395904541016,180.151748657227,288.173919677734,65.7489395141602,76.4002990722656,167.071426391602,73.7065200805664,39.2205429077148
1197,93.3020477294922,125.618385314941,182.619720458984,283.745422363281,67.5094299316406,78.83837890625,165.780548095703,72.9643630981445,40.6553955078125
1199,92.5333404541016,125.700210571289,180.433029174805,280.984405517578,67.0267715454102,79.6072692871094,163.918640136719,72.7127685546875,40.1944465637207
1201,90.3156433105469,123.64241027832,180.474060058594,272.486022949219,66.8479537963867,77.8757934570313,161.499816894531,72.2446365356445,39.2743110656738
1203,86.7336654663086,119.70369720459,173.975509643555,260.943176269531,64.4469985961914,75.220588684082,152.800842285156,67.3410949707031,39.2811660766602
1205,85.0026931762695,117.866081237793,166.111175537109,250.964157104492,63.4195899963379,73.0072174072266,145.407501220703,64.8564758300781,37.5163650512695
1207,82.5176467895508,115.312644958496,161.802307128906,242.661483764648,61.9389038085938,72.3927841186523,148.498138427734,64.9545211791992,36.4629020690918
1209,79.2461471557617,108.537872314453,159.365966796875,236.466979980469,60.8989639282227,69.9435348510742,146.719390869141,64.6186981201172,35.3075942993164
1211,78.6865539550781,108.093887329102,158.996017456055,230.696670532227,60.1275825500488,69.491569519043,139.923950195313,65.6242904663086,34.8260154724121
1213,84.6926193237305,112.368713378906,146.478149414063,220.674255371094,60.9649620056152,68.4516296386719,130.737548828125,63.6937446594238,34.4075622558594
1215,90.2046585083008,116.29190826416,134.989944458008,211.476226806641,61.7334594726563,67.4972305297852,122.306793212891,61.9219932556152,34.0235328674316
1217,95.2812118530273,119.905166625977,124.409362792969,203.004913330078,62.4412460327148,66.6182327270508,114.542106628418,60.290225982666,33.6698417663574
1219,96.6443634033203,121.612495422363,126.01008605957,201.030380249023,64.1639862060547,65.2973937988281,115.661544799805,58.9046859741211,33.9064826965332
1221,99.3574752807617,124.082260131836,127.092895507813,201.99137878418,66.5094680786133,65.247314453125,119.333023071289,58.2064399719238,38.1607666015625
1223,101.031280517578,125.099212646484,129.320007324219,202.209442138672,68.9278030395508,64.4170379638672,119.314079284668,61.3167877197266,38.0179405212402
1225,103.836990356445,128.570220947266,133.170684814453,200.173492431641,72.3341522216797,64.9191207885742,122.158508300781,61.8254661560059,38.0987434387207
1227,108.920455932617,132.009521484375,136.60986328125,198.462768554688,72.9399108886719,65.6422500610352,122.998908996582,62.0331420898438,41.5606803894043
1229,114.320472717285,135.131088256836,142.17658996582,201.500381469727,75.7490692138672,65.7182769775391,126.753540039063,62.5876007080078,45.2366523742676
1231,118.643188476563,138.653244018555,147.130905151367,202.487319946289,78.2758560180664,65.5091171264648,129.275131225586,65.8166885375977,48.1831932067871
1233,122.968650817871,139.001113891602,150.672454833984,201.046401977539,80.1171646118164,66.4265975952148,129.538818359375,64.2545471191406,48.666145324707
1235,124.920379638672,141.846374511719,153.073715209961,204.251373291016,80.5916976928711,66.9744110107422,130.200607299805,65.6035232543945,49.22119140625
1237,126.700141906738,145.699127197266,155.304763793945,207.128707885742,80.8254089355469,65.4413833618164,132.443572998047,68.0468292236328,52.9177017211914
1239,129.720993041992,147.265365600586,155.891708374023,207.696899414063,82.7363128662109,65.0622863769531,136.26220703125,69.8697814941406,52.7299842834473
1241,132.489990234375,151.936874389648,159.15168762207,209.866729736328,82.8013153076172,65.629035949707,135.459457397461,71.6169357299805,52.6436386108398
1243,132.372589111328,154.960159301758,163.331573486328,212.994613647461,83.9722366333008,63.6447448730469,137.903350830078,70.1488571166992,54.4633140563965
1245,131.848648071289,157.792984008789,164.767883300781,214.775772094727,86.2779693603516,62.8797988891602,140.145309448242,73.8826599121094,56.6719131469727
1247,131.454010009766,159.154693603516,169.079284667969,217.35041809082,87.6429290771484,62.8937911987305,139.927795410156,75.4249649047852,55.9268493652344
1249,132.375518798828,158.690185546875,170.993148803711,217.562927246094,90.4554290771484,62.7468032836914,143.978408813477,74.3878402709961,56.2183418273926
1251,131.527481079102,159.721649169922,171.931106567383,217.26448059082,91.7562255859375,60.6652297973633,142.032180786133,75.0402755737305,55.1502647399902
1253,129.019287109375,157.868392944336,170.316375732422,216.170913696289,93.9388580322266,59.5555305480957,138.119003295898,74.7036361694336,56.0559272766113
1255,126.749282836914,156.771072387695,168.885971069336,214.339233398438,93.1926345825195,60.5593757629395,137.278961181641,75.2953033447266,55.1155815124512
1257,123.577041625977,153.803359985352,167.033584594727,209.395278930664,94.2835922241211,59.0840682983398,135.391754150391,71.8682174682617,52.4980545043945
1259,122.366249084473,150.640670776367,166.131683349609,205.72509765625,95.6117553710938,58.0758171081543,133.695510864258,70.4007186889648,54.2526702880859
1261,119.354164123535,145.742767333984,165.423721313477,201.806228637695,93.9899520874023,57.5345191955566,130.868255615234,69.8836059570313,53.8456649780273
1263,115.480072021484,141.428421020508,164.446548461914,199.872543334961,94.3373565673828,56.9475555419922,130.330383300781,66.9461364746094,51.3151435852051
1265,113.164085388184,139.251419067383,164.94075012207,196.559295654297,94.6065673828125,57.3724555969238,128.94856262207,68.5105514526367,52.3474731445313
1267,108.279685974121,136.774795532227,164.506622314453,192.432022094727,94.7670440673828,57.1664581298828,128.947830200195,66.5599975585938,50.4190635681152
1269,103.275245666504,135.793334960938,162.440032958984,191.251922607422,93.9584732055664,57.2643508911133,126.643310546875,66.1945266723633,49.876838684082
1271,101.128646850586,134.156372070313,162.517990112305,188.366882324219,93.9078216552734,56.3212738037109,124.886207580566,66.4820022583008,48.1951141357422
1273,99.2301483154297,131.781692504883,164.6201171875,187.876388549805,96.0674209594727,56.9830703735352,125.468193054199,65.9774627685547,46.9152412414551
1275,96.3532257080078,132.428298950195,166.014572143555,187.264831542969,96.8367614746094,58.3406181335449,124.505355834961,68.8934555053711,47.8689117431641
1277,94.3236770629883,133.918792724609,169.059799194336,187.249160766602,97.0471420288086,58.7144622802734,125.584526062012,67.0107345581055,45.5126495361328
1279,92.3244323730469,135.141555786133,172.757675170898,187.875198364258,97.8063049316406,60.280200958252,128.820236206055,69.2255630493164,45.1796531677246
1281,89.9118194580078,133.460876464844,175.003875732422,186.294891357422,97.7300872802734,60.6591529846191,127.840797424316,68.8070602416992,46.0149803161621
1283,88.8138885498047,134.345153808594,178.669830322266,188.80387878418,98.3300247192383,62.8662033081055,130.230072021484,68.33056640625,46.0040740966797
1285,86.3037796020508,135.397766113281,182.820693969727,189.122940063477,98.3183288574219,64.1710968017578,132.311431884766,69.8009262084961,44.9709739685059
1287,83.3027954101563,133.297378540039,185.06770324707,190.024978637695,100.112335205078,64.2010650634766,133.315536499023,68.3547821044922,44.5407676696777
1289,81.285270690918,135.254837036133,189.680297851563,192.078460693359,99.5263748168945,65.7459564208984,135.258392333984,70.3158874511719,46.5890274047852
1291,79.9152984619141,135.57666015625,197.532974243164,193.016082763672,99.7990951538086,67.0343551635742,139.489166259766,71.0624313354492,46.7960510253906
1293,78.6695861816406,138.08137512207,205.618728637695,197.474914550781,100.243797302246,69.8793182373047,145.908020019531,72.1250305175781,48.2666206359863
1295,77.5271377563477,141.209747314453,211.508773803711,200.257339477539,99.6272506713867,73.0970764160156,150.123458862305,75.1394119262695,49.8296546936035
1297,78.3065567016602,142.328628540039,221.304214477539,205.571594238281,100.663673400879,75.7751159667969,155.773956298828,75.6165771484375,51.6963119506836
1299,80.8053741455078,146.753723144531,229.146774291992,209.95491027832,98.9159164428711,79.6524047851563,161.778869628906,80.4437103271484,54.6064376831055
1301,82.6004028320313,150.461227416992,235.07502746582,214.356048583984,97.3098602294922,79.8838653564453,169.65299987793,79.1601409912109,54.4103012084961
1303,85.6111526489258,151.464248657227,241.140502929688,218.202926635742,96.1236953735352,83.0484619140625,174.450988769531,83.410774230957,56.1211471557617
1305,87.8295745849609,154.580062866211,244.031295776367,219.072769165039,93.5595397949219,83.0923156738281,173.473693847656,86.4311294555664,57.1271324157715
1307,87.4930419921875,156.293548583984,246.386123657227,220.702819824219,91.5696029663086,81.5010604858398,177.103332519531,83.0101165771484,56.3233795166016
1309,88.3167419433594,155.087478637695,246.490921020508,221.116577148438,89.3496551513672,81.3594970703125,178.532592773438,84.6926498413086,57.9836273193359
1311,89.0976943969727,153.931915283203,247.131759643555,221.892913818359,88.1815567016602,80.1941757202148,174.055786132813,84.310905456543,57.6396903991699
1313,91.9605255126953,155.072891235352,248.162353515625,222.380310058594,86.5256271362305,80.9816131591797,178.14469909668,85.8833236694336,59.5523986816406
1315,95.3306732177734,156.584320068359,249.398941040039,223.863906860352,88.2981491088867,78.9455718994141,180.515487670898,85.724494934082,59.7435722351074
1317,99.0884017944336,158.031127929688,251.878005981445,226.915725708008,89.1371002197266,79.1024627685547,182.888656616211,83.9787521362305,60.7808036804199
1319,103.580139160156,161.656326293945,259.183563232422,229.577758789063,90.459602355957,80.4656066894531,190.754776000977,89.9071426391602,64.6788711547852
1321,110.017425537109,165.034378051758,266.858673095703,238.606246948242,96.0888366699219,81.1916351318359,203.759246826172,92.9566802978516,66.6760177612305
1323,118.599082946777,169.216720581055,273.435729980469,247.047393798828,101.136695861816,83.9111175537109,216.886734008789,98.9737701416016,70.0881805419922
1325,124.569641113281,171.876556396484,281.579864501953,255.341033935547,105.593276977539,83.1196060180664,230.129165649414,103.551330566406,78.7397689819336
1327,131.637710571289,177.386825561523,290.940307617188,262.631134033203,107.451385498047,85.3963851928711,243.485961914063,101.749862670898,88.8947296142578
1329,136.60954284668,177.083511352539,297.106719970703,268.176574707031,112.347686767578,85.9446792602539,251.507019042969,108.65552520752,92.2869262695313
1331,139.529083251953,177.221481323242,297.271179199219,273.495727539063,113.703895568848,84.9576721191406,261.968627929688,109.49259185791,99.6141815185547
1333,139.297454833984,177.248901367188,300.06787109375,272.521850585938,112.175361633301,84.9292526245117,264.301971435547,106.047966003418,102.550621032715
1335,138.19905090332,176.861511230469,302.163360595703,272.39794921875,111.593841552734,83.1046752929688,262.658142089844,105.052787780762,99.1406631469727
1337,141.246643066406,178.060546875,302.695159912109,271.669250488281,109.955146789551,85.5524749755859,255.917251586914,106.25154876709,95.5278472900391
1339,144.480178833008,180.421752929688,310.509735107422,277.335479736328,110.372955322266,87.9775085449219,256.151000976563,109.601905822754,92.1074600219727
1341,153.78662109375,187.317733764648,322.694427490234,294.800842285156,116.74275970459,88.6050567626953,293.270751953125,110.514511108398,108.425231933594
1343,166.836380004883,196.44010925293,333.235229492188,310.531982421875,122.057731628418,91.9550628662109,323.561706542969,113.057426452637,124.280288696289
1345,179.640075683594,200.875793457031,346.918426513672,332.871520996094,130.049652099609,93.2725219726563,355.502471923828,120.550224304199,136.50651550293
1347,195.583129882813,209.531707763672,361.064422607422,353.854125976563,136.550704956055,99.4353942871094,390.55712890625,122.992965698242,149.583694458008
1349,211.771514892578,221.253631591797,384.046356201172,381.188507080078,145.861541748047,103.668899536133,435.991729736328,112.927139282227,166.395584106445
1351,234.723083496094,238.198059082031,402.491577148438,410.217834472656,158.28466796875,110.268257141113,486.375701904297,97.1558151245117,210.689849853516
1353,255.803512573242,255.031494140625,415.823059082031,435.062683105469,171.11457824707,123.57479095459,516.4599609375,93.2534255981445,255.142852783203
1355,276.207855224609,273.622802734375,410.335266113281,468.916076660156,185.588897705078,143.593475341797,509.052947998047,109.06713104248,318.197021484375
1357,307.900054931641,308.725189208984,383.741577148438,507.422668457031,197.488540649414,172.227890014648,463.838439941406,181.437408447266,393.961273193359
1359,325.917144775391,342.4404296875,389.32470703125,536.607238769531,204.37370300293,193.635025024414,413.567932128906,250.8154296875,442.798706054688
1361,327.746551513672,345.395477294922,422.912536621094,542.591369628906,205.129669189453,196.063781738281,373.948028564453,238.596878051758,420.672485351563
1363,326.411804199219,356.367156982422,414.849700927734,542.776550292969,210.238830566406,199.321624755859,297.137420654297,276.678436279297,425.173400878906
1365,324.210083007813,363.326110839844,405.137756347656,540.356872558594,208.300445556641,200.95085144043,241.263854980469,331.565826416016,452.595581054688
1367,316.961791992188,352.919952392578,397.220275878906,518.973815917969,203.799118041992,192.427795410156,227.958404541016,301.332366943359,432.843414306641
1369,307.361145019531,347.18359375,384.723052978516,502.791412353516,205.427124023438,185.501434326172,232.217468261719,276.784423828125,416.683532714844
1371,306.2666015625,352.285888671875,373.170104980469,489.181396484375,202.023559570313,182.878448486328,234.496551513672,275.320007324219,409.623321533203
1373,302.847686767578,353.170654296875,409.776885986328,478.507629394531,199.473236083984,180.754913330078,238.687408447266,231.668395996094,395.259307861328
1375,313.201782226563,366.456207275391,395.145660400391,494.374755859375,209.234451293945,197.014556884766,187.071182250977,261.036926269531,420.65576171875
1377,329.832916259766,391.550994873047,455.976013183594,523.180480957031,218.82470703125,218.547882080078,210.759231567383,330.868225097656,461.083862304688
1379,350.308349609375,414.449645996094,470.9814453125,566.427917480469,226.704330444336,246.231506347656,283.731140136719,409.437561035156,508.449432373047
1381,372.522155761719,436.509643554688,288.356201171875,593.667907714844,231.839645385742,280.568328857422,275.715576171875,478.791931152344,523.993408203125
1383,380.202056884766,455.586273193359,286.766235351563,607.539733886719,238.471496582031,302.251220703125,303.722320556641,480.413177490234,523.441101074219
1385,369.596099853516,470.019897460938,172.436965942383,602.440124511719,226.229415893555,298.899322509766,298.427947998047,410.938598632813,497.838836669922
1387,354.790893554688,483.180755615234,267.784027099609,593.388061523438,224.006591796875,293.513793945313,302.130340576172,366.919036865234,482.308990478516
1389,353.027801513672,499.441467285156,450.132141113281,604.571166992188,241.876220703125,300.449890136719,353.799591064453,376.811889648438,523.301818847656
1391,361.974853515625,538.682006835938,225.614715576172,627.783935546875,257.123016357422,321.196868896484,407.166870117188,397.121917724609,568.77978515625
1393,365.587219238281,555.591247558594,226.165084838867,656.054992675781,263.077362060547,331.020874023438,399.963745117188,364.169982910156,561.46337890625
1395,387.172393798828,598.131591796875,508.453826904297,728.849060058594,295.472869873047,373.499206542969,466.205169677734,386.193511962891,624.134582519531
1397,409.762817382813,660.004028320313,623.666015625,798.150085449219,321.879730224609,416.102325439453,489.62939453125,405.400390625,684.593994140625
1399,459.505249023438,650.873901367188,601.275390625,879.021850585938,336.121734619141,479.700866699219,599.826477050781,574.549987792969,699.825256347656
1401,524.606079101563,543.985717773438,404.484008789063,863.623046875,276.2177734375,555.948974609375,782.510681152344,734.25341796875,643.544799804688
1403,549.793823242188,439.220947265625,238.550811767578,867.8974609375,127.552848815918,497.949798583984,837.043518066406,739.633117675781,664.433959960938
1405,582.273803710938,324.792907714844,341.834045410156,928.656127929688,162.457504272461,355.700134277344,985.405822753906,729.708129882813,798.336486816406
1407,600.162658691406,209.802551269531,463.381774902344,760.626647949219,270.172180175781,331.534912109375,1024.921875,647.446716308594,996.55126953125
1409,591.58056640625,197.329315185547,628.231140136719,523.478759765625,366.083312988281,390.200012207031,768.747680664063,533.268981933594,1101.51611328125
1411,557.321960449219,268.083160400391,619.134948730469,392.953399658203,423.981201171875,445.685028076172,774.922058105469,496.375,1115.78100585938
1413,513.336791992188,299.942138671875,457.882019042969,538.351989746094,373.79931640625,470.511138916016,560.331420898438,556.983154296875,1058.08203125
1415,463.924621582031,312.987457275391,520.682800292969,650.330017089844,338.883697509766,367.6572265625,490.998016357422,579.571594238281,897.597045898438
1417,410.945159912109,311.393676757813,708.954467773438,694.249816894531,296.505401611328,295.497863769531,523.407104492188,549.762817382813,711.511962890625
1419,364.3017578125,300.872833251953,848.114440917969,698.145874023438,277.236511230469,241.022079467773,549.68310546875,483.550384521484,619.017272949219
1421,336.414245605469,282.435913085938,763.743530273438,701.450744628906,255.493469238281,228.677810668945,503.127502441406,454.671630859375,579.712097167969
1423,308.688049316406,271.105377197266,829.588623046875,679.025268554688,238.745300292969,216.966766357422,514.523498535156,407.631896972656,516.60205078125
1425,290.711242675781,265.214813232422,829.814636230469,638.804992675781,233.024108886719,226.193420410156,517.851013183594,369.861328125,479.136413574219
1427,279.167541503906,253.270034790039,692.25634765625,615.6171875,212.493789672852,226.823669433594,540.6708984375,338.365203857422,446.208770751953
1429,271.13818359375,248.246780395508,756.9013671875,606.917602539063,203.682037353516,206.919708251953,555.506286621094,315.639007568359,401.406402587891
1431,269.879425048828,241.077163696289,788.93603515625,603.521179199219,202.459808349609,195.759002685547,558.048583984375,301.298858642578,378.225036621094
1433,273.320129394531,242.895858764648,726.016662597656,590.948120117188,203.672286987305,190.181686401367,568.273742675781,294.971862792969,372.703552246094
1435,272.345672607422,241.420364379883,662.523986816406,565.843933105469,206.237258911133,178.769317626953,535.755676269531,281.913513183594,346.539154052734
1437,281.563201904297,243.13639831543,582.107543945313,560.463745117188,203.905090332031,173.944671630859,533.580200195313,282.202667236328,338.057098388672
1439,296.31884765625,254.337463378906,494.484802246094,578.936157226563,213.915771484375,181.798675537109,555.440124511719,301.126129150391,360.878601074219
1441,304.881561279297,253.117401123047,454.83154296875,566.885070800781,225.813690185547,190.384048461914,564.14453125,306.319366455078,367.290557861328
1443,308.854553222656,255.222229003906,423.522918701172,551.065673828125,228.320846557617,202.397171020508,558.857238769531,301.207550048828,363.144317626953
1445,312.058715820313,257.097106933594,417.157348632813,556.519958496094,227.424438476563,205.77490234375,528.45166015625,305.857421875,343.56689453125
1447,313.220062255859,251.09538269043,425.689544677734,562.897521972656,223.71142578125,201.03874206543,488.991333007813,310.331329345703,319.963897705078
1449,313.271850585938,257.884704589844,409.237365722656,542.707946777344,229.232162475586,191.76301574707,466.66552734375,308.584625244141,317.240997314453
1451,313.322692871094,264.547393798828,393.092071533203,522.89501953125,234.649917602539,182.660308837891,444.756195068359,306.870483398438,314.568878173828
1453,313.372619628906,271.086944580078,377.245178222656,503.448211669922,239.967544555664,173.725830078125,423.251800537109,305.188018798828,311.946166992188
1455,314.729400634766,273.526214599609,376.064392089844,513.137939453125,231.977279663086,173.046310424805,406.599487304688,309.82763671875,303.950500488281
1457,320.485961914063,281.552307128906,368.957641601563,531.089233398438,217.983688354492,170.21418762207,377.964050292969,321.107879638672,284.980102539063
1459,335.921173095703,284.625213623047,376.462066650391,551.946166992188,246.775863647461,178.114440917969,425.014495849609,330.920837402344,306.186370849609
1461,346.717834472656,281.574890136719,384.424865722656,592.975769042969,249.30647277832,183.418121337891,481.11279296875,329.7763671875,335.16064453125
1463,345.609039306641,278.449829101563,375.942047119141,598.018981933594,238.867233276367,181.340240478516,473.425506591797,325.5068359375,318.914245605469
1465,348.454711914063,273.190887451172,366.815155029297,584.832336425781,229.857772827148,185.426513671875,455.589752197266,320.737426757813,302.597106933594
1467,343.673889160156,258.875701904297,358.706481933594,583.069702148438,223.390670776367,181.242980957031,445.932739257813,306.756561279297,311.85400390625
1469,331.628631591797,250.145874023438,346.723876953125,569.360717773438,214.584976196289,180.086563110352,417.035400390625,292.302032470703,288.261627197266
1471,315.364990234375,236.649322509766,327.196075439453,535.369079589844,201.497634887695,169.79313659668,364.043273925781,278.822875976563,255.310165405273
1473,284.568176269531,212.635925292969,306.807342529297,481.731292724609,178.154769897461,159.827743530273,303.057647705078,257.109436035156,223.574203491211
1475,251.557357788086,190.002319335938,291.642517089844,453.693481445313,158.024856567383,151.027709960938,268.375732421875,233.979904174805,197.887344360352
1477,222.124420166016,166.371246337891,284.126037597656,420.060943603516,149.359680175781,144.505477905273,240.293319702148,205.614120483398,170.948303222656
1479,204.000885009766,154.67121887207,276.648468017578,396.438140869141,142.797271728516,147.447616577148,223.932174682617,190.602951049805,150.776290893555
1481,187.381103515625,142.297348022461,265.563018798828,382.262878417969,132.994400024414,148.151397705078,206.514175415039,180.655044555664,135.81982421875
1483,172.064407348633,133.646896362305,264.1640625,375.815795898438,129.617080688477,149.567687988281,188.434906005859,169.960952758789,121.625854492188
1485,160.196655273438,129.671188354492,253.790863037109,361.955383300781,126.065689086914,147.052139282227,172.999938964844,163.519226074219,112.190925598145
1487,152.770904541016,126.155143737793,240.334930419922,351.094268798828,125.413917541504,143.223098754883,170.507797241211,160.749862670898,104.48461151123
1489,146.737579345703,122.620613098145,230.419036865234,345.742004394531,128.598983764648,138.181121826172,169.123825073242,161.21125793457,95.9510955810547
1491,141.562973022461,123.05744934082,235.432113647461,336.964141845703,128.204437255859,137.719360351563,164.229797363281,158.270462036133,94.0387420654297
1493,142.4365234375,124.395645141602,237.116546630859,336.722351074219,127.912536621094,140.961898803711,160.77033996582,158.41096496582,91.2292404174805
1495,142.756057739258,126.709487915039,231.322647094727,327.743713378906,128.6904296875,141.325424194336,160.368423461914,160.228454589844,88.8479385375977
1497,140.819641113281,128.468002319336,222.32194519043,310.396911621094,127.952941894531,140.306106567383,153.514892578125,160.257308959961,81.3107833862305
1499,140.166168212891,129.502471923828,217.922775268555,304.946166992188,128.770751953125,143.648300170898,161.772994995117,160.151657104492,79.1468200683594
1501,138.662704467773,132.341842651367,217.76042175293,292.489715576172,128.468154907227,139.173889160156,161.035217285156,158.32536315918,77.4790878295898
1503,139.678573608398,134.610763549805,214.266998291016,285.689361572266,126.2060546875,137.710891723633,153.169799804688,155.953063964844,72.698600769043
1505,135.203384399414,133.533615112305,209.222702026367,278.463012695313,122.878868103027,129.644500732422,149.265090942383,154.622909545898,69.2347030639648
1507,137.229904174805,137.438323974609,204.978164672852,269.907409667969,124.301971435547,114.958038330078,159.519592285156,160.147720336914,69.6686630249023
1509,150.746551513672,147.037979125977,200.566284179688,280.562835693359,129.373382568359,107.933898925781,165.355346679688,170.652130126953,71.3214950561523
1511,153.849533081055,155.834533691406,195.540100097656,281.482147216797,131.459976196289,108.598770141602,170.488006591797,178.396392822266,81.7766647338867
1513,156.767135620117,166.400466918945,196.068374633789,290.927490234375,130.980377197266,108.605743408203,179.444107055664,187.533935546875,98.4244613647461
1515,156.087829589844,167.383102416992,191.502914428711,295.443511962891,133.599029541016,105.818374633789,181.970733642578,199.04753112793,99.9026718139648
1517,167.48681640625,183.629867553711,197.548583984375,314.63134765625,137.335250854492,112.313293457031,196.093322753906,214.342178344727,103.132148742676
1519,173.664505004883,189.338714599609,199.548675537109,326.177581787109,135.996765136719,112.798599243164,204.255081176758,222.838027954102,113.345359802246
1521,184.405059814453,203.553192138672,210.900085449219,345.915466308594,146.161743164063,112.640380859375,220.505737304688,240.405303955078,125.926864624023
1523,200.330642700195,227.083358764648,227.732086181641,376.375671386719,161.170120239258,115.704872131348,234.713790893555,262.423645019531,132.543197631836
1525,210.646896362305,243.029251098633,236.597961425781,397.176818847656,170.699691772461,120.425605773926,251.149627685547,284.424957275391,149.332565307617
1527,218.989364624023,260.257843017578,246.052276611328,413.889190673828,178.568634033203,120.312995910645,263.273498535156,298.995971679688,169.358932495117
1529,228.078231811523,275.427856445313,257.417816162109,437.109283447266,196.083374023438,126.724487304688,292.081787109375,313.366943359375,196.827194213867
1531,230.959426879883,283.254089355469,260.498413085938,443.993011474609,199.235244750977,120.709922790527,304.115783691406,328.343231201172,206.212646484375
1533,240.463439941406,298.690887451172,274.851654052734,466.411285400391,209.179229736328,126.960380554199,313.710968017578,348.340454101563,214.78825378418
1535,252.571441650391,317.352844238281,286.381988525391,492.659790039063,227.7392578125,135.643966674805,374.046478271484,366.268737792969,254.444305419922
1537,252.207901000977,320.184844970703,289.340942382813,498.760894775391,232.530197143555,141.993621826172,382.618255615234,371.942718505859,261.319000244141
1539,254.107727050781,328.313568115234,301.660522460938,510.432434082031,238.106796264648,145.943695068359,352.374908447266,390.253265380859,256.177856445313
1541,262.478637695313,346.846496582031,316.080749511719,527.493713378906,257.26171875,143.581146240234,338.07666015625,417.482055664063,263.482543945313
1543,269.561737060547,359.924896240234,323.374420166016,550.297485351563,280.162475585938,155.888229370117,382.929748535156,424.369415283203,278.906219482422
1545,279.705993652344,382.667327880859,336.10498046875,607.137145996094,312.126861572266,157.90934753418,526.382263183594,436.755706787109,349.976989746094
1547,288.700958251953,405.690826416016,345.695983886719,660.949829101563,355.707366943359,176.726440429688,637.811401367188,451.740295410156,401.391754150391
1549,291.207916259766,404.393493652344,350.045074462891,665.104370117188,366.167114257813,180.887680053711,637.637329101563,455.866485595703,406.870635986328
1551,295.266326904297,409.2939453125,353.590698242188,686.487365722656,386.527954101563,189.851028442383,693.662109375,466.522094726563,437.855194091797
1553,296.178375244141,410.74462890625,355.383148193359,687.414855957031,379.522277832031,184.915405273438,665.772644042969,472.515594482422,436.90771484375
1555,301.834289550781,402.051849365234,363.093627929688,678.581909179688,381.660247802734,176.848129272461,663.101867675781,475.872100830078,441.869262695313
1557,297.767181396484,395.710693359375,364.057739257813,666.774353027344,362.345306396484,173.093017578125,608.521240234375,467.840179443359,418.435455322266
1559,313.851470947266,429.577880859375,385.440338134766,692.072143554688,375.334808349609,191.968002319336,618.1455078125,484.580841064453,412.968322753906
1561,341.196197509766,466.9560546875,403.433776855469,751.003051757813,469.970764160156,228.861572265625,727.315368652344,590.279296875,557.352355957031
1563,350.303985595703,475.65869140625,410.166595458984,757.6123046875,490.375274658203,246.395614624023,709.149047851563,628.336791992188,615.9755859375
1565,371.937194824219,493.115234375,423.527404785156,769.926940917969,516.030578613281,246.288543701172,700.062683105469,685.295288085938,704.355590820313
1567,389.1962890625,503.130218505859,441.6787109375,798.885803222656,509.307525634766,281.235656738281,520.570495605469,722.227783203125,750.280395507813
1569,409.775543212891,514.990783691406,467.926330566406,826.274780273438,519.362487792969,295.363006591797,411.919097900391,720.070861816406,756.342712402344
1571,464.160186767578,532.66455078125,528.29296875,953.061279296875,649.946899414063,323.091369628906,193.473541259766,720.370361328125,1040.298828125
1573,500.119171142578,528.600830078125,553.5947265625,1002.67736816406,731.871643066406,354.186706542969,340.003875732422,782.884460449219,1203.40209960938
1575,515.912170410156,532.534240722656,508.943206787109,982.454833984375,709.765747070313,341.048309326172,487.375640869141,798.467590332031,1091.57995605469
1577,608.645629882813,544.734802246094,592.225402832031,1151.87768554688,685.764770507813,330.405151367188,528.259460449219,597.605651855469,1236.35241699219
1579,696.569580078125,487.847503662109,760.421752929688,1100.61193847656,473.808471679688,406.964233398438,443.210998535156,375.304138183594,1287.7353515625
1581,771.082397460938,409.226257324219,871.295959472656,920.009094238281,378.987213134766,599.4833984375,671.315307617188,448.474060058594,1130.74230957031
1583,827.829956054688,274.392028808594,845.489807128906,873.456726074219,315.356964111328,765.935607910156,567.513671875,529.428649902344,990.913391113281
1585,865.736755371094,245.726028442383,765.126220703125,953.845947265625,294.448364257813,669.304077148438,350.866851806641,619.655029296875,909.325561523438
1587,877.014221191406,318.972808837891,722.304321289063,1244.70190429688,361.425048828125,436.915069580078,645.727844238281,686.791931152344,787.614318847656
1589,852.1630859375,283.520935058594,726.18701171875,1203.88977050781,454.532135009766,310.801025390625,754.330444335938,653.796264648438,789.556640625
1591,822.335205078125,243.189819335938,676.126586914063,1174.47827148438,371.521362304688,332.823425292969,689.042114257813,582.764526367188,885.816528320313
1593,777.771057128906,219.379165649414,584.441284179688,1203.49450683594,320.384887695313,386.783752441406,553.682067871094,462.738311767578,905.466003417969
1595,729.151672363281,225.89631652832,646.134094238281,1138.40576171875,328.736785888672,437.423278808594,341.031585693359,419.363616943359,895.727600097656
1597,695.420227050781,238.898712158203,671.252319335938,1079.05090332031,313.786895751953,451.963989257813,206.903228759766,408.771118164063,851.591491699219
1599,660.354614257813,272.623809814453,652.556640625,1008.93695068359,289.550231933594,438.961151123047,180.265762329102,359.404022216797,753.917358398438
1601,615.269409179688,309.605041503906,608.652221679688,927.154357910156,269.169769287109,402.380737304688,261.116882324219,336.281982421875,665.943481445313
1603,575.990783691406,316.545776367188,571.657409667969,865.052307128906,261.549346923828,360.858032226563,311.483337402344,360.067077636719,650.447814941406
1605,546.663696289063,328.234130859375,536.136352539063,806.85009765625,247.642730712891,325.057098388672,330.8115234375,355.37890625,596.237670898438
1607,514.957397460938,321.682159423828,492.64501953125,748.065856933594,232.880676269531,281.112457275391,326.459747314453,353.086151123047,533.484313964844
1609,486.825622558594,318.375030517578,461.730194091797,692.6181640625,231.521072387695,256.864776611328,294.764404296875,348.941436767578,491.661590576172
1611,463.76513671875,312.485992431641,442.495666503906,665.385009765625,216.889404296875,244.042129516602,261.094665527344,339.396270751953,465.511810302734
1613,440.336547851563,296.236846923828,417.096740722656,626.371032714844,214.957275390625,225.896560668945,230.878021240234,325.600280761719,420.429412841797
1615,417.106872558594,285.370666503906,395.145202636719,590.755310058594,209.877044677734,209.257919311523,231.82356262207,290.953857421875,356.456207275391
1617,397.648529052734,277.218109130859,377.907958984375,565.718383789063,201.674118041992,204.421752929688,239.843109130859,271.769348144531,324.854583740234
1619,387.684143066406,267.234619140625,361.444854736328,538.936096191406,197.599136352539,202.142471313477,232.869430541992,278.815490722656,317.117706298828
1621,376.447296142578,251.953659057617,351.355133056641,519.790832519531,190.608947753906,194.497909545898,222.448638916016,258.097259521484,292.652374267578
1623,364.594879150391,236.676223754883,339.312744140625,490.072082519531,184.772033691406,181.043426513672,213.791976928711,227.650360107422,266.940979003906
1625,358.427642822266,235.775512695313,327.9970703125,465.946044921875,173.681945800781,183.028350830078,208.798614501953,231.86897277832,265.924011230469
1627,351.285461425781,227.143218994141,322.369659423828,449.517669677734,168.253570556641,182.155578613281,200.624725341797,222.584777832031,254.785430908203
1629,350.068481445313,224.12922668457,312.251373291016,441.79833984375,161.324325561523,176.97477722168,190.268280029297,217.33479309082,260.279693603516
1631,344.599914550781,221.026168823242,304.473480224609,421.857025146484,153.434310913086,174.457305908203,180.583831787109,218.785140991211,267.024871826172
1633,334.499206542969,211.705093383789,295.165649414063,396.751800537109,154.891510009766,175.005706787109,175.856430053711,207.522750854492,246.130752563477
1635,328.291442871094,209.438339233398,296.903747558594,371.842956542969,156.535018920898,175.420120239258,174.255615234375,177.153472900391,204.075531005859
1637,325.110473632813,203.789611816406,293.145538330078,360.931396484375,150.801712036133,167.808563232422,164.69221496582,180.306991577148,212.106384277344
1639,330.415588378906,199.123153686523,285.109954833984,356.520599365234,144.640670776367,169.981033325195,167.456909179688,190.868682861328,236.855133056641
1641,331.941711425781,199.0693359375,282.296234130859,361.216918945313,141.183959960938,169.621994018555,163.872680664063,199.968231201172,252.080337524414
1643,327.954803466797,197.273681640625,284.604522705078,352.578887939453,142.616577148438,170.743545532227,160.009033203125,210.103256225586,244.66845703125
1645,320.652252197266,194.886276245117,287.097961425781,341.722198486328,145.622741699219,167.92024230957,156.713562011719,185.006225585938,212.923522949219
1647,318.404266357422,200.236541748047,298.055694580078,349.222595214844,150.109298706055,168.672073364258,161.656921386719,168.922912597656,204.647567749023
1649,324.98095703125,205.14485168457,302.950256347656,367.448944091797,146.98112487793,182.631103515625,174.482391357422,199.063659667969,236.375701904297
1651,320.030639648438,201.976287841797,301.223510742188,366.776916503906,151.338806152344,182.488510131836,172.677505493164,197.088104248047,229.589416503906
1653,317.190765380859,210.632583618164,317.858673095703,383.92626953125,166.007629394531,184.130493164063,177.232940673828,181.481475830078,220.411682128906
1655,329.425903320313,217.909286499023,330.713104248047,429.082214355469,154.891021728516,199.491012573242,205.615585327148,219.991775512695,295.655822753906
1657,331.884857177734,232.071563720703,328.079010009766,454.948364257813,158.653045654297,206.939071655273,224.204437255859,239.153762817383,337.981872558594
1659,331.432464599609,237.378005981445,338.317535400391,476.942962646484,155.155563354492,212.411880493164,243.965515136719,242.087661743164,354.138427734375
1661,319.350860595703,233.147308349609,337.368438720703,465.223449707031,157.754989624023,209.775329589844,262.811553955078,229.862380981445,329.803131103516
1663,306.150817871094,259.560180664063,346.604370117188,467.889434814453,170.115295410156,217.808120727539,316.72412109375,230.255493164063,343.785125732422
1665,296.264526367188,258.133453369141,360.743835449219,507.204071044922,169.572387695313,215.035446166992,369.3310546875,241.665420532227,375.955841064453
1667,279.749694824219,251.494842529297,355.543090820313,487.617034912109,166.731948852539,209.218276977539,389.907348632813,219.054168701172,334.290069580078
1669,259.286865234375,269.316345214844,354.232727050781,449.247314453125,169.504974365234,202.768920898438,410.693756103516,190.445510864258,277.554382324219
1671,242.869201660156,272.514862060547,360.783569335938,453.269927978516,178.212417602539,199.532806396484,443.390045166016,205.260269165039,294.103363037109
1673,231.591583251953,282.425872802734,362.165679931641,454.140045166016,172.074081420898,198.756423950195,460.247283935547,205.345642089844,298.499969482422
1675,220.650497436523,291.236022949219,368.105987548828,453.234680175781,180.705673217773,194.982376098633,466.727478027344,205.825149536133,299.464385986328
1677,210.732437133789,301.176147460938,366.066589355469,461.835968017578,185.964965820313,189.211471557617,469.136047363281,227.676528930664,324.881805419922
1679,200.564956665039,307.186889648438,363.569610595703,446.81005859375,184.18962097168,184.733261108398,459.084289550781,226.818145751953,297.217803955078
1681,188.769714355469,298.093200683594,357.627044677734,436.286193847656,192.98876953125,178.834503173828,448.65234375,219.922210693359,271.742980957031
1683,176.554321289063,278.949066162109,349.836273193359,401.806579589844,191.657302856445,167.620132446289,415.739501953125,184.206130981445,222.161087036133
1685,164.857116699219,298.578338623047,345.5556640625,417.446350097656,174.868103027344,159.074722290039,423.912963867188,186.614730834961,221.875122070313
1687,158.209671020508,286.958404541016,331.953643798828,414.471038818359,173.557632446289,155.971008300781,426.363739013672,190.400527954102,214.457672119141
1689,152.413314819336,281.585693359375,320.451324462891,394.421875,165.469863891602,148.181076049805,417.900268554688,182.273300170898,205.421951293945
1691,147.722457885742,279.797088623047,303.410797119141,369.742309570313,158.433090209961,139.596969604492,411.668334960938,179.222808837891,207.095886230469
1693,143.093719482422,261.540954589844,289.294921875,348.434204101563,146.159851074219,132.002212524414,390.084930419922,161.729415893555,188.132125854492
1695,136.957595825195,238.513244628906,281.565185546875,318.1689453125,140.400482177734,124.674652099609,354.274353027344,130.160842895508,149.057571411133
1697,132.5654296875,223.339233398438,270.245727539063,278.903930664063,140.489105224609,119.682144165039,326.109527587891,113.149032592773,117.304748535156
1699,130.985794067383,218.677505493164,265.008972167969,264.606414794922,144.774429321289,117.784729003906,314.358642578125,108.147491455078,105.508895874023
1701,130.904571533203,226.416198730469,264.930633544922,266.006866455078,146.766403198242,112.977584838867,313.5283203125,115.048530578613,115.226432800293
1703,129.365417480469,216.240875244141,268.233612060547,267.026672363281,141.920684814453,111.132690429688,315.306213378906,112.225158691406,115.24308013916
1705,129.965225219727,218.371170043945,272.278625488281,256.061431884766,144.139511108398,112.435844421387,315.025451660156,108.455383300781,112.775535583496
1707,133.850387573242,228.602615356445,279.203399658203,259.851867675781,143.673233032227,115.762649536133,333.774536132813,123.602066040039,125.887298583984
1709,135.876235961914,227.769348144531,280.138458251953,272.524078369141,144.069122314453,114.588348388672,333.666961669922,127.068695068359,134.283050537109
1711,138.283782958984,230.341781616211,279.876617431641,272.400573730469,145.216461181641,115.314765930176,332.350952148438,128.383255004883,134.693328857422
1713,136.848526000977,217.577438354492,278.130676269531,260.035675048828,142.053085327148,114.926261901855,314.882415771484,113.777450561523,124.874153137207
1715,133.570724487305,206.304077148438,269.06689453125,254.447875976563,144.031692504883,108.872146606445,294.170074462891,100.730499267578,110.087089538574
1717,132.700714111328,197.369323730469,262.738800048828,248.314331054688,142.612274169922,105.354415893555,281.430755615234,93.0664367675781,97.6314392089844
1719,131.99609375,182.4912109375,250.584243774414,255.451110839844,129.744857788086,102.211235046387,272.445526123047,91.9741897583008,104.354957580566
1721,129.60612487793,180.869781494141,237.468658447266,253.282516479492,125.630393981934,99.735221862793,264.420257568359,92.1516723632813,101.30696105957
1723,126.06379699707,171.912170410156,229.344329833984,247.543014526367,117.882209777832,95.007438659668,253.249206542969,85.0145111083984,96.561164855957
1725,121.93147277832,161.204162597656,216.07453918457,232.611129760742,112.763916015625,88.9486389160156,238.399749755859,78.2401123046875,90.8178863525391
1727,116.824676513672,154.273895263672,204.281356811523,219.368453979492,107.31729888916,83.8072204589844,225.688232421875,71.5536651611328,85.4532775878906
1729,110.592750549316,143.61116027832,193.653045654297,201.654479980469,103.340911865234,77.3880233764648,211.712310791016,62.1256408691406,76.2089462280273
1731,103.826675415039,133.91716003418,182.539306640625,182.77165222168,99.1967315673828,70.6354064941406,199.451110839844,56.7884407043457,66.294563293457
1733,98.1306076049805,127.387924194336,174.48388671875,166.147766113281,95.9709625244141,66.0810928344727,191.090911865234,58.497200012207,61.2720146179199
1735,90.7070922851563,116.093208312988,161.731201171875,146.639038085938,90.8302917480469,58.4125480651855,175.348266601563,55.7929840087891,56.3521995544434
1737,84.1817932128906,111.120002746582,154.458740234375,136.486877441406,84.9550399780273,53.2423324584961,165.916580200195,49.7713012695313,55.359001159668
1739,79.4848403930664,105.31396484375,151.240432739258,128.575424194336,81.0760879516602,48.9689140319824,158.086227416992,48.8472175598145,53.1118354797363
1741,76.4428482055664,97.7754974365234,145.101974487305,122.270217895508,76.11962890625,44.693042755127,150.492645263672,47.0128860473633,48.7750282287598
1743,74.4058532714844,95.4309997558594,137.99787902832,117.209602355957,73.7938537597656,40.8211631774902,144.029846191406,46.4091949462891,46.0808982849121
1745,72.1789627075195,91.6263580322266,131.955810546875,110.402969360352,72.0514144897461,37.8843841552734,139.387680053711,47.1924934387207,41.9913444519043
1747,68.6130828857422,89.4368362426758,127.725967407227,104.638641357422,69.465950012207,35.2323684692383,134.184448242188,47.2329025268555,39.2725715637207
1749,65.6661987304688,87.9266586303711,123.403930664063,99.5929107666016,66.9009399414063,31.8717403411865,128.034301757813,47.3403663635254,37.1106910705566
1751,64.8294830322266,84.2449722290039,120.852325439453,96.0072555541992,63.8108520507813,30.7848815917969,124.497230529785,45.7098083496094,34.7311363220215
1753,62.9301605224609,83.5439376831055,118.13338470459,95.8264465332031,60.6827735900879,28.9296169281006,120.541519165039,44.3715133666992,34.1394233703613
1755,60.4728736877441,79.4647521972656,115.289932250977,92.1996917724609,59.1111450195313,28.7150001525879,118.329925537109,44.1455993652344,32.4822998046875
1757,58.5527229309082,75.9599456787109,113.517166137695,93.0473480224609,58.000373840332,29.1222381591797,118.12329864502,44.3891754150391,31.7621459960938
1759,56.9115562438965,73.9818954467773,109.331390380859,93.1858825683594,58.0948181152344,28.1349067687988,115.479904174805,44.3188438415527,30.7126026153564
1761,54.5172920227051,70.0271072387695,108.97575378418,90.7084274291992,58.0288734436035,27.9929695129395,113.497978210449,42.7976875305176,29.2775955200195
1763,51.1787872314453,69.9076232910156,109.36954498291,89.8337707519531,57.5309028625488,27.902135848999,108.521217346191,42.2598991394043,28.8234558105469
1765,49.5890502929688,67.5026626586914,107.794662475586,87.1501083374023,56.5720634460449,27.2438220977783,106.557189941406,43.0643997192383,29.0528526306152
1767,48.31640625,65.276123046875,107.360038757324,84.4625091552734,55.5177268981934,26.1005859375,103.642143249512,43.066478729248,26.078914642334
1769,46.8865432739258,65.7740631103516,102.956909179688,78.2255096435547,54.950984954834,25.3233108520508,99.6273727416992,44.1020889282227,23.7859554290771
1771,45.1226806640625,63.4730415344238,98.1367568969727,71.0944061279297,53.6553993225098,25.0400581359863,95.2184829711914,44.349796295166,23.3889236450195
1773,39.8659591674805,60.849536895752,92.5557479858398,65.7999572753906,51.1510848999023,25.1451320648193,90.5062103271484,43.4817199707031,21.1766223907471
1775,38.3818969726563,56.9349212646484,87.636474609375,64.5789108276367,47.9807434082031,25.294340133667,87.3524322509766,41.631893157959,21.8360557556152
1777,35.1233329772949,51.4111404418945,84.2657165527344,61.2254104614258,45.0654754638672,24.2357330322266,82.8161010742188,39.4866371154785,21.598575592041
1779,33.8372917175293,50.1271514892578,80.5378723144531,58.1375732421875,44.5216026306152,23.7446346282959,80.1444931030273,38.0329704284668,19.9241752624512
1781,28.8056716918945,46.4547996520996,75.3293914794922,53.859489440918,42.0814514160156,22.3900737762451,76.065315246582,38.2494773864746,18.4040908813477
1783,26.0261402130127,43.5624694824219,69.9129180908203,50.923641204834,39.795524597168,21.0230236053467,72.2657852172852,37.6536026000977,16.9917182922363
1785,26.8471946716309,43.1397857666016,66.9960327148438,49.4007453918457,39.2779121398926,19.5433292388916,68.991096496582,35.8263206481934,19.0244674682617
1787,25.3375110626221,40.755313873291,63.3612594604492,46.9684104919434,38.0400543212891,18.3543796539307,63.6323051452637,32.9011497497559,17.5792579650879
1789,23.4168167114258,37.5582275390625,58.8675155639648,43.3650741577148,36.2154884338379,16.6778087615967,59.8954238891602,31.6014385223389,16.4678821563721
1791,20.2148246765137,34.1506690979004,55.5618515014648,39.4015922546387,33.2149543762207,16.3916339874268,54.5733184814453,28.1806163787842,13.0861825942993
1793,20.3508243560791,30.8397235870361,53.0004463195801,37.3917846679688,31.2222213745117,15.9231567382813,50.2657241821289,24.7079029083252,11.7120294570923
1795,18.7508220672607,28.2297954559326,49.4198875427246,35.8290863037109,29.563081741333,15.0451164245605,48.619571685791,22.2974910736084,12.7287225723267
1797,16.7149848937988,24.5875396728516,46.0443649291992,31.9610443115234,26.2432231903076,14.0104856491089,42.9627418518066,19.6403007507324,9.57385063171387
1799,14.3031387329102,23.2393112182617,42.1176910400391,28.5551891326904,22.9328746795654,12.6993236541748,38.0613059997559,18.2706642150879,7.23762941360474
2687,13.0910692214966,22.0979652404785,38.7119331359863,25.8570537567139,20.9606056213379,10.9421768188477,34.9844093322754,16.8578834533691,8.46100807189941
2689,10.8344478607178,19.9730243682861,32.3711280822754,20.8336925506592,17.2886505126953,7.67074108123779,29.2558746337891,14.2275857925415,10.7386817932129
2691,5.16064882278442,14.6303062438965,16.4285106658936,8.20351123809814,8.05629444122314,-0.554596841335297,14.8526782989502,7.61425352096558,16.4654140472412
2693,16.0721035003662,12.3143444061279,15.2084932327271,7.56107425689697,9.99133586883545,4.04564523696899,15.936972618103,13.7956562042236,16.7466468811035
2695,21.8536281585693,10.5418148040771,16.4221286773682,7.11326313018799,11.5536670684814,8.53448581695557,17.8243160247803,7.73651790618896,3.91120576858521
2697,27.299898147583,13.4988670349121,15.5337533950806,12.9198360443115,12.3489007949829,10.7852048873901,12.3535928726196,9.75146007537842,2.65700626373291
2699,28.2511348724365,13.9404096603394,17.298807144165,15.5466680526733,18.3628387451172,19.6632823944092,13.839072227478,8.5683765411377,6.24979591369629
2701,27.7054920196533,12.9767236709595,17.7606163024902,15.6750507354736,19.9487705230713,19.8845596313477,17.0479106903076,15.3758811950684,6.30712985992432
2703,26.9026927947998,14.411247253418,22.7127647399902,19.0101718902588,19.8812694549561,14.8868713378906,14.6806526184082,16.1295776367188,8.32320308685303
2705,23.9489593505859,14.0158166885376,21.5499248504639,20.190881729126,16.5762710571289,16.0535087585449,15.1858730316162,11.0032091140747,11.6430311203003
2707,26.5858116149902,12.8150939941406,20.6047382354736,22.1447410583496,19.2427310943604,16.8619403839111,16.623197555542,13.967113494873,11.2092962265015
2709,27.9777774810791,14.4392223358154,19.0821533203125,20.481372833252,20.667652130127,19.316219329834,20.0714378356934,13.5587463378906,11.1980142593384
2711,29.6278648376465,14.8553342819214,19.6530075073242,19.941951751709,19.3098068237305,17.5482921600342,19.153284072876,12.8944263458252,15.2163410186768
2713,37.0530891418457,15.4396266937256,18.3130130767822,19.1442317962646,19.5932750701904,17.1207904815674,22.948917388916,11.3294839859009,19.8750495910645
2715,37.9076461791992,17.7076854705811,22.3112201690674,21.9587516784668,21.8923778533936,17.6399440765381,24.941162109375,11.3678331375122,19.7993717193604
2717,35.3191947937012,20.8330764770508,23.0604782104492,23.0964794158936,22.8572959899902,17.6167106628418,24.83225440979,12.5324983596802,18.2868003845215
2719,37.4559669494629,19.1940898895264,22.0883846282959,27.1136779785156,23.7816581726074,20.0700702667236,24.089771270752,13.3851528167725,18.9535140991211
2721,37.2768707275391,18.7402725219727,23.2309265136719,27.5257968902588,25.0137214660645,18.4584522247314,22.2169170379639,12.009015083313,19.8756809234619
2723,36.5919723510742,18.8682518005371,23.7771434783936,26.8148899078369,26.209041595459,19.6349849700928,24.9937057495117,12.5816650390625,19.5851936340332
2725,35.2955360412598,18.1016101837158,24.8833122253418,25.1143550872803,26.4280738830566,18.616979598999,25.2176094055176,13.1564788818359,20.7192726135254
2727,36.5842170715332,19.3994884490967,23.1164226531982,26.1139163970947,26.9718112945557,18.8765316009521,24.4929428100586,13.3452997207642,19.7894172668457
2729,35.5200462341309,18.6505107879639,21.6343116760254,27.9278373718262,25.282886505127,19.7457466125488,24.536600112915,13.959189414978,20.0287494659424
2731,35.3454093933105,18.3950290679932,24.0291233062744,28.0719718933105,25.2718887329102,19.6392765045166,25.2768707275391,14.7239255905151,21.0316925048828
2733,34.4278144836426,18.6897430419922,26.0111598968506,28.5257320404053,25.4551982879639,19.4929542541504,25.0322856903076,13.9556674957275,21.7109909057617
2735,35.2246932983398,18.277379989624,25.1160163879395,27.1378841400146,25.8384914398193,19.9408473968506,24.854133605957,14.5857067108154,21.9189491271973
2737,37.1878204345703,17.4879875183105,24.7285480499268,26.1773319244385,26.738260269165,19.9931449890137,24.6783676147461,14.5439643859863,20.437931060791
2739,38.9311180114746,18.3491992950439,24.745418548584,26.9945945739746,26.5258350372314,19.3787460327148,25.1127853393555,13.6233673095703,21.3852844238281
2741,40.9225425720215,19.8998317718506,24.1381778717041,26.6551380157471,25.4987602233887,19.3180332183838,25.4177551269531,14.2728672027588,21.7468643188477
2743,39.8710289001465,20.0173606872559,25.9778461456299,27.3888969421387,24.5581932067871,19.7515735626221,26.6956272125244,15.3378658294678,22.0915279388428
2745,38.4541549682617,19.3221683502197,26.3170375823975,28.6623916625977,25.2399024963379,20.5942878723145,26.22389793396,15.7395620346069,22.9186191558838
2747,39.7261734008789,19.2127552032471,25.0905818939209,29.2838096618652,25.8624210357666,21.9527587890625,25.5705394744873,14.566933631897,24.0385036468506
2749,39.2947082519531,20.3998374938965,24.4198532104492,30.4132747650146,24.9880084991455,21.022029876709,25.2093124389648,14.2353811264038,23.7177848815918
2751,40.7079238891602,21.5633182525635,25.6671562194824,29.253927230835,25.6283645629883,19.8361396789551,25.8141441345215,15.1898632049561,22.1718883514404
2753,43.4318542480469,20.6256122589111,24.8705177307129,30.0200519561768,25.5477256774902,20.9166660308838,25.431453704834,15.7493209838867,21.5296287536621
2755,45.8834838867188,21.2561817169189,25.0139179229736,29.7653312683105,26.3752059936523,22.1241455078125,25.9634685516357,15.0400686264038,21.4129409790039
2757,47.9052963256836,20.8666286468506,25.6174240112305,26.8441925048828,27.6664848327637,22.1295509338379,26.764575958252,15.1364479064941,20.6388778686523
2759,50.8533821105957,20.4166946411133,27.3259944915771,29.3151397705078,28.5376358032227,22.5528869628906,26.7273292541504,16.3042316436768,20.1862316131592
2761,51.3587493896484,21.1377601623535,26.9288272857666,29.5795631408691,29.780403137207,23.7524318695068,26.953405380249,16.3800201416016,21.4215660095215
2763,49.9939041137695,21.0081653594971,26.9892654418945,29.4028415679932,29.465202331543,23.4383411407471,27.8055038452148,16.0164222717285,21.4707088470459
2765,50.4065132141113,20.1108169555664,27.3805809020996,30.3854122161865,28.7162265777588,22.7140121459961,27.8036880493164,15.8484449386597,22.382682800293
2767,53.1117210388184,20.6824207305908,27.3291530609131,30.9145317077637,28.5829048156738,23.0965614318848,27.8155345916748,16.7091388702393,23.8702049255371
2769,54.7937431335449,22.2866077423096,28.5598754882813,30.9406833648682,29.3047714233398,23.4555721282959,27.6115646362305,17.5320949554443,23.5103168487549
2771,56.894157409668,23.2243881225586,28.9415531158447,31.0486545562744,30.4606475830078,24.3315200805664,27.5845832824707,18.2733364105225,24.3089714050293
2773,57.8754119873047,22.4820919036865,28.9871158599854,33.0454711914063,30.1272945404053,25.003885269165,29.5105171203613,17.8864059448242,25.1077709197998
2775,57.5842056274414,22.1249465942383,29.6149864196777,32.2513809204102,30.5879917144775,25.4236640930176,30.7722415924072,19.5260257720947,25.4171009063721
2777,57.9576225280762,23.0225944519043,29.3597068786621,33.7813949584961,31.4036712646484,26.8275337219238,31.8101100921631,20.4018440246582,25.6921272277832
2779,58.1755714416504,24.3107318878174,30.5179595947266,37.1802711486816,31.5379219055176,26.7437133789063,31.4456844329834,20.830041885376,26.5435066223145
2781,58.7820281982422,26.6146564483643,32.0567283630371,38.4683952331543,33.6947402954102,28.5196399688721,32.6680908203125,20.1453685760498,27.9183921813965
2783,58.0487861633301,27.4957942962646,33.0086212158203,38.6464576721191,35.2475662231445,29.2124652862549,34.4086418151855,20.8016719818115,27.272798538208
2785,59.664737701416,28.2046546936035,32.9450721740723,38.4454116821289,35.9962997436523,29.7158603668213,36.6890563964844,21.3134212493896,26.8764133453369
2787,62.6009521484375,28.8718662261963,34.4359359741211,39.753345489502,36.9290237426758,30.5156211853027,37.5313529968262,20.7584800720215,25.8699550628662
2789,64.8932418823242,29.4738178253174,36.0110664367676,41.9893608093262,37.9095001220703,30.7410335540771,37.3254890441895,20.7186222076416,27.4440460205078
2791,69.1498718261719,31.3608493804932,37.5342292785645,42.7164115905762,39.7027282714844,32.0812301635742,39.0568962097168,22.5318737030029,29.0904369354248
2793,71.2318267822266,32.148021697998,38.3593826293945,44.2084503173828,39.9209747314453,33.8568344116211,40.8184356689453,24.9343376159668,29.9749240875244
2795,72.8169708251953,33.1085739135742,39.3890419006348,45.215160369873,40.9166679382324,34.3357009887695,43.3765296936035,25.417028427124,31.5102577209473
2797,75.902214050293,37.1200866699219,41.9638519287109,46.3710403442383,43.1678466796875,35.0813446044922,45.958251953125,26.386381149292,33.051212310791
2799,79.4098205566406,37.4441757202148,42.5267639160156,47.8588981628418,45.2761611938477,35.9002456665039,47.7954330444336,28.0002517700195,34.523136138916
2801,82.2543182373047,38.5541114807129,44.9443702697754,52.3667907714844,48.1451225280762,38.4374351501465,50.7614784240723,27.9238185882568,35.528450012207
2803,83.8631286621094,42.103645324707,48.2360038757324,55.4342651367188,50.8285903930664,40.1838150024414,52.1784248352051,30.1568069458008,37.3754844665527
2805,87.6134033203125,42.5104370117188,48.7298355102539,55.6853103637695,55.0826530456543,42.5054550170898,55.4789085388184,31.5828132629395,40.9650001525879
2807,92.3867034912109,43.9084739685059,50.9994773864746,61.0817832946777,57.9171752929688,44.6810874938965,58.9198799133301,33.2207908630371,42.8048210144043
2809,97.6422882080078,47.9425888061523,54.1425971984863,65.9874038696289,60.7172470092773,47.698802947998,61.2154655456543,34.8738098144531,44.5835037231445
2811,103.672149658203,51.0244255065918,57.7097969055176,68.9506378173828,65.4114685058594,51.2543182373047,65.6574554443359,36.2076225280762,48.3790435791016
2813,110.378616333008,54.9618034362793,62.1638603210449,72.4420623779297,68.2908401489258,54.1962471008301,69.7759704589844,38.1381492614746,51.5019607543945
2815,117.326545715332,58.7216110229492,66.1841201782227,77.2743759155273,71.9990005493164,58.6130828857422,74.9722747802734,40.3442459106445,56.336051940918
2817,124.296379089355,63.5356101989746,70.7569351196289,83.4111862182617,74.9332122802734,63.4797782897949,79.9613037109375,43.3903198242188,59.825984954834
2819,131.641235351563,68.1266937255859,76.2737197875977,85.9256057739258,78.9896697998047,68.5975723266602,87.0536880493164,45.8004112243652,62.7763404846191
2821,142.487411499023,71.3115081787109,82.4791870117188,92.8353500366211,83.8434448242188,75.7156219482422,93.7433700561523,49.5570487976074,66.1582794189453
2823,153.603073120117,77.4572143554688,88.7599639892578,102.894668579102,89.1214447021484,81.5126876831055,100.693252563477,53.0841217041016,70.962776184082
2825,165.369705200195,82.6389694213867,95.8121109008789,105.208000183105,95.3615264892578,90.0574569702148,110.100898742676,55.6697807312012,77.4948425292969
2827,176.086624145508,89.130500793457,103.048263549805,114.823944091797,100.145965576172,95.069709777832,119.111228942871,60.5590019226074,83.6723175048828
2829,185.999694824219,93.6806716918945,110.745590209961,125.173110961914,111.848213195801,103.081031799316,128.768905639648,64.8872146606445,89.2506942749023
2831,200.643890380859,102.719100952148,121.808059692383,135.129501342773,125.425277709961,112.780838012695,139.754653930664,71.0327453613281,96.6615829467773
2833,215.42805480957,117.241729736328,130.485534667969,146.529754638672,136.49006652832,121.265899658203,152.331359863281,77.5048065185547,105.090827941895
2835,235.170440673828,128.70524597168,142.609878540039,166.467727661133,148.02702331543,133.549041748047,170.113891601563,83.2438430786133,116.268310546875
2837,261.701049804688,142.397079467773,160.987548828125,184.193603515625,164.94255065918,145.847351074219,188.417327880859,94.3814239501953,128.456573486328
2839,291.627288818359,163.919799804688,178.190048217773,204.649642944336,187.636154174805,162.939102172852,216.205718994141,105.732131958008,145.744552612305
2841,326.871032714844,184.371368408203,201.465179443359,240.326187133789,204.117172241211,181.887847900391,246.064392089844,117.682907104492,166.235748291016
2843,371.440856933594,213.237594604492,228.12239074707,271.800323486328,233.845657348633,205.745239257813,284.749755859375,133.029434204102,190.313354492188
2845,420.776275634766,247.405303955078,262.150726318359,313.074279785156,269.391296386719,234.788131713867,328.100921630859,152.619857788086,219.48681640625
2847,468.190948486328,278.48779296875,290.387786865234,367.268676757813,292.359619140625,257.861114501953,371.638824462891,171.433944702148,248.732223510742
2849,517.308044433594,319.007873535156,320.366363525391,404.363250732422,323.607543945313,287.861358642578,423.329742431641,187.95930480957,273.745086669922
2851,553.752868652344,356.11181640625,348.258880615234,447.893218994141,348.0654296875,309.184753417969,464.3046875,203.318817138672,306.088226318359
2853,582.863708496094,370.521942138672,364.207061767578,484.583831787109,362.144378662109,324.320281982422,504.039184570313,216.536590576172,320.389282226563
2855,606.10693359375,398.295501708984,371.614624023438,513.656494140625,372.048553466797,335.322113037109,523.558227539063,232.342208862305,331.095611572266
2857,606.76123046875,404.911804199219,375.443695068359,524.434936523438,373.507751464844,333.239624023438,531.982543945313,236.132553100586,322.440490722656
2859,605.441345214844,389.690612792969,372.593322753906,514.442810058594,376.624877929688,332.279663085938,537.747741699219,232.664154052734,317.914093017578
2861,606.140014648438,400.889282226563,366.800231933594,522.969909667969,371.914123535156,330.765960693359,533.9736328125,237.013122558594,312.326141357422
2863,608.9453125,388.94287109375,362.882080078125,512.902770996094,380.167602539063,329.971496582031,534.227600097656,236.584457397461,305.289459228516
2865,609.647888183594,385.701416015625,362.478485107422,492.909851074219,383.473602294922,326.805541992188,525.221130371094,232.211212158203,300.436004638672
2867,604.201538085938,388.298797607422,357.998168945313,480.153442382813,370.854827880859,320.408325195313,517.70654296875,228.880386352539,287.232177734375
2869,598.258911132813,368.138397216797,352.17333984375,471.160369873047,358.363433837891,317.020751953125,506.897857666016,223.617080688477,281.273681640625
2871,585.451965332031,362.378753662109,341.310241699219,448.687774658203,345.256561279297,303.213958740234,485.4208984375,224.18701171875,267.826324462891
2873,571.567932128906,351.194488525391,330.486419677734,418.86767578125,338.772308349609,292.370727539063,471.305908203125,214.073654174805,255.099197387695
2875,554.250427246094,330.431488037109,321.199340820313,397.227416992188,314.818511962891,282.653411865234,447.210205078125,202.139099121094,244.540451049805
2877,538.517456054688,316.118225097656,307.553558349609,384.0869140625,311.45654296875,272.592834472656,429.978332519531,199.002105712891,228.74462890625
2879,527.515930175781,303.374420166016,303.653472900391,359.415252685547,308.189483642578,264.602783203125,414.477844238281,196.78076171875,226.656829833984
2881,520.841430664063,301.273345947266,298.433258056641,353.373992919922,295.732818603516,255.60383605957,404.172698974609,192.653350830078,219.706909179688
2883,523.301208496094,295.905975341797,299.160827636719,349.789794921875,290.259368896484,257.759216308594,402.68505859375,187.585311889648,216.490036010742
2885,530.474670410156,296.496856689453,304.162536621094,360.4052734375,282.204315185547,256.487762451172,401.997406005859,193.806747436523,219.270095825195
2887,538.937683105469,300.448120117188,304.661224365234,362.66259765625,293.269134521484,259.094329833984,412.918426513672,194.443496704102,221.259368896484
2889,551.267578125,299.509429931641,310.065856933594,366.474334716797,297.067199707031,267.499725341797,415.608581542969,196.174209594727,226.840209960938
2891,554.385131835938,308.700073242188,318.318328857422,385.330474853516,291.725402832031,265.787567138672,423.355163574219,203.754104614258,224.39208984375
2893,573.9853515625,321.05712890625,328.419708251953,393.150207519531,314.848297119141,273.824249267578,441.140014648438,207.066436767578,234.22492980957
2895,595.975708007813,330.168884277344,338.756927490234,397.625518798828,331.034881591797,281.923797607422,451.336730957031,217.741729736328,240.393173217773
2897,613.769104003906,345.314086914063,350.844665527344,420.203857421875,340.751159667969,291.543731689453,474.635589599609,227.244873046875,245.77473449707
2899,638.362915039063,357.550048828125,368.121215820313,442.254455566406,350.19482421875,299.147644042969,493.222442626953,233.093673706055,255.768432617188
2901,664.453247070313,376.744812011719,382.739837646484,454.521911621094,367.562347412109,311.699188232422,515.612548828125,246.045043945313,264.697326660156
2903,696.693115234375,398.627655029297,400.445129394531,473.317474365234,390.140045166016,335.889892578125,547.894470214844,257.498077392578,279.474792480469
2905,735.510192871094,417.466491699219,426.17236328125,515.388916015625,400.226043701172,351.244689941406,577.8818359375,275.138153076172,287.448944091797
2907,779.911865234375,454.91259765625,452.381958007813,543.970947265625,427.913940429688,378.170074462891,620.560546875,289.177917480469,318.212127685547
2909,839.085144042969,487.825256347656,483.272308349609,590.400817871094,454.076477050781,406.519775390625,659.737731933594,310.062042236328,340.696868896484
2911,887.097351074219,504.316192626953,511.710144042969,637.653503417969,478.887390136719,432.500183105469,710.77978515625,336.304626464844,351.15576171875
2913,941.921142578125,549.519958496094,554.162902832031,693.612976074219,495.390930175781,466.504486083984,757.139465332031,352.611633300781,383.900054931641
2915,1006.58581542969,594.253967285156,584.112548828125,751.704956054688,521.116149902344,499.105926513672,808.108276367188,375.833709716797,408.743988037109
2917,1069.97119140625,621.891723632813,619.601806640625,806.515502929688,551.221557617188,534.471984863281,872.49609375,404.184478759766,434.302276611328
2919,1138.89013671875,672.575134277344,660.975341796875,875.045104980469,568.330871582031,569.072631835938,919.0068359375,437.3671875,467.986694335938
2921,1192.69580078125,698.363952636719,690.67333984375,940.713012695313,595.39404296875,608.529174804688,980.883911132813,445.130310058594,488.361389160156
2923,1245.45715332031,733.168579101563,717.013671875,961.180725097656,612.76611328125,629.922546386719,1020.97088623047,466.384918212891,506.933685302734
2925,1287.63269042969,756.134521484375,736.741516113281,996.137512207031,634.7041015625,648.619079589844,1052.1005859375,500.33447265625,524.223754882813
2927,1304.68493652344,739.526428222656,747.955871582031,1018.01666259766,646.716430664063,675.837707519531,1078.20178222656,505.106903076172,525.965881347656
2929,1299.09606933594,751.346130371094,757.639343261719,1005.75305175781,631.902526855469,669.103576660156,1071.11987304688,497.277038574219,515.560729980469
2931,1269.69445800781,731.411315917969,740.471008300781,975.691772460938,635.635559082031,651.379333496094,1050.90051269531,495.241241455078,504.901245117188
2933,1230.20532226563,688.859741210938,728.053100585938,938.475402832031,597.095642089844,625.618225097656,1005.14233398438,483.756561279297,482.091705322266
2935,1190.93664550781,667.398193359375,703.792663574219,900.008422851563,584.825500488281,604.308715820313,970.735595703125,462.0498046875,449.561676025391
2937,1152.41003417969,624.83251953125,683.001342773438,858.799011230469,579.400756835938,588.672119140625,927.628723144531,443.717834472656,432.642913818359
2939,1103.27880859375,602.64697265625,656.568603515625,802.60546875,538.78271484375,549.115356445313,875.248413085938,430.504638671875,401.605590820313
2941,1047.38354492188,554.266174316406,623.777526855469,735.8857421875,530.782958984375,526.4921875,829.011962890625,407.447845458984,380.365112304688
2943,1003.64764404297,522.392211914063,610.813232421875,718.105407714844,518.151428222656,511.198089599609,794.946472167969,397.658111572266,367.866882324219
2945,954.902648925781,505.398834228516,590.186218261719,697.013427734375,486.178466796875,486.098480224609,752.560485839844,378.568695068359,340.208129882813
2947,920.778503417969,472.893341064453,574.710998535156,663.512512207031,471.882934570313,467.864837646484,719.568908691406,364.825744628906,327.813293457031
2949,888.767272949219,465.728485107422,557.165832519531,635.9208984375,459.60205078125,452.291961669922,698.794921875,360.279357910156,317.008666992188
2951,867.837768554688,460.425140380859,547.112670898438,632.573120117188,456.4560546875,450.793640136719,678.344116210938,352.435089111328,309.971038818359
2953,819.6005859375,413.447570800781,530.837646484375,610.1201171875,434.147277832031,430.043609619141,645.151000976563,338.504089355469,293.966857910156
2955,789.404724121094,386.819427490234,508.368774414063,592.780700683594,429.720764160156,415.337524414063,635.894104003906,325.035034179688,278.925994873047
2957,777.457946777344,390.659545898438,501.396911621094,561.043334960938,421.565643310547,414.422729492188,621.445922851563,321.473022460938,273.807556152344
2959,744.583923339844,374.087646484375,481.346588134766,527.947692871094,406.342407226563,394.412261962891,586.974060058594,306.331146240234,254.900741577148
2961,709.97412109375,349.510070800781,459.919860839844,524.397094726563,393.174133300781,379.579467773438,559.712219238281,293.222778320313,242.406463623047
2963,680.585144042969,337.115203857422,448.726867675781,494.758972167969,374.541412353516,363.883392333984,527.816955566406,285.729461669922,231.446853637695
2965,655.803405761719,321.280181884766,431.333984375,455.252166748047,369.994201660156,354.942169189453,505.719940185547,270.196899414063,220.007858276367
2967,623.145202636719,306.136383056641,417.767669677734,446.648590087891,347.372772216797,337.514587402344,468.27978515625,259.619750976563,210.812210083008
2969,587.432495117188,301.727416992188,396.442321777344,413.207061767578,332.100341796875,317.425170898438,447.468566894531,252.008697509766,196.26057434082
2971,571.783264160156,284.861083984375,380.758605957031,380.310302734375,322.331115722656,303.376525878906,424.739898681641,243.187622070313,179.533279418945
2973,550.507995605469,276.502990722656,369.467254638672,372.857482910156,308.676849365234,289.084136962891,403.456817626953,237.986206054688,168.836196899414
2975,512.958374023438,262.392578125,346.242004394531,340.998077392578,292.263946533203,276.849853515625,380.838226318359,216.813522338867,162.745910644531
2977,476.213134765625,235.676132202148,321.422729492188,313.333923339844,268.768615722656,255.28434753418,344.02392578125,192.572296142578,150.452011108398
2979,418.863006591797,201.129211425781,291.93212890625,279.673370361328,239.717895507813,229.395202636719,314.183380126953,172.645278930664,130.164459228516
2981,404.890625,203.136184692383,285.896270751953,264.721862792969,226.673187255859,219.760681152344,303.513031005859,171.16291809082,123.59366607666
2983,413.418273925781,202.160873413086,268.175628662109,256.862609863281,213.503570556641,200.054901123047,289.972442626953,168.83349609375,118.09886932373
2985,417.413604736328,166.639770507813,252.040939331055,247.093322753906,208.997512817383,182.752563476563,273.502532958984,162.832870483398,101.297325134277
2987,363.321258544922,153.633422851563,225.098449707031,203.822235107422,190.479507446289,157.162673950195,253.362396240234,156.574142456055,80.2333374023438
2989,264.164825439453,131.57487487793,178.781799316406,181.917938232422,169.91975402832,137.805297851563,213.956588745117,124.495796203613,61.8875045776367
2991,211.613189697266,137.530120849609,130.46794128418,114.105026245117,153.862075805664,128.241622924805,139.870574951172,73.660270690918,58.4594192504883
2993,42.7747764587402,89.0716552734375,128.083221435547,22.2822074890137,39.1098022460938,58.1859245300293,51.4065055847168,17.7569446563721,-29.0024299621582
