X value [cm⁻¹],IR Spectrum 17/O-PTIR (mV) [],IR Spectrum 16/O-PTIR (mV) [],IR Spectrum 15/O-PTIR (mV) [],IR Spectrum 3/O-PTIR (mV) [],IR Spectrum 8/O-PTIR (mV) [],IR Spectrum 10/O-PTIR (mV) [],IR Spectrum 11/O-PTIR (mV) [],IR Spectrum 6/O-PTIR (mV) [],IR Spectrum 4/O-PTIR (mV) []
935,18.2502384185791,32.4229736328125,93.1960830688477,48.7924842834473,46.2961959838867,34.0848960876465,32.8744926452637,103.051902770996,12.6875734329224
937,17.3192863464355,44.0839004516602,91.7457885742188,45.1267585754395,62.1232376098633,27.5930519104004,48.3152351379395,96.8465194702148,21.6897850036621
939,25.7212982177734,56.382438659668,96.5306396484375,53.3552055358887,62.3652648925781,29.999490737915,37.3996467590332,101.106269836426,29.0325660705566
941,34.228271484375,54.6828498840332,107.463523864746,60.2573776245117,60.5822601318359,26.1521263122559,36.9824638366699,112.063461303711,34.2465744018555
943,44.3982543945313,62.903263092041,113.826225280762,62.7936630249023,67.5750274658203,20.3194618225098,46.7063026428223,115.026733398438,36.7144050598145
945,43.3480033874512,68.4464263916016,114.334274291992,65.3596954345703,73.5846405029297,23.7000007629395,49.8128547668457,112.920372009277,34.5606842041016
947,45.9979591369629,69.9893569946289,112.567909240723,67.8559112548828,80.6786041259766,33.7813301086426,50.047420501709,114.688446044922,37.0370063781738
949,49.8635597229004,67.9048767089844,108.996231079102,67.5585784912109,84.4625625610352,38.0406951904297,48.2671394348145,119.205169677734,41.2651329040527
951,52.7220916748047,71.8924560546875,109.116111755371,71.0582122802734,89.1408233642578,37.6613845825195,45.3146629333496,118.338356018066,43.7749519348145
953,58.5351867675781,72.5595245361328,111.152198791504,68.7464141845703,97.5543212890625,34.7086524963379,42.5963172912598,124.56184387207,44.6010437011719
955,55.1606864929199,77.9933471679688,107.150192260742,67.7999649047852,105.065933227539,32.9204368591309,46.9682312011719,126.872421264648,42.975700378418
957,54.6141510009766,79.5155334472656,109.078842163086,73.5918502807617,108.873275756836,35.493968963623,45.7689323425293,123.907989501953,46.4551239013672
959,59.8949127197266,83.4683074951172,112.339164733887,72.2661743164063,114.376312255859,36.7163467407227,46.4145164489746,133.580184936523,48.6350402832031
961,60.9021606445313,89.429573059082,117.068458557129,75.8696670532227,119.739555358887,35.5271492004395,51.3687515258789,140.839477539063,50.6270866394043
963,65.5063095092773,92.5428009033203,118.474090576172,79.1998519897461,127.987045288086,36.2733840942383,49.9803047180176,143.787841796875,51.1562576293945
965,70.2798309326172,98.0535507202148,123.231170654297,78.8060302734375,131.097579956055,38.2400817871094,50.9630470275879,150.731887817383,50.195125579834
967,78.9207992553711,102.928131103516,128.688766479492,84.0860137939453,137.030166625977,40.7325592041016,54.0334739685059,163.250564575195,53.2683181762695
969,82.537971496582,105.885932922363,132.007553100586,88.4371643066406,142.194747924805,42.0060844421387,54.0260810852051,172.083953857422,58.0891647338867
971,78.733154296875,112.971199035645,134.361114501953,91.3780059814453,147.301040649414,41.3937873840332,53.2207641601563,177.006164550781,58.9581451416016
973,85.2380676269531,115.588310241699,140.233734130859,95.4305114746094,155.196105957031,42.7292366027832,51.0202560424805,189.319686889648,61.7355690002441
975,89.3767166137695,119.846641540527,148.712463378906,95.2317962646484,159.082077026367,42.4052314758301,50.9272766113281,195.988357543945,63.2424087524414
977,93.1030502319336,121.997741699219,152.337524414063,95.8226318359375,165.186767578125,45.1981010437012,51.4988021850586,201.01643371582,64.548698425293
979,93.9906234741211,122.211265563965,151.039306640625,97.86962890625,172.958145141602,43.9797821044922,50.5174446105957,207.672393798828,66.0749588012695
981,90.8726959228516,121.809059143066,162.769119262695,95.8601684570313,180.656005859375,42.6837959289551,50.3956146240234,210.075286865234,67.9491729736328
983,98.6688613891602,116.055374145508,166.620712280273,95.1031951904297,191.917999267578,43.7292404174805,49.3995513916016,212.610549926758,68.2473373413086
985,98.4368133544922,115.670372009277,165.11051940918,96.7171630859375,205.871475219727,42.3105239868164,49.5014190673828,207.510269165039,68.6392593383789
987,94.1818084716797,115.717468261719,171.777847290039,95.9032897949219,224.038452148438,41.921989440918,49.2877426147461,202.997177124023,70.64111328125
989,102.758987426758,114.112670898438,180.347778320313,98.3697814941406,236.978561401367,43.9532051086426,49.8820991516113,200.033905029297,73.8039245605469
991,109.820770263672,118.89079284668,185.142929077148,102.231155395508,248.850769042969,46.5000152587891,52.5975189208984,192.940475463867,78.796989440918
993,113.194435119629,123.169364929199,185.835464477539,104.809524536133,270.230499267578,50.332103729248,54.6405868530273,183.000442504883,84.3287048339844
995,117.67594909668,131.127532958984,194.179138183594,109.376564025879,280.880126953125,51.8835716247559,55.385311126709,182.422775268555,90.0762634277344
997,130.505828857422,138.522979736328,199.201705932617,111.533531188965,301.426391601563,55.9769554138184,57.8576698303223,177.598373413086,96.4868621826172
999,139.554626464844,143.729064941406,202.884735107422,117.907341003418,316.882873535156,62.7565383911133,60.3603019714355,171.807662963867,105.54727935791
1001,137.627197265625,156.283340454102,209.008605957031,122.225868225098,317.334320068359,66.1873321533203,61.61376953125,179.027313232422,113.218605041504
1003,147.53450012207,166.516082763672,209.655029296875,124.569725036621,347.478118896484,67.2191162109375,64.4480972290039,195.705932617188,119.276016235352
1005,155.336715698242,177.06916809082,217.809509277344,131.617736816406,359.849517822266,72.3009567260742,66.9337768554688,210.425201416016,126.477836608887
1007,159.456756591797,191.922576904297,226.965850830078,134.110946655273,347.694763183594,77.4342880249023,69.8203964233398,238.80859375,134.964324951172
1009,165.751174926758,203.425186157227,231.330993652344,136.881729125977,359.801849365234,82.2716598510742,74.3838577270508,279.51708984375,143.409408569336
1011,170.863861083984,220.853668212891,245.569000244141,141.43489074707,379.109252929688,87.1862487792969,78.1319808959961,299.593414306641,150.284545898438
1013,181.094421386719,236.538223266602,258.858642578125,149.081405639648,389.087066650391,92.3898086547852,82.1199798583984,281.587554931641,157.741928100586
1015,187.753616333008,249.526992797852,271.504028320313,155.39045715332,376.805114746094,100.440170288086,86.98291015625,227.98698425293,168.446395874023
1017,194.070007324219,270.049682617188,285.983917236328,152.329681396484,368.942810058594,101.791931152344,94.9697875976563,214.81298828125,176.175582885742
1019,198.734466552734,286.134948730469,282.841186523438,157.599426269531,344.614837646484,105.38037109375,103.266761779785,279.609344482422,183.87434387207
1021,205.56591796875,300.679290771484,286.162994384766,166.678787231445,337.016540527344,111.774909973145,108.56729888916,301.644287109375,193.708862304688
1023,216.887985229492,312.809387207031,294.969665527344,162.425537109375,366.446868896484,114.05158996582,118.496391296387,313.103790283203,202.810424804688
1025,220.19499206543,313.812591552734,294.826538085938,165.88134765625,344.7353515625,117.677932739258,128.502075195313,359.512786865234,210.004898071289
1027,225.947723388672,306.089935302734,291.923217773438,171.297164916992,281.751617431641,117.872680664063,131.611053466797,371.972198486328,217.129379272461
1029,234.425155639648,300.319183349609,301.449096679688,170.502746582031,311.335662841797,120.574684143066,141.667068481445,357.143310546875,224.889068603516
1031,243.286697387695,308.968078613281,304.685913085938,176.946212768555,361.062408447266,125.15616607666,153.364074707031,353.368591308594,228.746398925781
1033,245.154357910156,341.486114501953,299.210418701172,178.018676757813,400.897430419922,123.516494750977,159.361099243164,365.162200927734,233.762542724609
1035,241.394332885742,391.160552978516,302.866973876953,178.856185913086,311.599700927734,123.537719726563,167.48291015625,361.6494140625,237.740768432617
1037,246.326629638672,474.509063720703,312.846343994141,181.398330688477,233.403656005859,125.218994140625,170.252426147461,350.611877441406,236.666595458984
1039,250.342071533203,549.852416992188,310.534118652344,175.707794189453,330.950347900391,124.340492248535,169.284851074219,340.865112304688,236.381973266602
1041,242.654678344727,530.592834472656,300.291198730469,174.665283203125,388.771820068359,122.331581115723,168.828216552734,329.430786132813,236.862686157227
1043,237.151306152344,431.850494384766,295.268615722656,174.909729003906,405.551025390625,119.753280639648,168.61994934082,322.310119628906,230.403930664063
1045,239.439788818359,339.765014648438,294.020385742188,166.538146972656,419.124755859375,117.813766479492,168.341644287109,315.144714355469,218.896469116211
1047,234.695983886719,440.754180908203,285.168762207031,162.836013793945,410.202911376953,117.389907836914,160.185195922852,311.033660888672,213.710739135742
1049,222.252212524414,480.121215820313,267.135437011719,160.057571411133,372.419830322266,110.755882263184,152.949417114258,305.9404296875,204.232162475586
1051,216.662841796875,465.739135742188,252.887435913086,154.283737182617,303.370574951172,105.64128112793,145.95263671875,292.347320556641,188.795867919922
1053,213.433029174805,423.014129638672,241.91227722168,150.496704101563,258.440185546875,105.795387268066,137.709045410156,276.783020019531,179.294403076172
1055,210.522491455078,370.947631835938,222.529510498047,144.821578979492,243.34391784668,101.901702880859,128.799209594727,263.750640869141,170.045608520508
1057,203.365371704102,342.905151367188,212.199401855469,142.548141479492,265.444854736328,98.144889831543,123.74422454834,249.100341796875,160.467208862305
1059,208.941986083984,445.479888916016,206.128524780273,141.842254638672,325.665222167969,97.8753662109375,122.427032470703,234.224212646484,155.889511108398
1061,216.460632324219,561.8076171875,201.213577270508,138.745880126953,386.362091064453,96.5939559936523,122.750061035156,222.599533081055,155.463897705078
1063,215.636520385742,637.572265625,199.539703369141,140.272369384766,410.950317382813,97.9419937133789,122.823936462402,212.729248046875,153.316421508789
1065,224.030090332031,590.741577148438,205.0693359375,140.056869506836,359.184631347656,97.324592590332,121.987983703613,209.234222412109,151.793167114258
1067,234.751159667969,521.415832519531,216.743865966797,141.012466430664,321.264923095703,92.0876998901367,122.701446533203,204.466522216797,153.066223144531
1069,242.776031494141,795.571594238281,225.734283447266,144.091781616211,324.944641113281,94.1744689941406,123.817573547363,211.474563598633,154.529052734375
1071,251.061309814453,927.048522949219,229.214614868164,143.464691162109,331.793609619141,94.7332611083984,126.925392150879,216.594772338867,152.556442260742
1073,252.18017578125,874.611938476563,231.855453491211,146.539932250977,349.603424072266,90.9670104980469,130.150375366211,210.922058105469,152.419525146484
1075,256.875793457031,726.810607910156,239.355255126953,148.473205566406,393.550567626953,92.5272521972656,125.103286743164,220.671005249023,151.531356811523
1077,258.595458984375,543.250610351563,243.920028686523,143.993194580078,445.4638671875,92.8635482788086,128.620544433594,217.140441894531,148.362121582031
1079,257.559020996094,499.073852539063,236.69091796875,144.414093017578,467.859558105469,93.7010498046875,130.364944458008,208.70751953125,143.106384277344
1081,252.704376220703,572.724365234375,236.441650390625,144.386291503906,481.538299560547,93.4130477905273,121.156639099121,206.535507202148,140.095642089844
1083,243.293167114258,512.020629882813,232.295989990234,140.654388427734,533.822265625,93.4375228881836,120.789245605469,197.409652709961,135.4287109375
1085,243.075408935547,450.185363769531,225.607818603516,137.997360229492,606.089294433594,91.6290588378906,125.221237182617,190.566558837891,127.036323547363
1087,239.580917358398,445.703002929688,214.269943237305,137.66975402832,631.538818359375,91.0118026733398,118.508567810059,182.609085083008,124.879615783691
1089,228.388381958008,422.563659667969,207.155059814453,135.747207641602,622.36572265625,91.7477264404297,112.541809082031,177.332748413086,123.889617919922
1091,227.296081542969,380.364013671875,199.361236572266,133.764892578125,617.229675292969,91.1635971069336,116.136940002441,173.654357910156,120.406036376953
1093,227.135833740234,338.161926269531,191.563064575195,132.064605712891,597.370239257813,96.0975341796875,113.28125,168.248031616211,115.88883972168
1095,222.934127807617,319.388519287109,184.727142333984,132.401123046875,568.91162109375,99.9304351806641,110.599807739258,167.121353149414,114.232154846191
1097,216.144744873047,303.186767578125,175.932586669922,129.549224853516,542.349609375,95.5017623901367,114.633018493652,162.055084228516,114.941818237305
1099,212.043579101563,282.286254882813,170.596832275391,127.78539276123,521.110961914063,94.1839141845703,114.629402160645,163.364852905273,113.37370300293
1101,214.12646484375,277.081237792969,166.458923339844,128.894424438477,506.91455078125,98.1037139892578,112.173667907715,166.410766601563,113.091102600098
1103,210.537841796875,268.013305664063,159.260955810547,127.574569702148,484.107818603516,95.0173645019531,113.38850402832,166.853256225586,114.440017700195
1105,205.604187011719,253.710693359375,154.050735473633,128.646896362305,464.116546630859,94.6281814575195,114.83324432373,169.8291015625,113.14102935791
1107,203.673187255859,241.362457275391,148.967376708984,126.69312286377,452.989593505859,94.312744140625,115.296653747559,173.739059448242,110.735946655273
1109,204.154586791992,231.483245849609,144.744812011719,127.495109558105,434.340789794922,96.5955352783203,113.449104309082,176.313781738281,110.572914123535
1111,201.433975219727,227.920059204102,138.607849121094,126.137710571289,413.542816162109,98.1423034667969,115.275894165039,179.527145385742,109.177932739258
1113,197.38200378418,225.825988769531,132.389785766602,123.391754150391,394.557159423828,95.8898696899414,115.982879638672,183.684524536133,107.018020629883
1115,195.237396240234,219.269668579102,130.939544677734,123.525009155273,369.304901123047,95.1567001342773,110.699913024902,187.316772460938,104.680686950684
1117,198.392211914063,212.883483886719,125.642227172852,118.834449768066,344.843078613281,97.2968978881836,114.296821594238,187.21794128418,102.778030395508
1119,194.585556030273,205.37744140625,119.680458068848,116.793167114258,321.954742431641,97.1953887939453,114.889389038086,193.350891113281,99.2279052734375
1121,188.386856079102,197.935699462891,115.004402160645,121.207588195801,297.884246826172,95.1774673461914,116.00138092041,196.23454284668,97.5021209716797
1123,192.948486328125,192.303436279297,109.839073181152,117.627265930176,276.3193359375,95.2149429321289,120.189308166504,198.047317504883,97.5428695678711
1125,192.133316040039,187.047927856445,105.422897338867,119.329620361328,255.345977783203,100.251800537109,120.544792175293,204.167755126953,98.3497009277344
1127,190.347610473633,185.895660400391,101.571647644043,122.375831604004,237.033325195313,100.213233947754,127.579086303711,208.268951416016,98.5542907714844
1129,190.712890625,182.462799072266,101.049743652344,118.583602905273,221.301498413086,97.7428588867188,133.415573120117,214.291519165039,99.9792633056641
1131,193.396453857422,182.357040405273,99.4515762329102,121.719619750977,204.531280517578,98.9283294677734,137.032821655273,220.879028320313,100.987030029297
1133,197.169036865234,184.566360473633,93.0780868530273,121.084945678711,189.798706054688,99.1874389648438,147.923355102539,227.966171264648,102.724594116211
1135,192.475997924805,183.33984375,87.5349197387695,119.102806091309,176.10383605957,94.5115203857422,155.508270263672,231.721130371094,102.589370727539
1137,188.451904296875,183.66162109375,83.8491592407227,118.402946472168,164.005966186523,84.7611999511719,161.7294921875,234.56689453125,101.61833190918
1139,189.47282409668,184.347686767578,82.2544097900391,115.47875213623,152.002365112305,82.061653137207,175.541885375977,237.119979858398,100.576568603516
1141,188.871780395508,185.275482177734,80.1101531982422,114.093856811523,139.296447753906,82.4328002929688,180.899917602539,231.462600708008,98.7145690917969
1143,186.566192626953,184.338943481445,75.6751403808594,111.165504455566,129.275405883789,78.4390640258789,184.07421875,232.440093994141,96.8953094482422
1145,179.133346557617,182.827758789063,73.122444152832,109.749122619629,119.273857116699,76.77001953125,187.608734130859,231.632019042969,94.5574417114258
1147,184.509185791016,184.52897644043,72.0802307128906,108.531967163086,111.271179199219,78.4755859375,191.571044921875,224.432968139648,93.6432495117188
1149,189.774520874023,185.804306030273,70.6506042480469,107.171775817871,106.416488647461,80.5884246826172,190.198867797852,221.960372924805,93.3872451782227
1151,186.946823120117,186.225631713867,70.7607727050781,108.472320556641,102.149192810059,83.1433029174805,184.889083862305,219.484817504883,93.773796081543
1153,196.173751831055,188.344192504883,71.1380844116211,108.761940002441,99.1810989379883,84.7738723754883,183.785903930664,214.779663085938,95.5913619995117
1155,203.625045776367,192.463287353516,72.2578582763672,110.301277160645,97.1382217407227,92.0437469482422,180.285675048828,211.689483642578,96.1322937011719
1157,210.617492675781,192.570526123047,72.717414855957,110.436546325684,94.9550857543945,96.6099624633789,175.047210693359,208.556594848633,95.6190948486328
1159,211.627151489258,189.331436157227,72.6894454956055,108.754920959473,92.7582931518555,94.8389053344727,176.721252441406,206.253509521484,96.7060394287109
1161,204.628005981445,185.538330078125,74.1221389770508,109.266189575195,89.5734786987305,95.0544357299805,176.920669555664,207.105651855469,95.7711410522461
1163,207.145568847656,180.322113037109,71.2121200561523,108.585403442383,86.1649551391602,91.3953094482422,179.499206542969,204.443984985352,93.9055480957031
1165,196.339904785156,175.470092773438,65.2308502197266,107.786727905273,82.553825378418,86.8381118774414,185.661605834961,199.496704101563,92.2251510620117
1167,188.394180297852,171.454925537109,62.7497253417969,108.931762695313,80.415641784668,81.0341186523438,189.830062866211,202.293869018555,91.0795593261719
1169,184.425750732422,169.120819091797,62.2064895629883,108.451164245605,78.1146011352539,73.7437057495117,192.555572509766,199.831909179688,90.1317672729492
1171,176.504699707031,168.604278564453,59.9927520751953,105.884979248047,77.4274520874023,70.3725433349609,195.452011108398,196.147613525391,88.1665954589844
1173,178.256103515625,168.92073059082,55.602912902832,106.154487609863,74.7600402832031,65.5254669189453,194.464874267578,197.699615478516,85.4516830444336
1175,170.456314086914,172.371688842773,54.8996315002441,106.821868896484,72.5519485473633,62.6450805664063,189.312347412109,199.416091918945,82.6729354858398
1177,164.599548339844,174.145278930664,55.9453201293945,104.709953308105,71.078857421875,60.5409660339355,186.935836791992,200.340606689453,79.0285186767578
1179,169.361434936523,174.440368652344,57.0045356750488,104.190826416016,69.3811950683594,58.5077743530273,187.482055664063,197.959838867188,75.8879547119141
1181,165.764343261719,176.512237548828,60.4978866577148,105.265312194824,68.4190063476563,59.2259826660156,186.222152709961,201.146865844727,72.6055908203125
1183,165.283828735352,176.869125366211,61.0538597106934,105.502082824707,67.6395874023438,56.1077156066895,186.032897949219,208.091094970703,69.4934005737305
1185,164.946990966797,177.99169921875,62.2246894836426,107.917755126953,67.2250518798828,53.4023475646973,186.040756225586,203.198669433594,66.9746551513672
1187,162.462844848633,176.947158813477,64.6730041503906,109.10977935791,67.7919311523438,53.0726203918457,185.388732910156,203.159866333008,65.7153091430664
1189,167.120162963867,176.222106933594,65.8131866455078,113.261711120605,70.2737808227539,52.5523223876953,184.923858642578,206.435485839844,65.2862701416016
1191,163.250473022461,177.413650512695,66.5647201538086,118.238082885742,72.6520004272461,54.2682762145996,184.507781982422,201.869415283203,64.3212890625
1193,166.386428833008,180.424591064453,67.8584899902344,121.738380432129,73.9467239379883,57.4465942382813,188.736907958984,200.383834838867,64.9697036743164
1195,173.736358642578,182.849487304688,68.4794540405273,127.449035644531,77.6330413818359,57.2714538574219,186.676971435547,202.683700561523,65.69140625
1197,174.335693359375,180.267166137695,67.0853881835938,131.375930786133,81.170539855957,57.8411293029785,175.958847045898,202.152893066406,64.6029205322266
1199,174.669235229492,179.426330566406,65.1376419067383,132.955474853516,82.7786865234375,58.0485458374023,173.800430297852,194.357543945313,63.4566116333008
1201,166.466598510742,175.672653198242,65.1885452270508,134.774658203125,82.0664367675781,54.6933288574219,170.691925048828,188.058181762695,61.5194435119629
1203,162.590347290039,166.518951416016,65.9319610595703,129.035659790039,79.194206237793,51.0334625244141,161.23908996582,177.359497070313,59.221549987793
1205,161.824417114258,161.006500244141,67.2264633178711,125.236968994141,77.656120300293,50.4005470275879,162.020248413086,167.931701660156,56.9080505371094
1207,147.070724487305,154.559371948242,68.5539169311523,128.218551635742,77.6527709960938,46.5925827026367,164.435577392578,162.447860717773,54.8918342590332
1209,148.386428833008,148.026733398438,69.5075531005859,125.580642700195,77.070915222168,44.2705917358398,160.647872924805,155.824096679688,53.9205589294434
1211,154.346420288086,140.926162719727,72.497184753418,123.141082763672,75.7850112915039,44.6442947387695,162.147567749023,151.521835327148,53.5320510864258
1213,145.954254150391,144.154830932617,76.4984130859375,125.894882202148,71.5790557861328,48.236026763916,159.570327758789,151.714477539063,52.0705032348633
1215,138.252395629883,147.117919921875,80.170524597168,128.422164916992,67.7190551757813,51.5323219299316,157.205093383789,151.891265869141,50.7291717529297
1217,131.159027099609,149.846893310547,83.5525207519531,130.749786376953,64.1640243530273,54.5681838989258,155.026718139648,152.054092407227,49.4938163757324
1219,130.140930175781,148.849029541016,83.8870010375977,130.506958007813,64.6576080322266,54.8388519287109,163.433822631836,154.053894042969,48.8097229003906
1221,127.748977661133,149.642471313477,85.496955871582,133.893890380859,63.9235877990723,52.0337295532227,171.362457275391,158.826538085938,51.1598167419434
1223,136.184631347656,151.579284667969,87.3863754272461,134.808288574219,64.1639022827148,53.1981353759766,179.921508789063,162.084411621094,52.6347694396973
1225,137.975158691406,155.280990600586,89.2392654418945,135.822387695313,64.4893798828125,52.5326614379883,183.031127929688,165.342758178711,52.961181640625
1227,143.101196289063,158.494918823242,89.7325134277344,136.818298339844,65.8597793579102,53.6056632995605,188.683578491211,168.388946533203,54.9348182678223
1229,149.093368530273,165.955017089844,92.326789855957,136.810043334961,66.6295166015625,55.8643226623535,197.048233032227,176.336700439453,58.1756401062012
1231,150.205657958984,172.649963378906,97.9275512695313,139.515213012695,66.3201141357422,58.228199005127,200.785903930664,183.711929321289,59.0649948120117
1233,158.839462280273,176.163543701172,98.6437072753906,141.724044799805,65.8373565673828,59.806022644043,206.738327026367,190.658187866211,59.3469123840332
1235,155.193786621094,182.929580688477,96.2147445678711,142.804321289063,65.4802627563477,61.3661308288574,213.718551635742,195.763687133789,60.092170715332
1237,156.429138183594,186.959869384766,99.2909164428711,144.626449584961,65.0648803710938,62.6672248840332,219.76953125,202.658508300781,62.7468910217285
1239,164.142990112305,193.830093383789,102.036468505859,143.326232910156,64.0919952392578,66.7374954223633,225.336959838867,212.590927124023,65.3003692626953
1241,158.79167175293,197.435043334961,104.554725646973,145.168731689453,64.8360214233398,66.9081649780273,237.360641479492,215.450042724609,66.6631164550781
1243,163.134552001953,198.167556762695,103.961318969727,148.248397827148,63.8678131103516,68.2827529907227,245.00227355957,224.589019775391,66.4838409423828
1245,164.360916137695,204.677032470703,101.927146911621,148.475769042969,63.1448097229004,68.2262573242188,246.406631469727,239.911575317383,66.5999908447266
1247,167.271545410156,207.689300537109,103.69596862793,149.378540039063,63.502571105957,70.9087982177734,254.03564453125,243.531814575195,66.3022689819336
1249,170.865478515625,209.33039855957,103.079711914063,149.707229614258,62.8010177612305,70.8525772094727,260.275329589844,244.482528686523,65.9684066772461
1251,166.076141357422,209.28498840332,99.1571273803711,148.193176269531,60.9477386474609,71.5184555053711,257.887329101563,254.738052368164,66.1912307739258
1253,170.604934692383,208.069274902344,99.8667297363281,147.009643554688,59.8288307189941,74.3735427856445,252.974838256836,256.179077148438,66.7906494140625
1255,163.544723510742,204.9384765625,98.1985931396484,145.443267822266,58.3267555236816,72.0475158691406,250.240646362305,251.795806884766,65.8559799194336
1257,160.307586669922,198.106353759766,95.1985931396484,142.571533203125,56.4421043395996,70.8557586669922,249.778839111328,255.075347900391,64.0440826416016
1259,166.571533203125,198.232574462891,92.6595153808594,140.378433227539,54.6071891784668,73.8470916748047,247.757995605469,253.925964355469,62.1209678649902
1261,157.54248046875,199.039581298828,92.7362594604492,137.855651855469,52.4870758056641,74.6944122314453,246.910614013672,250.164657592773,61.0405120849609
1263,157.34521484375,195.095001220703,91.3813934326172,135.368026733398,50.7919464111328,74.1141586303711,244.973358154297,252.417083740234,60.3909225463867
1265,160.734130859375,196.848602294922,89.3718490600586,130.978271484375,50.0829849243164,77.1562805175781,243.728317260742,251.650009155273,60.7373275756836
1267,158.032730102539,200.846008300781,89.2160720825195,129.577011108398,48.9899291992188,78.6711883544922,248.42561340332,253.450973510742,59.6833534240723
1269,156.521682739258,201.304763793945,90.7001495361328,129.036666870117,48.4540367126465,77.6048355102539,256.438140869141,255.765502929688,59.8823585510254
1271,147.689804077148,204.996963500977,91.0666275024414,126.994445800781,47.6833686828613,76.448600769043,257.717834472656,255.869064331055,59.4322547912598
1273,153.202651977539,209.961181640625,88.6017074584961,127.899208068848,48.5620536804199,77.3144073486328,258.110107421875,261.175445556641,59.5468788146973
1275,152.611221313477,214.893096923828,87.7519454956055,128.65966796875,48.8458786010742,78.667350769043,253.909957885742,265.951354980469,60.390983581543
1277,144.263717651367,221.470199584961,86.5417175292969,128.789428710938,48.7233657836914,76.717170715332,254.188598632813,275.492614746094,61.0715866088867
1279,154.311447143555,227.866424560547,84.9666900634766,129.705001831055,49.5089225769043,77.402702331543,256.598999023438,282.258514404297,61.3525657653809
1281,156.178970336914,231.055252075195,84.4732360839844,130.273788452148,51.2475090026855,79.0526275634766,249.909851074219,287.408325195313,61.9959335327148
1283,151.50439453125,231.214630126953,84.2576065063477,132.883178710938,52.1130104064941,75.3381652832031,244.868041992188,296.596801757813,62.8630027770996
1285,153.45556640625,232.630157470703,83.1962356567383,134.738128662109,52.6226387023926,76.2578887939453,236.296829223633,299.134552001953,64.0809707641602
1287,156.109039306641,233.793167114258,85.2485198974609,135.776916503906,53.7231903076172,74.9571075439453,233.408706665039,300.405822753906,63.932243347168
1289,161.380157470703,231.926910400391,87.2407684326172,136.624603271484,54.4264869689941,76.0764541625977,238.847579956055,302.777191162109,63.7936058044434
1291,161.995620727539,237.255752563477,86.9642486572266,139.002395629883,56.5962944030762,83.1985092163086,229.680099487305,306.755096435547,64.6889266967773
1293,163.617782592773,250.723571777344,91.6849975585938,141.553482055664,59.4961776733398,85.441650390625,228.973602294922,318.226501464844,66.9850387573242
1295,173.017761230469,259.027404785156,92.2406921386719,142.496459960938,61.3837547302246,89.1317367553711,231.342956542969,324.844970703125,68.2757949829102
1297,177.544509887695,268.516693115234,93.2602844238281,146.076721191406,63.710376739502,92.9537811279297,225.813064575195,334.83837890625,69.1400909423828
1299,187.427947998047,276.610656738281,97.1693496704102,149.824523925781,66.4115753173828,90.9218444824219,234.624542236328,346.690795898438,71.0999450683594
1301,188.214141845703,289.755828857422,100.860427856445,151.333465576172,69.1646118164063,96.7863082885742,235.585983276367,354.675506591797,72.4443588256836
1303,191.867431640625,298.449829101563,105.642845153809,150.392120361328,71.5800628662109,99.2059631347656,234.254318237305,362.139068603516,73.5434265136719
1305,206.533950805664,297.461120605469,108.63452911377,147.509552001953,73.3418884277344,99.7156448364258,237.274200439453,369.970672607422,73.2331619262695
1307,201.355026245117,306.614837646484,106.761489868164,146.933883666992,73.6476211547852,102.047416687012,238.136535644531,376.300811767578,72.5742721557617
1309,198.067169189453,313.561889648438,112.557395935059,143.725296020508,73.4440307617188,98.3754425048828,245.171188354492,380.315704345703,72.1134719848633
1311,205.546752929688,305.008605957031,109.362922668457,139.093170166016,73.0948638916016,97.1964950561523,245.139938354492,378.324432373047,70.4586868286133
1313,204.795822143555,309.712463378906,109.483169555664,138.592987060547,72.8092269897461,100.575378417969,248.96728515625,379.378509521484,69.0310897827148
1315,204.871948242188,314.655303955078,115.271018981934,140.429214477539,73.0486145019531,98.8715362548828,259.166168212891,388.908203125,69.1434478759766
1317,206.078216552734,312.694732666016,115.478958129883,142.08854675293,72.6436996459961,100.856399536133,262.157501220703,389.640594482422,67.457389831543
1319,216.510620117188,320.211730957031,123.697914123535,144.341720581055,73.7389373779297,108.409202575684,277.275665283203,393.9482421875,68.1290130615234
1321,233.984161376953,336.432098388672,134.551605224609,151.818954467773,77.1522827148438,115.021850585938,292.822784423828,411.186981201172,72.0856552124023
1323,236.312545776367,363.227569580078,145.433319091797,161.176940917969,81.5931625366211,128.034164428711,301.268646240234,425.651672363281,75.9617614746094
1325,253.619873046875,380.508331298828,162.942092895508,171.671813964844,86.9763259887695,135.932571411133,312.403228759766,434.226837158203,79.6763381958008
1327,263.282958984375,398.163116455078,169.447631835938,181.140289306641,92.1569671630859,145.032455444336,318.495269775391,438.247863769531,83.8294448852539
1329,272.198089599609,415.244384765625,179.346908569336,189.210647583008,96.6838073730469,152.397811889648,328.996368408203,437.9365234375,87.8728866577148
1331,279.961669921875,422.150482177734,186.032699584961,196.475402832031,99.7480087280273,149.080825805664,343.459625244141,439.421630859375,90.0965576171875
1333,271.818481445313,427.800506591797,188.709045410156,199.815155029297,101.525268554688,151.231231689453,350.991790771484,432.208526611328,89.2524261474609
1335,278.89990234375,426.703002929688,185.485717773438,198.794342041016,100.36270904541,144.4970703125,360.305572509766,422.462188720703,88.2596206665039
1337,272.936431884766,418.507385253906,176.016311645508,199.941635131836,95.3818511962891,132.771499633789,369.334716796875,416.618774414063,87.2347412109375
1339,264.337707519531,421.683776855469,171.737091064453,204.06803894043,92.0395355224609,124.725708007813,374.002136230469,419.669738769531,85.962158203125
1341,294.121215820313,465.530090332031,192.90657043457,223.132247924805,105.02490234375,123.205459594727,395.445098876953,426.980102539063,95.8347015380859
1343,308.598480224609,505.187591552734,209.758056640625,243.027465820313,117.610572814941,124.398422241211,418.568511962891,427.772003173828,107.520225524902
1345,331.265563964844,535.135986328125,230.65104675293,265.214691162109,129.164093017578,120.824653625488,432.370635986328,446.397430419922,117.447128295898
1347,341.098541259766,569.034973144531,248.901870727539,288.817047119141,140.533843994141,120.80997467041,449.104827880859,466.589019775391,128.213989257813
1349,356.530151367188,615.203002929688,267.470367431641,311.938079833984,155.051986694336,120.452285766602,462.180023193359,474.490264892578,139.987548828125
1351,401.399749755859,659.941040039063,298.382415771484,347.237884521484,173.989486694336,101.759498596191,478.299377441406,485.327484130859,154.243392944336
1353,415.266357421875,700.027099609375,335.717010498047,371.810607910156,186.406753540039,138.304550170898,497.275573730469,507.858703613281,166.753143310547
1355,424.742980957031,733.436462402344,430.84423828125,407.896026611328,200.523498535156,233.655059814453,527.408386230469,523.914184570313,180.774993896484
1357,437.636291503906,737.091613769531,530.789672851563,443.174377441406,206.316101074219,314.109436035156,565.439636230469,512.321594238281,196.627563476563
1359,441.574554443359,768.037719726563,573.055786132813,449.239898681641,192.435791015625,332.22509765625,574.971130371094,514.384460449219,207.843994140625
1361,442.752197265625,749.407653808594,537.225402832031,442.740753173828,172.375305175781,302.350402832031,593.713989257813,543.500366210938,214.738616943359
1363,434.700073242188,725.458435058594,493.990539550781,448.080474853516,165.314514160156,283.996673583984,621.899108886719,525.596008300781,219.597106933594
1365,431.897857666016,695.344482421875,477.592346191406,450.365631103516,165.027801513672,241.787673950195,596.276794433594,499.672027587891,224.790634155273
1367,432.153594970703,655.765625,441.298950195313,429.772216796875,160.216918945313,187.407791137695,574.786804199219,492.103820800781,222.360229492188
1369,435.600952148438,627.591491699219,425.341491699219,415.067687988281,160.886291503906,153.935348510742,582.209045410156,482.803192138672,219.083358764648
1371,438.705780029297,573.066589355469,427.769500732422,415.083190917969,164.922271728516,112.83878326416,577.347290039063,476.9794921875,221.809677124023
1373,432.805114746094,540.348083496094,396.396057128906,393.819122314453,161.663711547852,118.270416259766,600.803649902344,478.585296630859,218.651977539063
1375,425.093231201172,560.026062011719,451.451354980469,407.164764404297,174.006484985352,144.021713256836,621.800476074219,480.867462158203,230.2919921875
1377,421.170471191406,572.25634765625,519.592224121094,445.692047119141,187.183502197266,167.079254150391,591.356872558594,492.420349121094,242.795776367188
1379,401.361389160156,562.427490234375,564.235290527344,476.227813720703,196.847610473633,223.551223754883,622.47802734375,504.323913574219,255.638687133789
1381,360.304534912109,642.079528808594,558.341186523438,492.952850341797,197.874938964844,277.306823730469,624.722961425781,521.246337890625,264.94189453125
1383,299.655181884766,749.576354980469,545.084289550781,498.611846923828,192.381469726563,269.225219726563,634.479736328125,538.741516113281,270.061462402344
1385,312.672332763672,757.127685546875,495.909118652344,463.720031738281,184.253265380859,208.568908691406,539.3818359375,553.387939453125,263.607086181641
1387,350.946594238281,761.28271484375,482.201995849609,445.099792480469,180.758407592773,142.293762207031,663.918701171875,564.114868164063,265.221618652344
1389,359.689086914063,839.261413574219,525.0458984375,469.844604492188,186.990493774414,103.081344604492,564.994079589844,586.575134277344,283.801330566406
1391,372.257843017578,885.629089355469,565.373168945313,490.960174560547,195.584457397461,102.696197509766,571.637878417969,612.946899414063,306.974761962891
1393,410.520538330078,899.976318359375,573.952697753906,488.584625244141,197.764419555664,104.766510009766,670.279052734375,629.079223632813,309.565734863281
1395,454.914093017578,996.666748046875,600.771667480469,537.013427734375,211.081909179688,144.526657104492,712.76953125,697.246887207031,343.039855957031
1397,492.0517578125,1108.85388183594,632.464294433594,579.774353027344,229.025344848633,191.021881103516,775.8447265625,757.209045410156,380.890777587891
1399,568.149841308594,1154.27136230469,690.591003417969,677.47412109375,235.498641967773,357.695495605469,951.3515625,800.685302734375,423.089874267578
1401,588.437866210938,806.284790039063,588.427978515625,760.739868164063,228.450149536133,799.550720214844,1089.87133789063,879.565551757813,459.82470703125
1403,545.739562988281,1097.70886230469,408.182006835938,774.778747558594,251.884841918945,967.982727050781,1134.64270019531,953.343566894531,481.818786621094
1405,476.398864746094,1298.10473632813,332.591278076172,775.416015625,262.860076904297,960.619384765625,1227.04187011719,953.41650390625,497.649932861328
1407,420.025939941406,1265.08715820313,440.359344482422,760.603515625,241.861633300781,732.187133789063,1285.23425292969,899.394592285156,495.105285644531
1409,464.998596191406,1132.23034667969,606.008117675781,756.529663085938,259.831115722656,712.485717773438,1185.27868652344,849.075073242188,493.693450927734
1411,498.961303710938,981.011901855469,736.907836914063,709.520935058594,291.865295410156,646.859191894531,1077.91442871094,802.097961425781,495.252868652344
1413,517.219055175781,869.687561035156,821.958923339844,651.512451171875,303.353668212891,486.537780761719,1036.69104003906,752.917602539063,478.481750488281
1415,529.04248046875,788.633911132813,740.466552734375,576.549743652344,303.028961181641,345.774993896484,888.4248046875,718.651672363281,441.133575439453
1417,523.263916015625,713.347961425781,604.962219238281,493.020446777344,286.656707763672,245.916366577148,729.552978515625,697.027465820313,394.253356933594
1419,608.67236328125,664.057739257813,508.776397705078,429.139526367188,261.907470703125,229.614761352539,670.334411621094,646.754760742188,347.673492431641
1421,612.023803710938,637.147338867188,473.052825927734,387.715057373047,246.0625,238.476623535156,665.730895996094,594.797973632813,324.039703369141
1423,626.287963867188,571.072143554688,414.788299560547,354.43408203125,217.898712158203,229.988906860352,620.453857421875,550.98583984375,292.968109130859
1425,676.419738769531,533.230346679688,386.199005126953,335.840240478516,198.990631103516,229.694519042969,610.511413574219,503.27392578125,278.637115478516
1427,664.978881835938,512.994262695313,361.234741210938,312.123840332031,184.717437744141,252.239456176758,556.072631835938,467.481079101563,265.953521728516
1429,676.014099121094,466.359954833984,309.832916259766,295.975738525391,165.620849609375,265.404663085938,496.65185546875,437.337005615234,250.153747558594
1431,725.087036132813,445.363464355469,291.766204833984,289.247222900391,157.897613525391,296.197296142578,482.276947021484,415.967651367188,244.883148193359
1433,751.152160644531,443.587097167969,278.490112304688,284.546264648438,154.896743774414,321.523040771484,461.870422363281,405.387603759766,243.664627075195
1435,732.189758300781,417.144775390625,249.904083251953,279.59619140625,148.775283813477,323.158020019531,433.241394042969,404.492919921875,234.957580566406
1437,659.993469238281,413.613098144531,248.235260009766,279.111694335938,145.751815795898,371.295654296875,414.809265136719,399.754180908203,233.961410522461
1439,656.254821777344,435.595733642578,261.231628417969,292.405334472656,149.490707397461,418.197875976563,425.134826660156,396.125732421875,243.37744140625
1441,647.765991210938,443.912139892578,259.418212890625,302.242736816406,153.162017822266,457.222442626953,435.89892578125,401.242156982422,249.311813354492
1443,631.682556152344,442.867248535156,253.88037109375,299.025939941406,150.779296875,491.950469970703,423.304748535156,400.9677734375,248.777954101563
1445,683.200439453125,426.621856689453,244.662384033203,297.621276855469,149.351196289063,519.130737304688,416.078826904297,395.880187988281,243.469680786133
1447,697.930236816406,413.103149414063,233.632827758789,294.859313964844,148.500640869141,526.5205078125,385.821655273438,407.500610351563,237.244552612305
1449,661.49365234375,411.825225830078,221.023559570313,297.336791992188,146.483703613281,574.860412597656,372.930572509766,410.59423828125,229.09992980957
1451,625.736755371094,410.571197509766,208.649520874023,299.768035888672,144.50439453125,622.298583984375,360.279937744141,413.630157470703,221.107269287109
1453,590.640747070313,409.340270996094,196.504165649414,302.154327392578,142.561660766602,668.859985351563,347.863128662109,416.609954833984,213.262313842773
1455,546.474487304688,404.139343261719,186.112274169922,305.480743408203,142.697906494141,664.098510742188,356.667358398438,425.419738769531,212.183532714844
1457,492.587493896484,398.114318847656,184.72200012207,302.984893798828,143.212432861328,658.928161621094,345.316986083984,441.276702880859,207.678771972656
1459,477.056579589844,417.643493652344,192.394729614258,317.000152587891,152.281341552734,749.266723632813,388.740753173828,451.405822753906,217.807876586914
1461,449.685180664063,439.483459472656,206.312438964844,316.982574462891,153.482131958008,825.091552734375,388.141387939453,437.187103271484,221.353912353516
1463,410.156585693359,434.635711669922,210.312789916992,310.953308105469,149.714797973633,843.646667480469,378.736236572266,429.314392089844,217.844970703125
1465,388.823699951172,417.841522216797,202.046020507813,309.113464355469,148.601913452148,845.721862792969,387.346832275391,425.637481689453,214.714691162109
1467,362.697265625,415.943695068359,202.017288208008,296.032806396484,145.728851318359,844.058776855469,369.031677246094,406.633514404297,203.43669128418
1469,328.656433105469,393.736083984375,202.949340820313,280.702331542969,137.813262939453,806.915649414063,384.643127441406,388.637512207031,192.751419067383
1471,297.975311279297,353.272705078125,182.942947387695,265.336456298828,128.970230102539,756.904479980469,375.396881103516,373.917022705078,182.523162841797
1473,269.039703369141,310.261688232422,159.585311889648,238.462295532227,113.263198852539,700.3115234375,349.381805419922,340.994812011719,160.900787353516
1475,244.293151855469,276.194061279297,147.8876953125,214.950653076172,96.7966842651367,646.046630859375,348.59033203125,310.497528076172,143.629608154297
1477,222.637435913086,237.04133605957,130.526214599609,193.143859863281,83.5395050048828,580.912292480469,346.636566162109,271.324462890625,128.103729248047
1479,215.111877441406,216.229873657227,127.414741516113,177.417037963867,76.1898574829102,516.848327636719,368.048645019531,247.372192382813,115.014923095703
1481,207.419387817383,203.823196411133,122.591484069824,169.250274658203,69.4137954711914,448.152862548828,385.880676269531,236.849258422852,104.346809387207
1483,192.117630004883,192.48063659668,120.105529785156,162.875091552734,63.3617820739746,373.948822021484,381.612518310547,231.289367675781,97.1193695068359
1485,185.12272644043,181.772323608398,118.138259887695,157.468017578125,60.3340263366699,311.322845458984,400.059356689453,229.655960083008,92.9330978393555
1487,169.301544189453,178.392333984375,113.831855773926,156.939987182617,59.20458984375,251.337142944336,401.669952392578,235.856552124023,88.980094909668
1489,156.925262451172,177.857040405273,115.82438659668,153.481307983398,59.1933135986328,199.50520324707,398.076477050781,246.939498901367,87.1562652587891
1491,155.599151611328,175.946762084961,123.693023681641,152.358322143555,62.9017105102539,151.49250793457,425.060668945313,257.621459960938,86.3802185058594
1493,137.94987487793,181.450927734375,130.463455200195,151.652542114258,66.7954330444336,124.751495361328,426.383453369141,267.944091796875,87.058952331543
1495,130.030166625977,185.411865234375,131.179580688477,151.921798706055,68.6975708007813,103.354270935059,420.133392333984,276.886383056641,86.6599197387695
1497,125.867797851563,187.532821655273,133.72135925293,151.347213745117,67.9735260009766,86.5092010498047,411.560791015625,288.431945800781,82.33984375
1499,129.522933959961,189.939819335938,144.586029052734,149.025009155273,70.5129318237305,81.1200866699219,424.603240966797,303.669525146484,84.9434585571289
1501,126.604568481445,195.073867797852,145.068298339844,150.076812744141,73.3982467651367,76.2642669677734,415.823974609375,316.531005859375,87.4776611328125
1503,118.111946105957,203.479354858398,144.903076171875,155.531311035156,77.0553207397461,72.7429809570313,405.712524414063,334.987426757813,85.2424545288086
1505,117.35669708252,200.969085693359,140.967636108398,153.370956420898,77.3102264404297,74.1006469726563,390.262969970703,347.961303710938,83.5760269165039
1507,115.168128967285,197.794952392578,143.480361938477,158.680023193359,81.2062530517578,73.2299194335938,358.311706542969,379.630462646484,90.634521484375
1509,113.791580200195,217.735900878906,154.308227539063,172.621673583984,89.9572677612305,77.9335479736328,333.512725830078,409.365234375,92.7315673828125
1511,125.17862701416,230.099182128906,154.740982055664,179.127838134766,98.4370498657227,81.5213775634766,327.807464599609,423.395812988281,92.3251495361328
1513,127.761726379395,238.810211181641,161.618041992188,191.394119262695,106.604904174805,85.5518341064453,336.314849853516,451.622283935547,95.7590942382813
1515,129.806411743164,242.420562744141,165.840454101563,198.866836547852,109.527839660645,89.4875335693359,317.484405517578,472.760559082031,99.21337890625
1517,132.451278686523,267.099700927734,165.616058349609,217.143951416016,120.777122497559,95.0163650512695,344.141693115234,504.141235351563,106.408256530762
1519,128.648788452148,277.383148193359,164.037445068359,227.476852416992,129.920654296875,99.4110488891602,358.156005859375,517.048034667969,112.847465515137
1521,131.571090698242,287.629516601563,175.772872924805,242.9912109375,140.559051513672,106.241554260254,342.933166503906,556.142333984375,119.217559814453
1523,141.055023193359,313.581481933594,195.8017578125,264.62255859375,154.758010864258,114.386428833008,377.136596679688,596.545593261719,132.037033081055
1525,139.096282958984,342.233856201172,202.429702758789,274.722534179688,166.069229125977,116.815498352051,371.684906005859,631.13427734375,140.512542724609
1527,148.337188720703,360.847839355469,207.624481201172,294.799072265625,178.614166259766,122.953048706055,373.16162109375,664.302551269531,152.064727783203
1529,173.403915405273,392.438110351563,224.11848449707,320.208374023438,194.067398071289,148.973327636719,412.724395751953,699.355102539063,166.650787353516
1531,165.727157592773,413.338928222656,234.226104736328,332.614593505859,201.365173339844,162.034072875977,407.408020019531,726.134643554688,173.909210205078
1533,169.388092041016,434.748199462891,235.035614013672,353.200225830078,214.255111694336,165.101928710938,421.772644042969,766.924377441406,186.330444335938
1535,197.829940795898,470.215637207031,249.503875732422,375.912048339844,230.406066894531,187.931015014648,428.910980224609,811.069458007813,202.76220703125
1537,205.581481933594,477.455108642578,261.122314453125,379.157958984375,231.297134399414,191.524139404297,417.517822265625,818.979614257813,203.74446105957
1539,199.298706054688,473.470520019531,273.27978515625,387.925109863281,237.567855834961,187.377243041992,415.061370849609,852.484741210938,205.711196899414
1541,193.518905639648,471.877380371094,281.318817138672,409.864807128906,248.998001098633,190.946914672852,423.543334960938,894.84033203125,216.986999511719
1543,224.301254272461,507.367279052734,282.305511474609,427.58056640625,254.612823486328,201.752395629883,448.007232666016,914.105407714844,227.381332397461
1545,252.958038330078,632.106750488281,328.377502441406,461.472229003906,266.964691162109,256.104064941406,483.4208984375,965.44921875,243.078521728516
1547,257.716003417969,714.352233886719,372.808380126953,488.497436523438,272.566711425781,293.775665283203,537.530578613281,996.712951660156,258.259857177734
1549,274.174682617188,700.514404296875,363.335662841797,489.22900390625,276.157836914063,296.472625732422,552.917053222656,1000.74542236328,259.864440917969
1551,290.988494873047,752.38671875,425.826934814453,498.116973876953,280.378601074219,324.036743164063,556.911010742188,1037.85034179688,264.980834960938
1553,294.711944580078,755.628479003906,420.825317382813,502.068237304688,277.520263671875,316.620849609375,555.355102539063,1038.76940917969,263.739440917969
1555,311.790649414063,750.021545410156,409.413940429688,510.810913085938,280.09130859375,318.739471435547,584.082580566406,1047.93615722656,265.030853271484
1557,301.381225585938,707.272766113281,388.753173828125,502.229125976563,275.482635498047,304.397644042969,553.617004394531,1050.56909179688,257.615142822266
1559,327.974914550781,716.132629394531,418.186248779297,519.070922851563,282.558074951172,307.791687011719,553.623779296875,1080.15270996094,260.357421875
1561,393.268035888672,906.275451660156,581.981262207031,569.10009765625,306.493072509766,410.195922851563,685.013061523438,1165.64758300781,297.844604492188
1563,408.662811279297,929.611938476563,619.7119140625,588.59033203125,312.235717773438,431.381134033203,690.744323730469,1190.68347167969,310.358673095703
1565,429.865356445313,958.511291503906,684.927490234375,630.806579589844,324.178741455078,407.171112060547,750.051208496094,1244.23657226563,328.926330566406
1567,450.128509521484,910.361633300781,686.527465820313,632.921142578125,334.704467773438,408.699371337891,772.19775390625,1282.21923828125,341.706878662109
1569,443.658813476563,854.807556152344,637.663696289063,648.366271972656,342.311676025391,469.636596679688,816.069702148438,1297.24658203125,347.504119873047
1571,458.729675292969,1039.30310058594,663.471008300781,727.421203613281,372.755828857422,552.966674804688,1018.99230957031,1412.92883300781,397.062805175781
1573,451.563751220703,1169.74145507813,571.379333496094,752.237609863281,391.080108642578,647.346801757813,1093.79211425781,1481.29321289063,425.914947509766
1575,426.492950439453,1098.30529785156,427.229553222656,736.622436523438,388.809112548828,558.851135253906,1045.11840820313,1470.96362304688,414.256439208984
1577,495.673950195313,1076.01794433594,372.260284423828,794.05224609375,412.032287597656,500.574401855469,1264.33569335938,1549.0634765625,460.926147460938
1579,619.637084960938,1006.57360839844,396.837585449219,882.334899902344,400.358245849609,473.711639404297,1578.10998535156,1572.62084960938,506.984954833984
1581,741.15234375,1013.19262695313,314.833557128906,897.373901367188,359.033203125,584.574462890625,1746.68713378906,1525.26000976563,514.406066894531
1583,856.896545410156,905.431274414063,277.851959228516,819.59375,305.982940673828,587.195129394531,1969.14038085938,1486.72436523438,505.724334716797
1585,917.276306152344,1004.82824707031,477.891357421875,780.622863769531,307.115325927734,390.220825195313,2063.11547851563,1438.3466796875,506.936431884766
1587,861.845764160156,1295.39123535156,596.986511230469,745.913757324219,301.165374755859,332.581451416016,1823.36499023438,1323.20239257813,503.462799072266
1589,797.908142089844,1303.59448242188,465.750732421875,707.151672363281,296.976928710938,338.29052734375,1643.61669921875,1266.80297851563,482.393493652344
1591,797.044738769531,1193.94482421875,402.851165771484,692.123046875,291.576080322266,466.004913330078,1598.8642578125,1213.33288574219,456.442596435547
1593,742.955871582031,1146.46655273438,434.717956542969,671.758972167969,271.212432861328,591.531982421875,1545.59753417969,1148.22912597656,421.657531738281
1595,607.040710449219,1048.78051757813,430.152770996094,648.74951171875,252.95622253418,550.873779296875,1482.12341308594,1082.44360351563,389.782257080078
1597,506.192199707031,1034.02319335938,438.819061279297,618.603576660156,240.535629272461,415.309356689453,1456.71508789063,1036.11450195313,372.894958496094
1599,480.421203613281,1060.04858398438,470.911651611328,591.641540527344,223.193344116211,328.872375488281,1414.94323730469,1074.48449707031,352.586975097656
1601,442.802551269531,1062.11572265625,481.519073486328,576.762084960938,203.112701416016,303.441711425781,1338.45715332031,1085.21765136719,327.942962646484
1603,423.961517333984,1051.74291992188,439.031768798828,547.930786132813,194.318359375,286.910919189453,1263.83862304688,1032.40173339844,309.960601806641
1605,385.8076171875,963.558044433594,400.272338867188,520.062377929688,190.502349853516,246.460037231445,1208.45617675781,993.856384277344,295.652770996094
1607,368.122741699219,865.46337890625,380.906097412109,499.861907958984,190.751815795898,196.312652587891,1125.421875,979.407409667969,276.954681396484
1609,380.529510498047,823.283935546875,351.087768554688,467.949188232422,186.799789428711,173.973052978516,1041.64331054688,952.445983886719,259.130035400391
1611,371.513061523438,775.770812988281,335.400543212891,443.504943847656,177.326019287109,153.484191894531,1005.67687988281,902.586486816406,249.82177734375
1613,366.442810058594,710.525390625,323.134857177734,413.307952880859,173.150177001953,133.667861938477,947.9248046875,866.208190917969,239.859436035156
1615,354.777496337891,647.371826171875,281.375061035156,392.038299560547,171.236541748047,123.830139160156,849.338623046875,847.726501464844,221.907470703125
1617,361.893676757813,620.878540039063,258.779632568359,380.247131347656,166.625823974609,109.568298339844,781.133178710938,806.398254394531,207.714263916016
1619,357.904479980469,609.3408203125,263.345184326172,355.119720458984,161.169708251953,106.746276855469,770.428588867188,773.245666503906,204.558410644531
1621,325.473236083984,557.341735839844,241.409866333008,342.901916503906,157.082061767578,107.401748657227,735.224365234375,750.473571777344,194.275238037109
1623,318.737762451172,541.00634765625,229.556671142578,332.865875244141,154.573684692383,98.3522033691406,672.4736328125,717.6904296875,181.060287475586
1625,311.784484863281,531.217529296875,236.969116210938,320.102966308594,148.215942382813,100.74836730957,670.171325683594,702.407775878906,176.768142700195
1627,285.457427978516,495.372589111328,221.650863647461,318.796722412109,144.822860717773,98.2793350219727,636.905395507813,679.530883789063,171.99348449707
1629,286.518829345703,500.809173583984,239.400939941406,312.454986572266,142.487976074219,92.7276916503906,621.205322265625,666.041748046875,170.005310058594
1631,280.451599121094,492.562591552734,238.696350097656,309.247985839844,140.255798339844,92.5301361083984,628.153137207031,654.749389648438,168.030517578125
1633,268.005584716797,456.134735107422,219.472473144531,308.0712890625,138.066299438477,90.8380661010742,605.254028320313,632.845764160156,161.681396484375
1635,256.362762451172,416.906372070313,178.427520751953,299.634185791016,138.198913574219,85.4293518066406,535.629272460938,601.152893066406,152.815338134766
1637,255.530136108398,411.9677734375,184.790618896484,305.6044921875,137.134704589844,92.5665054321289,513.712341308594,592.970520019531,151.99836730957
1639,274.470550537109,437.326446533203,212.842895507813,304.964813232422,134.575561523438,100.459945678711,542.653747558594,585.140319824219,156.127365112305
1641,278.276580810547,442.646453857422,219.158752441406,300.05419921875,132.651229858398,108.023880004883,561.019165039063,576.740356445313,161.613128662109
1643,272.734985351563,428.250061035156,221.930511474609,304.474731445313,132.117538452148,105.098815917969,548.534790039063,573.659790039063,163.163635253906
1645,270.022247314453,407.192840576172,193.401306152344,299.752227783203,132.871841430664,103.993751525879,505.26611328125,566.751586914063,156.563064575195
1647,272.004608154297,389.892974853516,175.191864013672,312.114898681641,135.086776733398,100.729034423828,489.298461914063,575.63916015625,158.579833984375
1649,289.648742675781,413.710083007813,215.296630859375,325.959594726563,133.664855957031,109.123901367188,524.090087890625,600.678344726563,171.775238037109
1651,292.573516845703,416.483032226563,211.46418762207,321.295349121094,133.029312133789,111.148414611816,518.885803222656,602.276733398438,172.315216064453
1653,298.271850585938,418.952392578125,198.280059814453,341.274475097656,139.699615478516,102.535263061523,521.256103515625,629.140747070313,176.343048095703
1655,331.276214599609,492.467803955078,259.820526123047,360.347015380859,141.680236816406,128.662551879883,601.335083007813,656.305786132813,200.693176269531
1657,333.429504394531,540.4140625,290.595123291016,375.090026855469,141.013442993164,161.694381713867,656.541564941406,674.835998535156,217.238357543945
1659,344.096557617188,543.38525390625,320.057830810547,391.693084716797,139.267913818359,186.913116455078,697.850891113281,689.059692382813,226.875625610352
1661,346.353942871094,535.273071289063,311.0859375,390.643157958984,144.558746337891,191.334625244141,690.190185546875,703.6220703125,226.427673339844
1663,355.310852050781,553.67822265625,337.681030273438,409.699737548828,148.912124633789,201.297470092773,729.513122558594,750.993774414063,237.099395751953
1665,379.589019775391,583.332458496094,361.665283203125,428.415679931641,147.393325805664,188.681503295898,773.901123046875,773.417053222656,250.957778930664
1667,366.728759765625,564.809814453125,334.733306884766,416.731994628906,149.682373046875,167.775238037109,745.321533203125,777.824768066406,242.551727294922
1669,359.429809570313,522.239807128906,305.890625,417.082855224609,155.103881835938,159.219619750977,715.588989257813,812.865112304688,229.973999023438
1671,387.092590332031,555.565368652344,331.696472167969,417.511505126953,161.366912841797,177.737213134766,749.72705078125,847.664367675781,235.781326293945
1673,374.084899902344,563.846557617188,351.044708251953,416.794281005859,160.625640869141,185.371932983398,765.326110839844,853.540405273438,240.73323059082
1675,386.837280273438,552.319885253906,346.693420410156,425.93505859375,163.264465332031,189.973846435547,786.947631835938,866.758056640625,244.294998168945
1677,388.286041259766,567.561584472656,375.2080078125,433.963195800781,164.117645263672,223.190216064453,832.46435546875,881.412048339844,256.122100830078
1679,380.263916015625,547.036254882813,372.967376708984,429.611206054688,165.267562866211,220.383361816406,819.173217773438,883.71044921875,250.425491333008
1681,377.161346435547,526.806701660156,349.824096679688,415.938781738281,164.079010009766,204.417327880859,800.634338378906,865.310424804688,241.343444824219
1683,348.603118896484,479.117340087891,296.258697509766,394.111450195313,160.702972412109,182.50407409668,733.069396972656,813.05517578125,221.22380065918
1685,351.564361572266,470.903839111328,304.940490722656,389.657012939453,158.154693603516,190.027923583984,738.197814941406,786.118225097656,215.277160644531
1687,345.559783935547,470.053131103516,298.124694824219,366.763793945313,153.560897827148,192.429992675781,732.981262207031,768.74365234375,208.932952880859
1689,324.396423339844,451.738708496094,297.839416503906,349.646545410156,147.685806274414,189.535339355469,712.796081542969,722.880859375,201.74201965332
1691,317.65234375,443.998840332031,299.842132568359,338.977691650391,142.745529174805,193.274337768555,701.635131835938,673.622802734375,197.054489135742
1693,302.496276855469,414.953247070313,268.600341796875,316.742462158203,135.769256591797,184.2333984375,661.310363769531,636.536437988281,185.467254638672
1695,271.767272949219,368.244018554688,220.461212158203,298.373626708984,128.285095214844,150.877227783203,585.258911132813,572.205322265625,168.194122314453
1697,241.454437255859,335.106994628906,185.824600219727,281.625244140625,120.316505432129,128.820877075195,517.43701171875,509.942321777344,154.224136352539
1699,233.380264282227,323.518493652344,175.397705078125,275.679321289063,116.377838134766,120.920181274414,490.439636230469,487.624877929688,148.024398803711
1701,239.999206542969,339.599151611328,192.050231933594,281.249572753906,114.423271179199,129.619338989258,505.588745117188,490.174011230469,150.757232666016
1703,235.241149902344,345.633544921875,190.115814208984,277.574157714844,113.504531860352,133.986633300781,503.724334716797,490.342681884766,153.162475585938
1705,238.872680664063,353.454986572266,185.921966552734,279.301086425781,113.390769958496,139.113464355469,501.025970458984,484.791687011719,153.783233642578
1707,240.587112426758,373.682098388672,200.435791015625,287.395568847656,113.204940795898,156.312774658203,524.716064453125,508.201232910156,163.533630371094
1709,234.344024658203,380.372283935547,208.66096496582,285.398071289063,113.739959716797,163.12385559082,521.047241210938,517.815185546875,169.500274658203
1711,241.449722290039,383.80029296875,213.521331787109,289.967803955078,113.023460388184,169.849456787109,508.226593017578,507.914428710938,171.810424804688
1713,235.222610473633,367.105987548828,189.217407226563,282.716156005859,110.116584777832,152.549606323242,472.100463867188,492.838073730469,165.20832824707
1715,213.077667236328,338.700256347656,164.828201293945,272.463806152344,106.362586975098,130.148223876953,432.412567138672,466.393341064453,156.082138061523
1717,196.908126831055,316.966125488281,151.89680480957,264.311828613281,101.015586853027,117.880157470703,389.837310791016,443.802734375,147.669540405273
1719,208.214462280273,331.209930419922,149.853713989258,252.323165893555,96.1488418579102,124.304252624512,383.015991210938,418.659332275391,146.019577026367
1721,211.575775146484,317.171752929688,148.606643676758,248.395172119141,92.0868072509766,122.934555053711,370.647186279297,399.386016845703,140.650314331055
1723,190.615753173828,299.051910400391,137.080596923828,232.337158203125,88.1554412841797,117.628364562988,349.656768798828,382.072326660156,135.058822631836
1725,183.652374267578,286.768920898438,131.779190063477,217.966690063477,84.1178665161133,108.033180236816,330.006744384766,356.506469726563,127.133850097656
1727,180.836608886719,268.005035400391,123.846138000488,213.202941894531,79.0753555297852,104.358894348145,304.930267333984,338.675018310547,119.355865478516
1729,160.930908203125,245.123260498047,112.239212036133,199.198348999023,74.2587280273438,91.7433471679688,279.603210449219,319.761291503906,112.074295043945
1731,146.200164794922,220.279663085938,107.303497314453,183.756393432617,68.962890625,80.2820053100586,256.326721191406,295.769836425781,103.13444519043
1733,134.193710327148,202.025390625,103.842315673828,175.306854248047,64.3308563232422,75.7004318237305,232.749465942383,281.800811767578,94.9674072265625
1735,131.017150878906,195.242294311523,97.5143814086914,158.233016967773,60.3811874389648,70.9675598144531,218.861190795898,263.403411865234,87.9745788574219
1737,137.022659301758,182.809509277344,89.8597106933594,152.097442626953,57.2223052978516,68.1752319335938,210.950866699219,241.414947509766,84.4078826904297
1739,122.034294128418,176.700942993164,89.4396743774414,148.186065673828,54.2320861816406,67.4990615844727,200.715744018555,226.755493164063,80.6403045654297
1741,113.437164306641,168.131637573242,89.5778656005859,140.741790771484,50.7574882507324,64.302116394043,189.8037109375,210.047897338867,77.3142852783203
1743,117.455596923828,157.686874389648,84.6533279418945,138.331192016602,48.153205871582,60.3912963867188,180.413833618164,197.529479980469,76.130859375
1745,105.351089477539,149.257766723633,82.4009094238281,134.8818359375,45.7788047790527,55.1654930114746,169.183410644531,185.063568115234,73.398551940918
1747,102.152976989746,139.913436889648,78.4539489746094,131.907653808594,43.2436141967773,50.2382469177246,154.230758666992,174.943374633789,69.1996459960938
1749,97.5154190063477,130.520141601563,78.0273971557617,126.655784606934,42.143669128418,49.0956230163574,143.917678833008,167.249038696289,66.902587890625
1751,98.224006652832,123.296226501465,78.5917510986328,121.725601196289,40.3424682617188,46.2253494262695,139.240081787109,165.677169799805,63.8005485534668
1753,97.8199234008789,117.039070129395,73.4461135864258,116.279167175293,39.130859375,45.3009757995605,136.387252807617,157.903701782227,61.3740310668945
1755,85.884391784668,111.982330322266,75.8113861083984,109.661933898926,38.412899017334,45.8627166748047,131.419815063477,150.372833251953,59.4659881591797
1757,83.8355484008789,106.218284606934,76.4760284423828,105.366943359375,36.4436988830566,42.365852355957,126.9697265625,151.854522705078,57.8405418395996
1759,81.4207305908203,102.669288635254,72.6649627685547,102.097137451172,35.4042205810547,40.527717590332,125.577995300293,153.278518676758,56.1262626647949
1761,73.2484741210938,98.4224319458008,73.6299819946289,98.4681243896484,34.5698280334473,40.8034782409668,124.782241821289,155.737152099609,55.3258361816406
1763,71.0156860351563,94.2179794311523,73.6657104492188,95.6941986083984,33.9661445617676,39.3043174743652,123.271560668945,163.851150512695,54.3037300109863
1765,67.4177017211914,90.6584701538086,73.5322265625,92.9835357666016,34.093822479248,37.9824562072754,123.73412322998,167.76936340332,51.0503234863281
1767,66.3788604736328,85.2133636474609,71.167366027832,89.822380065918,33.1588363647461,35.3835906982422,120.364151000977,161.242889404297,49.1231117248535
1769,59.7046737670898,80.5760726928711,71.2547378540039,88.8963851928711,30.685453414917,32.8581695556641,115.027519226074,157.563903808594,47.9728126525879
1771,55.2824554443359,76.8446044921875,70.8733825683594,86.0293579101563,29.9928436279297,31.1502990722656,109.996696472168,157.062911987305,47.1090278625488
1773,60.9984931945801,73.9345626831055,69.286018371582,81.4550476074219,29.5874214172363,30.2865867614746,103.959716796875,156.101043701172,43.9645957946777
1775,57.8057975769043,70.1124267578125,68.6511688232422,77.1363906860352,28.3312397003174,30.2213897705078,101.204406738281,153.265777587891,40.3973693847656
1777,56.6163902282715,69.1458511352539,68.3686828613281,71.713996887207,27.3986701965332,27.0797748565674,98.9308624267578,152.651168823242,37.1098022460938
1779,56.5617828369141,66.0382232666016,65.2184448242188,67.9265899658203,25.9350357055664,26.4923286437988,94.1109313964844,153.526641845703,35.7184028625488
1781,51.0046539306641,61.0761413574219,61.7352867126465,62.3935699462891,24.1332321166992,26.0213985443115,89.0013732910156,151.875747680664,34.2614784240723
1783,50.2896499633789,58.9537048339844,58.7259559631348,58.6519546508789,22.2898750305176,22.0215148925781,85.1552429199219,145.443450927734,32.162956237793
1785,46.3476295471191,58.3352241516113,56.4668159484863,55.8818473815918,19.4400234222412,18.7438163757324,81.5624237060547,139.896362304688,30.0849094390869
1787,40.2407684326172,56.4781265258789,52.4206619262695,52.265380859375,20.03049659729,16.2254810333252,77.5497131347656,133.376968383789,28.6208457946777
1789,36.4590339660645,52.3100891113281,47.5352363586426,48.9869499206543,18.3973712921143,14.0751638412476,69.9612045288086,126.454414367676,27.8792724609375
1791,31.4377899169922,46.9162712097168,41.8574523925781,46.0565910339355,15.8397960662842,14.1043434143066,62.82861328125,121.848762512207,26.5702018737793
1793,30.887321472168,41.951847076416,38.3427543640137,41.3165626525879,16.8096904754639,16.8810157775879,56.3685073852539,113.294586181641,25.5212097167969
1795,28.0284023284912,40.3297119140625,35.459644317627,37.8458557128906,17.1509704589844,16.8679370880127,51.5968360900879,104.187347412109,23.0827140808105
1797,26.7250576019287,38.5748863220215,32.563606262207,34.6255836486816,14.423433303833,13.0941038131714,48.3356781005859,100.828002929688,21.1395263671875
1799,26.8688468933105,37.5267944335938,27.1230888366699,33.4426651000977,12.247088432312,9.61270999908447,42.5661392211914,101.155158996582,19.6869449615479
2687,24.6330471038818,36.0823097229004,24.3397903442383,29.9766807556152,10.6920948028564,9.20493412017822,38.7497596740723,93.8042831420898,20.9363842010498
2689,20.4704647064209,33.3929748535156,19.1578731536865,23.5237483978271,7.79702425003052,8.44574165344238,31.6444625854492,80.1184844970703,23.2625751495361
2691,10.0045194625854,26.631217956543,6.12903451919556,7.2992057800293,0.517978668212891,6.53691148757935,13.7796859741211,45.7084503173828,29.1112957000732
2693,12.8992490768433,28.1464328765869,6.18556833267212,15.3277244567871,1.81803917884827,8.68756294250488,12.2005710601807,45.736442565918,14.827262878418
2695,8.85441398620605,33.5320320129395,2.27297425270081,25.343786239624,3.71643018722534,12.5452070236206,12.4623937606812,40.3299140930176,16.5550289154053
2697,14.5166988372803,36.0460357666016,1.33115017414093,25.5512847900391,1.7121673822403,6.59555339813232,10.0726890563965,51.8339004516602,19.0229969024658
2699,11.7874155044556,31.6993846893311,5.99635553359985,25.2848682403564,6.85714912414551,10.5296154022217,14.6038885116577,54.1857833862305,18.2103843688965
2701,11.4001741409302,30.7118320465088,10.5868434906006,26.0370998382568,7.96640348434448,9.08886432647705,18.7446365356445,54.7310333251953,24.2553329467773
2703,10.8675355911255,35.3092422485352,9.38909721374512,26.5911560058594,7.40374851226807,10.1635646820068,18.6610546112061,51.8890800476074,26.6985626220703
2705,9.40114784240723,34.0823936462402,9.61098480224609,25.4233016967773,10.9959774017334,15.5317230224609,23.7320728302002,54.7565765380859,28.5435523986816
2707,7.18256330490112,36.3568420410156,7.8183536529541,23.1977577209473,12.504807472229,14.2019910812378,25.0290641784668,54.1412353515625,31.2207355499268
2709,9.11060523986816,39.345630645752,9.78111362457275,27.2028045654297,12.351845741272,12.2492265701294,23.5867481231689,58.0498809814453,33.8389549255371
2711,9.98040866851807,40.0322875976563,12.6826028823853,27.5540580749512,9.96132850646973,10.5477714538574,22.3279132843018,60.6796989440918,30.2127704620361
2713,13.1641626358032,38.8566932678223,15.2844934463501,29.2407188415527,10.8299179077148,11.7577419281006,23.6109504699707,64.8741226196289,29.2689208984375
2715,16.7949371337891,37.4580993652344,12.9226875305176,29.5266342163086,13.0070924758911,12.9226570129395,27.840576171875,64.8090362548828,31.2280921936035
2717,14.1418724060059,39.4003715515137,12.8277950286865,30.8156661987305,11.4344158172607,13.1323347091675,26.5684833526611,67.7054061889648,31.9810791015625
2719,15.1009635925293,40.8195114135742,10.6225891113281,30.4533729553223,11.6464653015137,11.3788032531738,28.3444004058838,68.4067840576172,33.5612754821777
2721,18.7916049957275,42.7885589599609,10.6322202682495,29.4974899291992,12.9564781188965,12.947452545166,29.5174694061279,66.4359588623047,36.3984031677246
2723,17.4561214447021,41.943962097168,11.1849918365479,31.5108013153076,15.3617057800293,12.5598678588867,30.7151470184326,72.3383865356445,38.0550956726074
2725,17.3579616546631,43.5253410339355,13.1983804702759,31.0428333282471,15.404613494873,14.4616413116455,28.8720703125,75.8995056152344,36.9776420593262
2727,17.3634395599365,46.8044967651367,10.8382482528687,30.2740135192871,14.5182981491089,18.4161968231201,28.3830184936523,78.4081649780273,37.3713035583496
2729,16.9946479797363,47.8343925476074,10.6590023040771,29.9927387237549,13.0415964126587,17.1313934326172,27.8036670684814,77.4997863769531,37.4433708190918
2731,19.0645275115967,47.5940361022949,11.9636325836182,28.7554473876953,14.2217264175415,14.3690309524536,26.7475185394287,78.1723251342773,36.6576194763184
2733,17.0469284057617,45.9441337585449,13.7529964447021,30.0046863555908,15.9822492599487,13.2718381881714,27.9510192871094,83.2689208984375,36.2457008361816
2735,18.8704700469971,45.8885078430176,13.9329977035522,30.905424118042,15.9691171646118,14.048864364624,27.7155723571777,83.0177001953125,36.2317733764648
2737,17.7945346832275,46.4236297607422,14.9075880050659,32.0021896362305,15.7537660598755,15.5277795791626,28.4230899810791,79.9229736328125,36.940673828125
2739,17.3122749328613,45.6857757568359,14.9824705123901,31.3680248260498,16.6548557281494,16.2787780761719,29.3638668060303,79.5019683837891,35.4659118652344
2741,17.5917282104492,45.5305938720703,13.2988014221191,29.4245700836182,17.7550220489502,13.7292938232422,26.3556842803955,79.8075714111328,36.4430656433105
2743,17.8545589447021,45.5474472045898,12.7802762985229,29.8290424346924,15.7020645141602,14.1078052520752,24.5637073516846,77.4733657836914,39.7894897460938
2745,18.9654312133789,45.5654335021973,11.6260080337524,29.5731716156006,14.7535934448242,14.5361976623535,25.2168712615967,76.4905700683594,38.2262344360352
2747,18.760217666626,45.640064239502,12.5389986038208,29.0646800994873,14.9751472473145,14.363226890564,27.5964317321777,76.7827377319336,38.1777496337891
2749,19.5372161865234,44.4040222167969,13.5677795410156,31.9154071807861,14.4417705535889,13.6847772598267,29.67578125,77.3576202392578,41.7167663574219
2751,20.2231712341309,45.6532707214355,12.5772800445557,33.1531028747559,13.8644533157349,13.5313787460327,30.4130859375,78.6263809204102,43.2278861999512
2753,19.5112838745117,47.1960029602051,13.6123189926147,32.4096641540527,15.2973384857178,13.5789966583252,30.4429912567139,81.4645309448242,45.397876739502
2755,19.8887233734131,46.8645133972168,14.5171413421631,32.9094390869141,17.3684253692627,15.7216911315918,29.85768699646,83.2879257202148,45.5313606262207
2757,21.5977687835693,47.3906059265137,14.1102533340454,33.6357803344727,17.6085987091064,15.2733573913574,30.065299987793,85.3157806396484,46.9587211608887
2759,20.952600479126,47.4470138549805,15.031307220459,35.3544120788574,17.3069019317627,13.1920623779297,30.388355255127,84.3228912353516,48.9020881652832
2761,22.5949478149414,48.617073059082,14.9425897598267,35.4889450073242,18.2520866394043,14.4703464508057,30.0297756195068,86.2044830322266,50.7538871765137
2763,21.9388561248779,49.0497436523438,14.8271493911743,34.4091339111328,18.2720108032227,15.167106628418,29.3852233886719,91.2962265014648,52.1789512634277
2765,21.4123229980469,49.1109390258789,14.5399961471558,35.0599136352539,18.0875549316406,15.7007551193237,29.8976745605469,92.9282684326172,51.6244277954102
2767,22.8867511749268,50.5630187988281,13.9081678390503,36.2938003540039,18.1205825805664,15.990270614624,29.8208904266357,91.7717819213867,51.4351043701172
2769,25.0644836425781,51.3980140686035,13.884744644165,35.284782409668,18.0882091522217,15.0525178909302,30.9614791870117,93.611930847168,51.3576126098633
2771,24.7420291900635,51.3942832946777,14.7703943252563,36.3689422607422,18.2900352478027,16.5288543701172,33.2149085998535,95.6742782592773,51.5582733154297
2773,23.3066883087158,52.1324081420898,15.2170085906982,37.8719825744629,18.8938083648682,16.2408008575439,33.7879905700684,95.311882019043,53.0934181213379
2775,22.6189117431641,53.6597785949707,15.2930974960327,37.759895324707,19.2717685699463,15.8352746963501,35.4298248291016,93.9440307617188,52.5258407592773
2777,24.2336883544922,55.5080451965332,15.568675994873,37.5054168701172,20.4044170379639,16.9019947052002,37.0873222351074,95.9633407592773,53.413215637207
2779,23.6181373596191,55.8703689575195,17.1824684143066,39.0060920715332,21.0009651184082,17.646800994873,38.1905364990234,96.6012115478516,54.2847785949707
2781,23.4225959777832,57.6936569213867,18.8874702453613,41.5847854614258,20.7666664123535,18.6965847015381,40.1693382263184,98.9879455566406,54.9908180236816
2783,26.3622455596924,60.1513938903809,18.8192462921143,40.8252487182617,20.829870223999,18.5512008666992,41.6238899230957,101.35474395752,55.285026550293
2785,27.3017768859863,60.7270088195801,18.5288314819336,42.6708946228027,21.0958976745605,19.492467880249,43.7844886779785,103.279647827148,55.7238540649414
2787,27.4403953552246,62.0705909729004,19.1127948760986,44.9013671875,21.9261779785156,21.6644382476807,45.328296661377,105.544845581055,57.0944786071777
2789,26.7983722686768,65.6184310913086,20.0690155029297,45.4523429870605,22.4513378143311,22.0001239776611,47.3543891906738,108.325401306152,56.8544692993164
2791,28.2322673797607,66.9448165893555,21.9921436309814,47.021427154541,22.5412311553955,21.9928646087646,49.8415451049805,112.261009216309,58.2014465332031
2793,30.9961471557617,68.8821105957031,22.1290187835693,48.127685546875,22.7510089874268,23.6515140533447,50.9669799804688,118.933647155762,60.9650230407715
2795,30.7749652862549,70.6809921264648,22.7309379577637,48.9963989257813,23.0132331848145,25.4632873535156,51.7697143554688,124.670745849609,60.8425636291504
2797,32.688045501709,72.754280090332,24.974063873291,51.1735496520996,23.9387626647949,25.9439697265625,52.2546844482422,131.459945678711,61.2511177062988
2799,33.8858184814453,75.2197799682617,25.6624507904053,53.7336387634277,24.6216869354248,27.748119354248,56.0220947265625,139.348815917969,62.4016761779785
2801,35.4260177612305,78.7990646362305,26.475606918335,57.2582626342773,26.2511920928955,29.7362384796143,59.0141716003418,146.592086791992,63.4083366394043
2803,39.2737693786621,82.5396957397461,27.5594596862793,59.4894599914551,28.3780117034912,29.4234771728516,60.0591506958008,155.864974975586,63.4109497070313
2805,37.6458778381348,88.557502746582,29.5171451568604,63.4955711364746,29.7543849945068,30.5044116973877,61.5711479187012,166.206192016602,65.6144485473633
2807,40.293815612793,93.0333023071289,31.4325675964355,67.5261611938477,31.244607925415,31.9714946746826,65.4755172729492,171.147033691406,69.6693267822266
2809,45.9854316711426,97.3427886962891,32.6057662963867,69.7200927734375,33.25439453125,34.9840354919434,69.6292114257813,175.129409790039,72.3868103027344
2811,46.5901298522949,102.973098754883,35.636604309082,73.8030242919922,35.1309089660645,38.3476791381836,73.558723449707,183.132965087891,74.6987991333008
2813,48.8247337341309,108.948638916016,38.3002243041992,79.303337097168,37.9692573547363,37.4552459716797,76.9662322998047,190.544250488281,78.6028900146484
2815,51.4153175354004,116.216377258301,39.7685737609863,83.0667190551758,39.6136894226074,40.7349128723145,82.0146331787109,195.112518310547,83.1777496337891
2817,58.10107421875,123.712829589844,42.4728164672852,89.6694107055664,43.1294708251953,47.1141662597656,88.8094711303711,202.440994262695,87.6056289672852
2819,61.0061416625977,134.122024536133,45.4898452758789,95.0004806518555,47.0106010437012,50.3809585571289,93.6454849243164,215.285980224609,91.3647537231445
2821,60.2407073974609,148.392913818359,50.2402153015137,102.891654968262,50.0481948852539,55.5669593811035,104.195930480957,223.796875,94.6567535400391
2823,71.7596817016602,160.095199584961,52.9333877563477,114.654563903809,53.5513076782227,58.3145217895508,115.897483825684,231.177032470703,101.226768493652
2825,80.2566146850586,174.162185668945,55.9652366638184,119.713317871094,56.9703979492188,66.3943634033203,119.323112487793,247.060317993164,110.479919433594
2827,80.1977310180664,192.060424804688,63.4631576538086,133.432586669922,61.748908996582,76.3092346191406,127.601264953613,264.967376708984,115.567054748535
2829,87.9200439453125,212.002258300781,68.4497146606445,150.097274780273,66.9900436401367,79.4906311035156,144.638122558594,283.505737304688,120.570938110352
2831,97.1252059936523,234.153533935547,71.2206497192383,149.555328369141,71.5781097412109,88.9585800170898,157.797943115234,298.5537109375,131.834533691406
2833,106.872741699219,257.017761230469,82.4595565795898,162.211853027344,77.7526473999023,95.3047714233398,176.018096923828,318.120269775391,140.740097045898
2835,107.662155151367,288.098571777344,92.6721496582031,191.443801879883,85.4054107666016,104.531265258789,198.934219360352,348.595123291016,150.982727050781
2837,118.587478637695,324.632171630859,102.103515625,208.989410400391,94.0059661865234,118.289085388184,228.491439819336,374.792449951172,163.346435546875
2839,140.231872558594,367.617889404297,117.364349365234,236.360885620117,103.870918273926,129.052703857422,265.800140380859,407.845672607422,178.485717773438
2841,151.937133789063,419.574523925781,134.304489135742,266.35986328125,116.43091583252,151.972473144531,309.823181152344,462.520477294922,197.631240844727
2843,171.820220947266,487.372741699219,155.732238769531,307.582550048828,132.604629516602,175.057113647461,376.265014648438,519.082153320313,218.324676513672
2845,202.107482910156,557.664916992188,177.612426757813,357.669372558594,147.424758911133,197.830413818359,448.883728027344,581.6103515625,243.675094604492
2847,227.246597290039,631.581970214844,205.47737121582,395.148376464844,164.223587036133,237.713943481445,519.166259765625,651.529724121094,268.849914550781
2849,267.801544189453,722.94384765625,233.041320800781,432.644897460938,181.272766113281,268.763244628906,606.2333984375,733.744873046875,293.364074707031
2851,300.195434570313,783.447631835938,253.049987792969,466.487457275391,193.546997070313,314.761932373047,691.433776855469,792.272521972656,310.4033203125
2853,315.698333740234,830.134338378906,280.093597412109,501.406799316406,203.76985168457,341.734649658203,746.513793945313,827.104736328125,323.094116210938
2855,343.790832519531,870.728332519531,285.847686767578,511.574462890625,207.617218017578,341.867736816406,776.763244628906,865.327575683594,331.608245849609
2857,330.485473632813,889.069152832031,284.929229736328,502.613342285156,208.669448852539,371.467163085938,774.2509765625,882.668762207031,330.712982177734
2859,332.402252197266,898.827758789063,280.764068603516,512.518127441406,209.350891113281,377.330688476563,754.178833007813,877.193115234375,327.867309570313
2861,329.808013916016,911.073486328125,277.224700927734,505.607208251953,204.882781982422,362.757934570313,736.739501953125,861.499938964844,321.262420654297
2863,313.501800537109,927.817932128906,275.935913085938,487.943267822266,203.665985107422,354.536651611328,703.100891113281,849.117126464844,320.128021240234
2865,318.312225341797,943.872863769531,264.976440429688,482.313018798828,202.843994140625,352.700622558594,681.533630371094,842.002380371094,317.164642333984
2867,289.115997314453,930.835266113281,255.000854492188,473.208740234375,203.498596191406,357.734893798828,654.968017578125,824.3505859375,309.084106445313
2869,284.952697753906,911.858093261719,251.355163574219,466.845611572266,197.025344848633,336.440124511719,629.346557617188,801.361267089844,303.070007324219
2871,280.891448974609,885.288146972656,244.514923095703,446.790283203125,189.563858032227,310.377410888672,614.660217285156,776.076232910156,294.457489013672
2873,254.425003051758,850.945617675781,239.483734130859,424.805511474609,186.515914916992,309.335723876953,577.963806152344,747.709594726563,283.348510742188
2875,246.696014404297,801.299926757813,221.024856567383,414.427429199219,178.314010620117,280.883819580078,543.0166015625,708.352172851563,276.303924560547
2877,224.499938964844,751.809326171875,208.729248046875,392.642791748047,170.136871337891,258.037872314453,517.3359375,671.038208007813,265.837463378906
2879,220.050262451172,724.691833496094,211.069213867188,370.112731933594,166.929809570313,247.064880371094,488.463439941406,648.083923339844,258.255432128906
2881,219.645751953125,695.294677734375,201.125259399414,361.73828125,166.731292724609,241.147689819336,480.581817626953,629.379821777344,255.882339477539
2883,201.59944152832,670.744445800781,199.390090942383,357.341583251953,165.015960693359,245.714477539063,481.002227783203,618.722229003906,255.543029785156
2885,211.927886962891,666.394592285156,204.747894287109,364.328674316406,163.490875244141,242.282867431641,485.466766357422,617.516723632813,256.996978759766
2887,216.803344726563,670.857177734375,208.143005371094,370.216522216797,168.24267578125,247.527450561523,494.480285644531,620.748291015625,261.816467285156
2889,213.564971923828,677.355224609375,213.541030883789,358.384857177734,171.38215637207,256.649078369141,500.342498779297,637.151000976563,265.659271240234
2891,222.105606079102,694.500610351563,215.358612060547,366.778472900391,172.210662841797,263.336334228516,520.91259765625,646.121215820313,268.955352783203
2893,224.428100585938,726.983093261719,227.119384765625,383.802429199219,176.922256469727,271.878692626953,540.4716796875,674.224731445313,277.710357666016
2895,238.86474609375,768.061157226563,238.649276733398,390.536956787109,184.869857788086,279.357330322266,563.986389160156,700.80224609375,289.438659667969
2897,240.584060668945,822.494140625,241.620391845703,412.733734130859,192.692443847656,302.139343261719,594.0693359375,744.074096679688,297.509429931641
2899,246.717880249023,862.848876953125,255.452362060547,431.903747558594,197.415374755859,317.331085205078,615.824584960938,778.3603515625,307.452362060547
2901,268.54736328125,905.311157226563,271.957336425781,450.107482910156,207.046737670898,305.139831542969,652.093078613281,822.800598144531,321.407165527344
2903,278.923309326172,971.386657714844,285.902893066406,476.287536621094,219.331466674805,323.643615722656,692.740478515625,869.647521972656,335.224273681641
2905,303.560974121094,1030.90490722656,303.422149658203,501.194641113281,231.412582397461,350.583862304688,741.248107910156,915.955810546875,349.756805419922
2907,315.369354248047,1091.00427246094,317.150573730469,540.651977539063,246.888000488281,355.804046630859,805.914428710938,996.947570800781,368.325714111328
2909,336.812225341797,1157.50915527344,344.322387695313,578.122497558594,263.589904785156,382.560211181641,867.615173339844,1082.3408203125,381.967712402344
2911,371.267425537109,1212.29626464844,372.623718261719,615.698791503906,281.338226318359,410.005493164063,952.909240722656,1150.80322265625,403.036041259766
2913,388.699249267578,1266.1767578125,394.636993408203,648.384399414063,299.270172119141,450.533905029297,1043.66821289063,1240.99182128906,426.316528320313
2915,423.067901611328,1297.70910644531,427.041015625,695.930419921875,317.331604003906,475.529357910156,1125.7236328125,1342.40161132813,444.972900390625
2917,448.546966552734,1338.22729492188,453.384399414063,759.622253417969,338.709716796875,500.826721191406,1226.64868164063,1441.5146484375,469.712921142578
2919,483.922821044922,1388.21496582031,487.605224609375,776.295715332031,364.388732910156,560.881286621094,1332.97094726563,1532.85095214844,496.775390625
2921,519.499328613281,1447.51831054688,524.492553710938,806.682067871094,386.008422851563,580.856079101563,1421.69494628906,1646.84814453125,520.194458007813
2923,532.447631835938,1491.82775878906,534.951843261719,884.846862792969,403.091217041016,597.578796386719,1509.83447265625,1746.95703125,534.988647460938
2925,552.063415527344,1535.07336425781,563.770385742188,912.7978515625,420.1142578125,641.132568359375,1567.57263183594,1772.36706542969,554.347229003906
2927,556.244201660156,1561.18408203125,572.889770507813,907.389770507813,424.654510498047,662.739685058594,1580.12414550781,1849.744140625,575.398986816406
2929,530.624938964844,1563.99951171875,575.943298339844,918.244812011719,431.747253417969,669.609436035156,1572.21850585938,1892.05883789063,576.943054199219
2931,518.723449707031,1537.84484863281,581.008728027344,918.137939453125,427.273284912109,628.341979980469,1517.50939941406,1852.10168457031,562.536193847656
2933,503.475280761719,1470.27087402344,558.289916992188,876.899108886719,407.545074462891,588.751525878906,1446.93139648438,1792.11352539063,549.754821777344
2935,468.401245117188,1406.6328125,548.125366210938,834.614135742188,396.989318847656,548.590881347656,1363.482421875,1721.60559082031,537.976501464844
2937,448.427398681641,1341.189453125,525.444091796875,831.313598632813,384.373657226563,490.409484863281,1280.705078125,1661.66772460938,520.990112304688
2939,423.318572998047,1245.55700683594,497.522827148438,797.646545410156,363.571258544922,468.155975341797,1206.5224609375,1583.81433105469,488.800720214844
2941,402.928405761719,1145.68078613281,472.040405273438,741.4521484375,345.772644042969,449.476867675781,1118.91674804688,1492.25390625,470.053527832031
2943,378.9638671875,1069.18530273438,453.225250244141,730.907775878906,334.928558349609,416.154266357422,1057.7958984375,1419.49328613281,458.382690429688
2945,360.821472167969,988.832885742188,435.254089355469,697.69580078125,321.787109375,394.130462646484,988.521301269531,1354.44262695313,431.741729736328
2947,354.467681884766,914.045043945313,422.99267578125,667.691772460938,307.44384765625,372.19091796875,930.754211425781,1313.27258300781,420.555480957031
2949,325.547668457031,845.094482421875,409.921844482422,654.986999511719,301.366119384766,354.791748046875,890.802978515625,1244.9521484375,413.713500976563
2951,335.698333740234,818.474731445313,397.055847167969,626.811950683594,300.127410888672,339.189422607422,845.336791992188,1209.89831542969,402.221801757813
2953,326.536193847656,778.238891601563,375.906341552734,598.769287109375,291.678466796875,322.610900878906,808.320190429688,1185.43469238281,380.457489013672
2955,289.569213867188,738.592895507813,364.760070800781,586.712951660156,282.711975097656,327.568756103516,778.380249023438,1136.82507324219,366.452575683594
2957,293.184967041016,725.637756347656,356.430480957031,566.746520996094,273.055908203125,309.006378173828,738.811584472656,1108.11096191406,364.986572265625
2959,284.177886962891,706.7763671875,336.716369628906,552.067077636719,266.434997558594,301.429290771484,692.704956054688,1058.00366210938,346.816284179688
2961,261.904998779297,683.032531738281,315.089233398438,529.950317382813,255.794357299805,290.907043457031,646.481079101563,1033.91540527344,328.28857421875
2963,260.534851074219,653.577453613281,300.084686279297,499.309906005859,247.103637695313,270.447601318359,612.759887695313,985.81396484375,320.848449707031
2965,256.166381835938,640.751159667969,288.856475830078,477.141845703125,237.996337890625,257.701904296875,578.340881347656,938.032470703125,316.438873291016
2967,254.631698608398,619.936462402344,268.823272705078,452.525939941406,227.930236816406,235.944351196289,529.216918945313,905.61328125,303.231842041016
2969,233.445404052734,591.677734375,255.946319580078,440.182922363281,225.263748168945,236.515975952148,495.005249023438,867.221435546875,292.33203125
2971,218.191528320313,563.212585449219,234.604110717773,420.185607910156,215.526718139648,216.681671142578,461.380981445313,824.273071289063,273.395172119141
2973,220.359909057617,529.706298828125,221.090621948242,400.638061523438,198.09782409668,197.937835693359,428.690063476563,786.785766601563,257.783813476563
2975,208.089874267578,490.194702148438,210.887496948242,384.023895263672,176.722091674805,199.148513793945,398.152191162109,725.75927734375,239.938247680664
2977,189.114562988281,447.503479003906,187.018997192383,346.789672851563,158.081924438477,183.005935668945,350.445404052734,667.29931640625,228.719589233398
2979,164.108444213867,387.314331054688,157.516326904297,310.981719970703,143.652618408203,163.188262939453,308.719635009766,598.502319335938,205.258697509766
2981,144.259231567383,365.267608642578,149.009429931641,308.347473144531,140.804504394531,155.753341674805,284.346618652344,578.835083007813,194.391082763672
2983,151.138381958008,352.874877929688,140.355285644531,289.461212158203,139.689697265625,142.243133544922,274.044921875,560.377502441406,189.212875366211
2985,120.676162719727,330.610260009766,136.540664672852,265.459533691406,117.943237304688,121.781768798828,241.997207641602,526.02294921875,175.427597045898
2987,99.645263671875,291.586517333984,94.4779815673828,234.559188842773,75.3487319946289,98.8704071044922,217.760116577148,469.780944824219,159.943099975586
2989,109.017456054688,263.368133544922,64.535530090332,210.864059448242,69.6573867797852,88.2543411254883,192.758056640625,392.882690429688,131.849639892578
2991,72.8928833007813,259.165802001953,23.8778495788574,189.565643310547,90.2902297973633,123.273132324219,120.619621276855,374.082763671875,118.603172302246
2993,8.04123115539551,157.191787719727,-37.6913604736328,68.5467224121094,44.7122001647949,144.568176269531,69.2379989624023,278.680084228516,112.710578918457
