X value [cm⁻¹],IR Spectrum 1/O-PTIR (mV) [],out 1/O-PTIR (mV) [],out2/O-PTIR (mV) [],IR Spectrum 6/O-PTIR (mV) [],IR Spectrum 7/O-PTIR (mV) [],IR Spectrum 8/O-PTIR (mV) [],out4/O-PTIR (mV) [],out5/O-PTIR (mV) [],IR Spectrum 16/O-PTIR (mV) []
935,55.7992973327637,158.229476928711,5.75302410125732,7.63364028930664,5.71133613586426,-5.13564729690552,17.0641136169434,38.6253890991211,-10.1489028930664
937,58.1697769165039,165.792953491211,2.5137882232666,12.5169439315796,4.21567010879517,-4.02969932556152,7.2258563041687,19.0983657836914,-0.237157642841339
939,65.6400909423828,176.001968383789,6.4131875038147,10.320779800415,-1.13177382946014,1.60287404060364,7.87200689315796,28.2566184997559,0.963441729545593
941,76.4071960449219,184.573638916016,10.2707405090332,12.7668542861938,0.715810596942902,1.40667200088501,14.388500213623,36.3023643493652,-0.815487921237946
943,83.9441604614258,199.613876342773,12.5080080032349,11.8001470565796,2.59357333183289,0.16898900270462,21.7277603149414,40.681396484375,-0.568507313728333
945,89.0814743041992,204.079055786133,13.6975336074829,14.9695281982422,0.13389265537262,0.0245448593050241,20.3841361999512,54.3139457702637,3.06646680831909
947,90.2190933227539,201.959060668945,12.7822303771973,13.4592847824097,1.69527149200439,3.22134494781494,21.9385089874268,55.594181060791,3.10113835334778
949,91.8285369873047,205.440628051758,13.6427640914917,16.607250213623,5.72952270507813,3.03647541999817,25.7354946136475,50.5159225463867,2.51707744598389
951,97.5529098510742,209.393524169922,9.95052051544189,20.7347869873047,6.33784294128418,3.46235299110413,24.4479026794434,57.4756813049316,3.15973734855652
953,104.364967346191,210.621444702148,10.3711233139038,22.8840656280518,5.97336101531982,2.85010123252869,25.6048164367676,58.6460571289063,1.14306688308716
955,106.623794555664,213.614395141602,11.8073902130127,23.5241470336914,7.47310590744019,1.15469682216644,28.4363307952881,53.4965438842773,0.54848325252533
957,111.903854370117,218.045547485352,12.0126848220825,23.6871509552002,7.47607231140137,1.04967081546783,27.8577156066895,51.3794021606445,1.64284992218018
959,117.952568054199,227.580993652344,12.8772411346436,27.2627925872803,5.64943742752075,1.23318779468536,29.7161960601807,52.9679718017578,1.55660796165466
961,124.614715576172,238.496276855469,12.6548080444336,26.8444480895996,7.39393281936646,2.88084936141968,29.5665454864502,56.8144302368164,3.08868598937988
963,128.825668334961,252.553680419922,12.2386808395386,26.5371341705322,8.65427780151367,4.18364667892456,28.789514541626,58.3503074645996,4.76101779937744
965,134.250854492188,273.559143066406,14.3635196685791,27.13743019104,9.45353221893311,4.54088640213013,32.0192832946777,56.8976898193359,3.21384906768799
967,140.568374633789,293.423889160156,15.5294723510742,27.9436683654785,9.70980167388916,5.14408397674561,35.5221710205078,57.5163536071777,2.48890805244446
969,142.830673217773,311.242248535156,14.0693693161011,28.8592109680176,10.553318977356,5.92863321304321,38.5136299133301,59.8261566162109,2.92561268806458
971,144.583694458008,330.558776855469,14.2940607070923,29.6536464691162,11.0717086791992,6.89185523986816,40.8060874938965,59.0462188720703,4.06747674942017
973,140.615417480469,345.868133544922,15.197793006897,28.7140483856201,11.2921772003174,7.74502658843994,40.6996383666992,60.7339210510254,5.16526985168457
975,136.23291015625,364.323486328125,16.2187023162842,29.0704574584961,11.1427297592163,7.67048358917236,42.1910781860352,61.8167610168457,5.54797172546387
977,138.454605102539,381.955291748047,16.1486167907715,28.4918823242188,11.8497838973999,7.37171983718872,45.2618141174316,61.9907417297363,6.83907604217529
979,142.35319519043,393.146667480469,17.3923835754395,27.3349475860596,12.0031585693359,7.77888774871826,45.3796043395996,63.3232536315918,6.4355993270874
981,141.630493164063,404.426177978516,18.4376888275146,26.6928653717041,12.4879455566406,7.52233743667603,47.2309455871582,64.7878341674805,6.91138792037964
983,137.423873901367,415.493438720703,19.3937740325928,26.4033336639404,13.3249540328979,7.38673782348633,49.0480804443359,64.1773071289063,7.80146312713623
985,132.658142089844,421.452026367188,19.6990795135498,27.7575435638428,13.0497465133667,7.91007900238037,51.8078079223633,65.2812194824219,8.58797168731689
987,133.163635253906,423.955902099609,19.9747314453125,28.2629127502441,13.018177986145,7.98428773880005,54.0994758605957,67.2892913818359,9.15955924987793
989,138.071075439453,431.917694091797,22.1944770812988,27.5371570587158,14.0395040512085,7.80346012115479,56.6165237426758,69.6802368164063,9.82396221160889
991,140.739532470703,440.460388183594,24.8304042816162,30.9165859222412,14.7237691879272,7.89621639251709,59.4789161682129,71.4508895874023,10.455659866333
993,140.393753051758,444.743377685547,27.3410758972168,31.0226554870605,14.8828639984131,8.08540344238281,61.1090507507324,74.8306503295898,10.8591527938843
995,141.867752075195,448.264038085938,29.2053356170654,33.2080955505371,15.6810255050659,8.16942882537842,63.3839416503906,78.2464370727539,11.3141269683838
997,140.474990844727,458.434295654297,30.7370433807373,37.1227226257324,16.4336948394775,8.81863021850586,67.9718322753906,80.9443511962891,12.6104764938354
999,145.394821166992,472.689208984375,33.1638717651367,36.7714004516602,16.8090305328369,9.28001689910889,73.0600204467773,84.5761184692383,14.685399055481
1001,145.477096557617,474.024810791016,34.467456817627,41.1742515563965,17.1912879943848,9.06889152526855,78.5989227294922,88.6942138671875,15.3086137771606
1003,150.954040527344,482.641540527344,36.4705810546875,41.6637268066406,18.1294708251953,9.86410331726074,85.4203109741211,92.7112655639648,15.7989616394043
1005,157.420654296875,499.254760742188,40.4148864746094,41.4536666870117,18.5099792480469,10.4639682769775,92.8592224121094,98.4600830078125,17.4125728607178
1007,166.954147338867,510.791564941406,44.2163848876953,44.861759185791,19.1969184875488,10.7569169998169,100.065361022949,102.759246826172,18.9878273010254
1009,169.645233154297,526.154418945313,47.2232551574707,45.6202545166016,20.0694828033447,11.2375812530518,107.746864318848,107.306732177734,20.6831493377686
1011,170.683441162109,541.555786132813,50.5312843322754,46.9655990600586,20.0871067047119,11.3943471908569,116.273315429688,113.276977539063,23.9680042266846
1013,173.003112792969,557.510559082031,54.0308265686035,50.2518081665039,19.9765949249268,11.9674263000488,124.489112854004,117.243721008301,26.5947246551514
1015,175.346466064453,571.618286132813,57.1401519775391,51.8821868896484,20.5278186798096,12.2458562850952,130.729339599609,120.452919006348,27.7874355316162
1017,178.073440551758,578.184326171875,59.9202728271484,56.5447311401367,20.9032306671143,12.5568370819092,137.651748657227,124.585525512695,30.7323799133301
1019,174.282424926758,587.665832519531,60.5363845825195,54.5653533935547,21.145658493042,12.6495027542114,142.866912841797,127.339775085449,33.3224449157715
1021,170.096633911133,602.581604003906,62.3385581970215,57.6619834899902,21.3224868774414,12.8933115005493,147.395767211914,130.738784790039,34.9135322570801
1023,167.125381469727,616.074584960938,63.9066848754883,61.1127510070801,20.9321804046631,13.2547950744629,151.936050415039,131.601928710938,38.785774230957
1025,163.793212890625,627.987426757813,64.9719314575195,60.2263984680176,21.2760791778564,13.1237668991089,154.295181274414,132.032791137695,40.8400573730469
1027,166.041946411133,637.96826171875,66.281494140625,66.2850799560547,21.7847480773926,13.1307163238525,156.594177246094,133.362609863281,40.4933967590332
1029,169.623260498047,647.034606933594,67.1360702514648,66.9761428833008,21.5958271026611,12.9666976928711,157.392852783203,133.924621582031,42.1931304931641
1031,170.963439941406,655.06982421875,68.5561065673828,65.0976867675781,21.353443145752,13.0953559875488,159.474563598633,134.199645996094,42.460132598877
1033,171.621215820313,660.514343261719,70.2447509765625,71.1352767944336,21.5189514160156,13.1740598678589,160.022827148438,135.128662109375,41.2868499755859
1035,167.807922363281,664.791625976563,69.7439727783203,72.5013122558594,21.4105129241943,12.9406852722168,158.355102539063,135.608795166016,39.0007934570313
1037,163.945419311523,669.608459472656,69.3877868652344,70.2205123901367,21.2739391326904,13.1119194030762,158.655181884766,135.024795532227,37.0264053344727
1039,158.692321777344,675.421630859375,68.8718872070313,71.9459075927734,21.357479095459,13.52161693573,157.957626342773,133.614562988281,35.3404846191406
1041,151.832824707031,673.471862792969,66.3528060913086,71.3167419433594,21.2679786682129,13.5617160797119,154.793151855469,135.290222167969,31.9219799041748
1043,147.862854003906,676.425537109375,63.4523735046387,71.2418746948242,21.0051593780518,13.613317489624,151.56233215332,134.036834716797,28.9075469970703
1045,148.2265625,677.447570800781,60.6683654785156,70.1148834228516,20.5037746429443,13.322793006897,148.052764892578,130.682006835938,27.4138679504395
1047,148.126937866211,669.522216796875,57.2554512023926,69.7778167724609,20.0271110534668,13.0541048049927,142.948333740234,128.747009277344,25.5263900756836
1049,148.631896972656,659.807800292969,53.2887573242188,67.6474761962891,19.5927543640137,12.8597145080566,135.052810668945,125.725570678711,22.5086517333984
1051,146.651184082031,647.725219726563,49.7856330871582,61.5320014953613,19.3747444152832,12.6853160858154,126.893333435059,123.236045837402,21.5018539428711
1053,142.562271118164,633.283142089844,45.4489707946777,59.3901100158691,18.7682514190674,12.0390481948853,119.491744995117,120.222320556641,21.4594268798828
1055,140.624282836914,611.902221679688,41.5921401977539,56.2817459106445,18.6341876983643,11.6446170806885,111.537368774414,114.677352905273,20.4450988769531
1057,139.176666259766,585.850280761719,38.7827911376953,57.9733085632324,18.223388671875,10.94690990448,102.91332244873,110.796165466309,19.1018829345703
1059,137.858703613281,563.676086425781,36.4475326538086,57.8282508850098,17.5845279693604,10.2088375091553,97.6227874755859,108.384269714355,19.3965759277344
1061,139.281143188477,540.967041015625,34.1163482666016,52.9678611755371,17.1008758544922,9.52978610992432,91.8523178100586,105.415542602539,19.7191486358643
1063,139.920532226563,514.560302734375,32.8062744140625,54.7656326293945,16.7055206298828,8.75961589813232,87.3217697143555,104.218757629395,19.3139057159424
1065,138.19303894043,485.604797363281,32.5435600280762,55.6856575012207,16.73610496521,8.30065059661865,83.4327850341797,104.251724243164,19.3498497009277
1067,136.214340209961,462.300323486328,30.4391937255859,52.7180786132813,16.4601497650146,8.32891845703125,78.7088012695313,103.423614501953,20.1006679534912
1069,133.560043334961,438.159118652344,28.9595584869385,54.9576835632324,16.4065036773682,8.4488697052002,76.6021957397461,103.976669311523,19.6028289794922
1071,128.74284362793,409.315856933594,28.5736827850342,51.9474945068359,16.4514217376709,8.40221214294434,73.285758972168,102.75562286377,18.2977714538574
1073,124.498062133789,384.558959960938,27.408374786377,50.275074005127,16.1738624572754,8.87508583068848,68.7130889892578,102.485290527344,17.3685970306396
1075,120.703315734863,359.730102539063,25.9725112915039,54.8329544067383,15.7965717315674,9.03959178924561,65.4184875488281,102.766044616699,15.9142761230469
1077,119.252975463867,334.712707519531,24.5999794006348,50.2634506225586,15.6397495269775,8.82337856292725,62.2867889404297,101.790733337402,14.7962827682495
1079,118.963027954102,310.157287597656,23.3734340667725,47.9880981445313,15.3568344116211,8.85980224609375,59.1756172180176,101.229820251465,12.6817483901978
1081,116.286224365234,289.368011474609,22.2556991577148,50.5082702636719,15.1175851821899,8.90249729156494,55.268798828125,100.328201293945,10.8945951461792
1083,113.282257080078,269.782287597656,21.4620666503906,48.9645538330078,14.8565769195557,8.72336483001709,50.8460235595703,99.1338119506836,9.86546039581299
1085,110.531051635742,249.157592773438,21.6445198059082,49.277946472168,14.6115560531616,8.60486888885498,46.4813690185547,98.4415130615234,8.85682773590088
1087,106.906837463379,238.108703613281,20.6686553955078,47.7513275146484,14.6245059967041,8.67268085479736,44.2049980163574,96.8518295288086,7.55367708206177
1089,102.309379577637,224.530563354492,19.610107421875,46.5906677246094,14.3017635345459,8.50233364105225,40.7242736816406,96.3278350830078,5.92925596237183
1091,100.022857666016,213.008178710938,19.8769569396973,46.9400863647461,14.1328773498535,8.61194610595703,37.2499198913574,95.5815124511719,4.41257333755493
1093,98.5430221557617,209.296585083008,19.8041172027588,44.5302124023438,13.7718496322632,9.03399467468262,36.1484527587891,94.3327865600586,3.98908829689026
1095,96.1557922363281,204.134475708008,19.4499797821045,44.5899887084961,13.5596961975098,9.45122337341309,34.9050941467285,94.8515396118164,3.70505046844482
1097,93.2577209472656,199.682464599609,18.9934921264648,44.295955657959,12.915566444397,9.42994689941406,33.291015625,94.3250122070313,3.66608691215515
1099,90.9671478271484,201.680908203125,19.7641906738281,42.1377601623535,12.8393974304199,9.14637851715088,33.0592269897461,94.9298095703125,4.22533273696899
1101,88.2509002685547,204.206405639648,20.3994159698486,43.1446228027344,12.8227043151855,8.73172569274902,33.8670768737793,95.9375991821289,4.51716184616089
1103,85.3612289428711,206.184173583984,20.476713180542,41.7685165405273,12.5633935928345,8.26926231384277,33.4177207946777,96.9724502563477,5.20650863647461
1105,82.6642456054688,207.536987304688,20.7972755432129,39.9604072570801,12.2098865509033,8.01259136199951,33.1312370300293,98.2910537719727,6.05719995498657
1107,82.2518463134766,210.945663452148,20.926362991333,41.5227737426758,12.2790002822876,7.7135591506958,34.2387580871582,99.8130416870117,6.09196853637695
1109,82.0627517700195,213.660659790039,21.0123138427734,40.4620666503906,12.5267610549927,7.42334079742432,34.5492210388184,101.949905395508,6.03107070922852
1111,81.2044830322266,212.673797607422,20.8380699157715,40.9296607971191,12.7575016021729,7.00425815582275,35.0172157287598,101.270111083984,6.45457744598389
1113,79.8194274902344,210.582870483398,20.8394680023193,39.7508125305176,12.7024087905884,6.80788612365723,35.1730804443359,101.471946716309,6.56680107116699
1115,78.3442840576172,207.293899536133,20.9383850097656,37.9303970336914,12.7542343139648,6.47376728057861,34.9541549682617,101.308006286621,6.71880674362183
1117,76.3880157470703,203.607025146484,19.6247940063477,38.7209854125977,12.8409242630005,5.89421653747559,35.7297821044922,100.074661254883,6.90819597244263
1119,74.3931121826172,198.215255737305,19.0426330566406,36.0610313415527,12.8003902435303,5.65771627426147,34.5155906677246,100.038726806641,7.2741756439209
1121,71.4533843994141,191.667358398438,18.4881076812744,35.5645179748535,12.7569284439087,5.41137504577637,34.5460357666016,98.6783599853516,7.51552486419678
1123,69.564811706543,185.893081665039,18.0706958770752,35.8142509460449,12.9863367080688,5.19781112670898,35.5102424621582,97.875129699707,7.72866821289063
1125,67.6262054443359,181.483871459961,17.6883029937744,31.4892292022705,13.1284799575806,4.76003789901733,34.7452774047852,96.4741668701172,7.77419757843018
1127,65.1652450561523,178.717315673828,17.1544780731201,31.3122024536133,12.9307613372803,4.3541259765625,35.100959777832,94.3814163208008,8.16667079925537
1129,63.3493957519531,173.336029052734,17.1982383728027,31.5916080474854,12.7537498474121,4.27923059463501,35.3950576782227,93.2023010253906,8.01212310791016
1131,61.1809005737305,166.334716796875,16.6714038848877,30.2633800506592,13.1057634353638,4.01103258132935,34.4930152893066,92.364616394043,7.7738299369812
1133,59.3689193725586,162.029098510742,16.6597785949707,30.2003765106201,13.2811422348022,3.761390209198,34.763069152832,92.2043991088867,7.67910289764404
1135,57.7942237854004,158.888107299805,16.7994194030762,29.0615177154541,13.3334436416626,3.6984167098999,33.8179206848145,90.0200653076172,7.26216316223145
1137,56.9329795837402,156.661575317383,16.7233657836914,29.1106090545654,13.1583595275879,3.49973726272583,34.3544845581055,88.2113418579102,7.51404190063477
1139,55.7581901550293,155.96354675293,16.0124320983887,28.4469718933105,13.1086025238037,3.49485015869141,35.2266426086426,87.1823272705078,7.35237503051758
1141,55.6185989379883,153.732559204102,15.3276386260986,27.4158363342285,13.2097053527832,3.5295033454895,34.6657867431641,86.1279830932617,7.48775434494019
1143,55.7034454345703,151.703063964844,15.1037826538086,27.9889469146729,13.2493047714233,3.50383949279785,34.8465766906738,85.6227645874023,7.24671697616577
1145,55.4345512390137,147.179260253906,15.4613742828369,27.2040061950684,12.8136901855469,3.99690961837769,35.7929878234863,82.9744033813477,7.09909009933472
1147,54.8950538635254,144.30908203125,15.640739440918,26.1904983520508,12.6243677139282,4.21174478530884,37.3922958374023,81.1803741455078,6.83690309524536
1149,54.4216003417969,143.403015136719,15.9394855499268,26.5824279785156,12.6925086975098,4.28357219696045,37.0157508850098,79.6900177001953,6.70880365371704
1151,53.7570533752441,140.187088012695,16.5316181182861,25.7783718109131,12.7886447906494,4.80673789978027,36.4838905334473,77.8418807983398,6.85466241836548
1153,52.9726676940918,136.72265625,17.3969879150391,25.8174419403076,13.0879306793213,5.440589427948,37.6027793884277,76.3682250976563,6.82582426071167
1155,52.7705612182617,135.230804443359,18.2189502716064,25.7537727355957,13.3506774902344,6.22005319595337,37.2703857421875,75.4768676757813,7.16553783416748
1157,53.6032791137695,132.231491088867,18.7380828857422,25.5504589080811,13.1741056442261,6.79551601409912,36.4824867248535,74.8274154663086,7.85695791244507
1159,53.4129028320313,130.193618774414,18.9142112731934,27.4554138183594,13.689245223999,7.06764364242554,36.9895553588867,75.6506500244141,8.4399881362915
1161,53.2811851501465,129.349472045898,18.4515323638916,27.1006278991699,14.2327699661255,8.06081581115723,37.1420097351074,75.9895629882813,9.22482681274414
1163,53.3486633300781,125.592323303223,18.4020881652832,26.0847759246826,14.1270551681519,8.25236988067627,37.7164154052734,74.7504730224609,10.5256090164185
1165,53.0799560546875,123.349884033203,18.1418132781982,28.1359920501709,14.5778903961182,8.39529991149902,38.3489952087402,73.826774597168,11.8700523376465
1167,51.6420516967773,122.601829528809,18.4364013671875,28.5963077545166,14.579231262207,8.42545127868652,37.6674613952637,73.2639617919922,12.680850982666
1169,51.1454849243164,120.258422851563,17.909236907959,28.9127883911133,14.6292562484741,8.66459465026855,37.9349670410156,72.1682739257813,13.2099618911743
1171,50.7701416015625,117.401977539063,17.2110919952393,29.170654296875,14.987250328064,8.56437683105469,37.7317199707031,69.4057540893555,13.6658802032471
1173,51.229133605957,115.750015258789,16.191104888916,28.536226272583,15.6082401275635,8.00675487518311,36.4213981628418,68.0206909179688,14.0084238052368
1175,50.4771041870117,115.323417663574,15.2916488647461,28.5246543884277,16.3712959289551,7.56060886383057,36.3663520812988,67.396240234375,15.0671243667603
1177,49.9832420349121,114.653366088867,14.4333686828613,26.973518371582,16.6227912902832,7.45060253143311,37.8120346069336,67.0212478637695,15.2647285461426
1179,50.2415924072266,113.529502868652,13.4190444946289,26.8129577636719,16.6817626953125,7.07509136199951,38.1873741149902,66.5853042602539,15.8647928237915
1181,50.0084571838379,113.491325378418,12.5571775436401,27.1617813110352,16.4970226287842,7.26789951324463,37.6749305725098,65.1503219604492,16.2370414733887
1183,49.4299697875977,113.580116271973,10.5929441452026,26.2468776702881,16.4296035766602,7.68596792221069,37.7487030029297,64.2722244262695,16.2418060302734
1185,49.621223449707,111.999755859375,9.46644592285156,26.1518592834473,16.6763324737549,7.07259464263916,38.8283042907715,62.2945365905762,16.7656555175781
1187,48.6334915161133,111.882293701172,8.87282085418701,26.5641021728516,17.0186939239502,7.45429706573486,40.9216346740723,61.7538375854492,16.8618106842041
1189,48.289436340332,111.849540710449,8.40583229064941,26.6194915771484,16.7585411071777,7.87605285644531,41.5193634033203,60.9579811096191,16.0266590118408
1191,48.0625343322754,111.405990600586,8.62822151184082,27.8637390136719,16.6920375823975,7.98774242401123,42.3625793457031,61.2521667480469,16.0297203063965
1193,47.1408195495605,112.160835266113,7.88094758987427,26.6347541809082,16.5795955657959,7.72912454605103,43.1933174133301,62.7443809509277,16.0005798339844
1195,46.4383850097656,111.870262145996,7.58149242401123,28.3176727294922,15.7233362197876,7.1712498664856,46.3573875427246,63.4076728820801,15.9390115737915
1197,47.1105041503906,110.756317138672,8.5751895904541,29.6708030700684,15.311562538147,8.1382007598877,46.540397644043,63.048942565918,15.3879776000977
1199,47.3012237548828,108.947006225586,8.64219856262207,28.0321006774902,15.1398878097534,8.48586273193359,46.433219909668,62.4927711486816,15.5871324539185
1201,46.1894264221191,108.017181396484,9.1388463973999,27.7999000549316,14.4262266159058,8.28683376312256,48.5011558532715,62.8262405395508,16.0618286132813
1203,45.2979354858398,104.03881072998,9.00948143005371,26.6386966705322,14.5254106521606,7.97001791000366,46.5291290283203,63.4394302368164,16.505012512207
1205,45.3826599121094,99.0532836914063,9.38801002502441,25.8201522827148,13.9279813766479,7.7663836479187,45.641471862793,65.2407302856445,16.5717315673828
1207,44.6092338562012,98.9742279052734,9.52192211151123,26.4772281646729,13.4681072235107,7.89598178863525,46.8499984741211,65.851806640625,17.0073013305664
1209,44.8338394165039,99.1589431762695,9.73140144348145,26.6220722198486,14.0831127166748,7.12477779388428,45.3398208618164,66.4512176513672,16.9311714172363
1211,44.4076766967773,95.7042846679688,10.7834520339966,28.1182346343994,13.7845001220703,6.91580486297607,45.9735717773438,65.3116760253906,18.3906669616699
1213,41.9459838867188,89.2784118652344,11.8893098831177,25.2595863342285,12.6844606399536,6.68940925598145,47.3708457946777,67.3681869506836,20.8365230560303
1215,39.6867790222168,83.3810882568359,12.9042062759399,22.6360740661621,11.6749048233032,6.48163604736328,48.6531867980957,69.2555313110352,23.0811939239502
1217,37.6060638427734,77.9496917724609,13.8389196395874,20.2198371887207,10.7451095581055,6.29027843475342,49.8342170715332,70.9937744140625,25.1485233306885
1219,38.8218002319336,79.8023529052734,13.7716035842896,22.4860000610352,10.6498098373413,6.57831525802612,49.8383255004883,72.3826446533203,25.3813743591309
1221,40.4178848266602,78.4057769775391,15.3938112258911,23.7862319946289,10.9832983016968,7.04369974136353,46.940746307373,73.9523696899414,25.2428455352783
1223,40.8894233703613,80.7632675170898,17.3070793151855,23.7037296295166,11.4490365982056,7.07584190368652,45.5093688964844,75.2026290893555,25.4362964630127
1225,40.1410026550293,81.4514465332031,19.0754070281982,24.426420211792,11.1856927871704,6.6159725189209,43.6758346557617,74.7347106933594,26.0510158538818
1227,41.674243927002,82.513427734375,17.8752517700195,25.3063812255859,10.5818433761597,6.78886032104492,42.9246253967285,73.5369033813477,26.1577415466309
1229,42.6521339416504,86.8474426269531,17.7578811645508,26.2712821960449,10.5107984542847,6.60692501068115,41.7470855712891,73.2041931152344,25.6555233001709
1231,43.5083236694336,90.1545104980469,16.0296649932861,25.9097862243652,11.3255443572998,6.27387619018555,40.8065605163574,74.2317810058594,24.424129486084
1233,44.8694725036621,93.8326644897461,15.3620920181274,26.652156829834,11.5831069946289,6.32055521011353,41.2848205566406,76.1188888549805,23.915901184082
1235,45.349925994873,97.4319610595703,15.4589900970459,28.2341861724854,10.8979034423828,6.55497980117798,39.8433685302734,76.5197982788086,24.1487464904785
1237,47.7753105163574,101.606048583984,15.4482755661011,27.8744297027588,10.2232036590576,6.38820171356201,36.8941802978516,77.2189254760742,23.6663341522217
1239,49.3865089416504,107.488838195801,16.0957527160645,29.4247608184814,9.72805309295654,6.42946577072144,39.1721458435059,77.6078872680664,22.587869644165
1241,50.366813659668,111.601821899414,16.3711585998535,29.9679431915283,9.80072784423828,6.60526084899902,41.0073699951172,80.1919174194336,21.7718086242676
1243,51.0736503601074,114.657409667969,15.1934375762939,30.0644969940186,10.6877021789551,5.84132528305054,37.6186828613281,82.5262145996094,21.6369781494141
1245,52.5559539794922,118.818214416504,14.7711753845215,31.2567520141602,11.7915382385254,5.57087469100952,38.060863494873,81.9387741088867,21.9485034942627
1247,54.2879867553711,121.907539367676,14.2078619003296,31.4317455291748,11.3978404998779,6.11290407180786,39.4189949035645,83.8087158203125,22.1678295135498
1249,55.0717735290527,124.538040161133,14.6228170394897,32.0271682739258,10.4337425231934,6.23080492019653,37.8340759277344,83.5307159423828,22.1393547058105
1251,55.3606262207031,125.236450195313,15.3108921051025,33.5857315063477,10.5235366821289,5.7086763381958,37.4283065795898,82.7482070922852,22.493953704834
1253,55.4629669189453,125.390342712402,14.6776266098022,33.4569664001465,10.6971397399902,5.29123449325562,36.203742980957,82.1421966552734,22.8771419525146
1255,55.2820587158203,125.249183654785,15.0927276611328,33.1484870910645,9.88669109344482,5.74055337905884,36.2013244628906,82.0186080932617,21.9097690582275
1257,55.5764503479004,124.799575805664,16.5168323516846,32.9805183410645,10.0509452819824,5.8061351776123,37.4641914367676,82.9142074584961,21.637264251709
1259,55.6807746887207,125.604164123535,17.0784740447998,32.1846389770508,10.3917551040649,5.30326652526855,36.0835800170898,81.8869018554688,21.0086803436279
1261,55.8839645385742,125.23705291748,17.5360298156738,33.0149345397949,10.3690280914307,4.95902729034424,36.1874694824219,81.3240509033203,19.9959182739258
1263,56.4216728210449,124.554679870605,17.1550006866455,31.6531639099121,10.4628467559814,5.08375787734985,37.7698936462402,82.0952606201172,19.1880931854248
1265,57.0588569641113,125.459915161133,18.0360240936279,30.9510841369629,10.1638288497925,5.2993221282959,38.7218437194824,80.9387512207031,17.925931930542
1267,57.2550621032715,124.948959350586,18.1564064025879,31.6786670684814,10.4644060134888,5.4056830406189,39.7999649047852,80.6977691650391,17.0699939727783
1269,56.688404083252,126.042259216309,17.6997718811035,31.5321350097656,10.7366237640381,5.56240701675415,39.0485000610352,81.2059173583984,16.5479869842529
1271,55.6302604675293,128.905395507813,16.9221496582031,30.9813423156738,10.7527151107788,5.47324466705322,39.8618354797363,80.8956451416016,15.4630126953125
1273,53.6218452453613,130.50325012207,16.4050674438477,31.0447235107422,10.5798892974854,5.28229331970215,41.0320358276367,80.6524658203125,15.1013431549072
1275,53.0030517578125,132.145950317383,15.7693557739258,30.174295425415,11.282958984375,4.97987937927246,40.744571685791,80.4497756958008,13.989896774292
1277,52.1056671142578,132.969863891602,15.1756086349487,31.3957710266113,11.6708211898804,5.24670457839966,41.8528289794922,81.8166580200195,13.1985340118408
1279,50.6598014831543,131.925033569336,14.3204078674316,32.1952323913574,11.4579133987427,5.64218282699585,42.8553848266602,82.9597625732422,12.6396913528442
1281,49.6327667236328,132.095245361328,13.811318397522,31.7372531890869,11.1497325897217,5.04304361343384,44.845043182373,83.8408203125,12.4955549240112
1283,49.4860343933105,130.947555541992,13.379693031311,32.6694564819336,11.3082799911499,4.90928077697754,44.9883842468262,84.906364440918,12.6766767501831
1285,49.2051277160645,129.654098510742,13.7638130187988,32.7328147888184,11.7824544906616,4.89003753662109,45.1807136535645,85.028938293457,12.498607635498
1287,48.511646270752,130.840057373047,13.8480110168457,32.4563941955566,11.6532316207886,5.26701211929321,47.2552261352539,85.8886871337891,12.2388124465942
1289,48.0678062438965,130.953872680664,14.2049045562744,32.2394905090332,11.4964504241943,5.60692691802979,46.1733818054199,85.1902389526367,12.2529010772705
1291,48.2713890075684,129.989852905273,14.9529781341553,33.1561393737793,11.9902486801147,5.4886417388916,45.044319152832,84.4186172485352,12.26402759552
1293,47.6085243225098,130.457458496094,15.8279905319214,33.5266304016113,12.5460147857666,6.33563470840454,46.2996788024902,84.2974243164063,12.0285444259644
1295,47.0844612121582,128.343872070313,17.321361541748,32.8512496948242,12.7147369384766,6.14286327362061,47.0315818786621,83.3133316040039,11.821738243103
1297,46.0799789428711,127.029243469238,18.0532188415527,33.2041091918945,12.7279634475708,5.65346813201904,46.9792251586914,82.6322708129883,11.2377128601074
1299,45.7216186523438,124.449287414551,18.526948928833,33.4554214477539,13.1246728897095,5.37931299209595,46.1586990356445,81.6261978149414,11.255500793457
1301,45.8274230957031,123.17610168457,18.7742900848389,32.5180625915527,13.1875162124634,5.30157041549683,45.4936370849609,80.5553588867188,11.1302738189697
1303,45.6946830749512,123.002288818359,18.227668762207,32.6048011779785,13.0887088775635,5.32233905792236,46.5213775634766,80.4727020263672,10.534987449646
1305,45.5445022583008,121.042686462402,18.093713760376,32.0898475646973,13.1523151397705,4.89636278152466,46.2161445617676,80.6007537841797,10.2895345687866
1307,46.180305480957,121.506767272949,17.7553291320801,31.3451671600342,12.9894132614136,4.44467353820801,44.8452949523926,79.1977005004883,9.90865612030029
1309,46.3621139526367,121.726463317871,16.6091728210449,32.4855575561523,12.58274269104,4.4972882270813,47.4081649780273,77.7334594726563,9.76382160186768
1311,45.3669815063477,122.558792114258,15.7194271087646,31.6110420227051,12.6910638809204,4.4899697303772,48.6981048583984,77.0690155029297,9.47847652435303
1313,45.4643669128418,126.168090820313,15.0672674179077,30.8827686309814,12.5988845825195,4.25593280792236,47.5445175170898,75.8500900268555,10.0322494506836
1315,44.8766288757324,127.623565673828,14.6574583053589,31.3036956787109,12.4965114593506,4.40416431427002,47.9991416931152,75.1877746582031,10.3258438110352
1317,45.0928421020508,130.531478881836,13.792537689209,30.854362487793,12.9017314910889,4.17347812652588,47.8430709838867,75.0491561889648,10.2189531326294
1319,46.009578704834,134.517822265625,13.6161870956421,31.0409736633301,13.0240049362183,4.56311702728271,49.1524314880371,74.5925064086914,9.63899040222168
1321,46.6449890136719,137.571258544922,13.6734838485718,30.7137069702148,13.0926389694214,4.85191679000854,48.1755027770996,75.0735549926758,8.39123153686523
1323,47.7218742370605,139.907211303711,14.2517967224121,30.4358367919922,13.1330299377441,5.14913320541382,47.3719367980957,75.6505889892578,7.22580718994141
1325,49.3250541687012,141.460693359375,14.8033475875854,32.115535736084,12.8206720352173,5.67752695083618,49.3942413330078,76.7453384399414,6.53236055374146
1327,49.943431854248,143.109390258789,15.5005502700806,31.517614364624,12.5014190673828,5.99088096618652,49.8205604553223,77.5993270874023,5.9938645362854
1329,51.2001342773438,144.042297363281,16.6648921966553,32.4246826171875,12.5974941253662,6.10424423217773,50.5132865905762,78.4294586181641,5.01070785522461
1331,52.8916816711426,144.054397583008,17.8117923736572,33.1224708557129,12.7739238739014,5.9363169670105,49.9079170227051,78.522346496582,4.08904886245728
1333,54.4480400085449,144.16096496582,18.5272636413574,32.4571723937988,12.9173727035522,5.98545026779175,51.3824234008789,78.7937469482422,3.64590740203857
1335,55.644416809082,145.600891113281,18.8590641021729,33.862377166748,13.9028882980347,5.93526983261108,54.0434455871582,80.5410766601563,3.26049590110779
1337,56.9811553955078,147.01789855957,18.7462577819824,32.7553939819336,14.5577011108398,5.77151727676392,51.6419982910156,80.9931030273438,3.36520600318909
1339,57.9739379882813,148.996215820313,18.4539928436279,33.4488563537598,15.2832193374634,6.10391187667847,52.8491973876953,81.5932083129883,3.47409129142761
1341,59.2799835205078,151.484161376953,19.4710330963135,35.8737106323242,15.4679718017578,6.55815649032593,55.7139930725098,82.6503829956055,2.53964734077454
1343,60.7866477966309,153.011764526367,21.0376777648926,35.1666221618652,15.5113801956177,6.7124490737915,54.1418380737305,84.053108215332,2.17542052268982
1345,62.2072219848633,154.030609130859,23.0804920196533,37.4336051940918,15.4481239318848,7.28282117843628,55.8853874206543,86.0436248779297,2.19984722137451
1347,63.1397514343262,155.596817016602,24.4080104827881,39.721549987793,16.0270214080811,7.88966417312622,57.7906837463379,87.896484375,2.08940982818604
1349,64.5220336914063,157.356079101563,24.8101139068604,40.5421485900879,16.1787891387939,8.79963970184326,60.5061988830566,90.8908462524414,2.24968552589417
1351,65.8042526245117,157.238098144531,26.2316570281982,43.8287315368652,15.8566083908081,10.0151252746582,63.1889190673828,94.0645294189453,2.36775636672974
1353,67.3052520751953,157.282012939453,27.1076202392578,44.4299621582031,15.7239551544189,10.8432359695435,63.2088050842285,95.7160034179688,2.28643035888672
1355,69.0553970336914,159.479690551758,26.3765830993652,47.0519752502441,15.800048828125,12.0274276733398,65.0402374267578,98.4699172973633,2.76647305488586
1357,70.1269989013672,158.138977050781,25.7785301208496,49.2053909301758,16.0681190490723,12.4950752258301,66.5434722900391,101.539764404297,2.7325873374939
1359,71.4442291259766,159.110366821289,25.1513080596924,50.4620475769043,16.4429626464844,12.9490308761597,67.3987808227539,103.340744018555,2.55760431289673
1361,73.078369140625,160.438583374023,23.9945583343506,49.0244102478027,17.7223529815674,13.4800329208374,67.8160858154297,105.132507324219,2.66686248779297
1363,74.4665451049805,159.568267822266,23.6804656982422,46.5900650024414,18.4105644226074,12.9467458724976,69.7162704467773,106.01774597168,2.80087113380432
1365,75.3734664916992,160.711212158203,24.8450050354004,49.5659332275391,17.5283260345459,13.6179323196411,71.8072662353516,104.446708679199,2.64585494995117
1367,75.9081420898438,161.454895019531,25.3265438079834,49.0174865722656,17.5049858093262,13.4623327255249,72.277214050293,103.323593139648,3.04452896118164
1369,77.0510482788086,164.02685546875,25.5058631896973,46.8563575744629,17.809211730957,13.2403717041016,71.9006805419922,103.558815002441,3.49878191947937
1371,78.6278533935547,168.268325805664,25.1836433410645,47.7821960449219,17.4935684204102,13.5600757598877,72.8941421508789,104.104057312012,3.78983807563782
1373,79.1184692382813,171.55012512207,24.9210681915283,43.9900665283203,18.5847034454346,12.8114728927612,76.5510101318359,105.959465026855,4.89659833908081
1375,79.2639007568359,178.142135620117,23.3408432006836,43.8148345947266,18.68044090271,13.7294111251831,78.4879608154297,107.279525756836,5.26485824584961
1377,81.7019119262695,182.046661376953,22.7881278991699,48.7325172424316,18.8521785736084,14.5239667892456,80.5883712768555,107.049186706543,5.04298686981201
1379,84.4602890014648,187.197570800781,22.4683647155762,50.9950256347656,18.7383785247803,14.6954383850098,79.486442565918,107.819686889648,4.51627349853516
1381,85.5186309814453,191.85871887207,20.9486045837402,54.0146751403809,19.041187286377,15.8531112670898,79.7220306396484,107.678001403809,4.21350717544556
1383,86.8253860473633,193.471832275391,20.3293933868408,56.1201210021973,19.8466548919678,15.8438663482666,80.918586730957,108.806503295898,4.12374687194824
1385,87.2800521850586,195.795700073242,18.9288196563721,52.4523887634277,20.4103145599365,15.4474897384644,79.9020309448242,109.00439453125,4.5732274055481
1387,88.6794052124023,198.591751098633,16.6420516967773,49.6759414672852,21.2587089538574,14.4435005187988,84.4005126953125,108.773544311523,5.95873498916626
1389,92.3972778320313,201.947555541992,15.9020156860352,51.7158203125,21.3683757781982,14.7539663314819,86.4290771484375,110.983139038086,5.94367790222168
1391,96.867431640625,207.711990356445,16.5053939819336,52.9357833862305,21.9915657043457,16.5318336486816,86.900390625,111.914733886719,5.3088755607605
1393,98.5833740234375,210.54524230957,15.5028619766235,51.4228477478027,22.6838798522949,16.4411296844482,90.0010528564453,114.554237365723,6.5973072052002
1395,102.675186157227,219.636032104492,16.1226825714111,52.2026443481445,25.4879951477051,17.2162075042725,92.8304595947266,119.223342895508,7.72228860855103
1397,106.997688293457,229.846099853516,17.4204521179199,54.5824127197266,26.9446105957031,18.5282516479492,98.0597915649414,124.609588623047,7.45805740356445
1399,111.783386230469,241.121215820313,21.4633445739746,59.8427200317383,27.4487400054932,18.8000411987305,100.43391418457,135.509155273438,5.99434232711792
1401,118.700782775879,248.080902099609,26.0420265197754,66.7308044433594,29.2012004852295,21.9228630065918,96.9292602539063,140.548461914063,4.15143251419067
1403,124.129516601563,251.733901977539,25.1656360626221,68.9889297485352,30.5520896911621,22.7322864532471,103.461791992188,144.968338012695,4.32754802703857
1405,126.904655456543,255.953094482422,24.7160301208496,69.8148040771484,30.8892097473145,21.7155094146729,104.857246398926,150.623046875,4.90297412872314
1407,129.319580078125,259.034545898438,25.817699432373,73.7637023925781,31.4353542327881,22.1736068725586,103.938369750977,153.117431640625,4.88738203048706
1409,130.628280639648,261.150054931641,25.3162822723389,74.5853805541992,31.9042720794678,20.9440727233887,105.324905395508,153.557388305664,4.65920877456665
1411,130.641494750977,259.751922607422,25.0997867584229,69.2033615112305,32.0138626098633,20.4501724243164,105.81649017334,152.910781860352,4.87140512466431
1413,129.056930541992,258.279052734375,25.3910789489746,66.7580947875977,31.8764419555664,19.9072380065918,107.191596984863,151.748107910156,5.20863389968872
1415,123.25853729248,255.408248901367,24.2960624694824,60.9681358337402,32.8813438415527,19.4449520111084,106.488952636719,149.914016723633,5.75486183166504
1417,116.050567626953,252.437530517578,21.9163131713867,52.8729705810547,36.2558898925781,18.9166507720947,108.3671875,149.760696411133,7.38002729415894
1419,113.004554748535,249.669799804688,22.4081363677979,50.9417037963867,37.5568885803223,16.8222599029541,111.176712036133,148.19743347168,9.71364498138428
1421,113.478240966797,245.424011230469,22.5580005645752,46.1856918334961,35.8584861755371,16.4322147369385,108.287521362305,145.518142700195,8.62089252471924
1423,109.438247680664,245.613952636719,21.7115383148193,43.6578941345215,36.3762588500977,15.7470531463623,110.118492126465,143.373321533203,7.91334629058838
1425,106.672828674316,245.27734375,21.244571685791,44.2349967956543,35.5517501831055,14.4467868804932,108.850494384766,137.628219604492,7.65284776687622
1427,103.510765075684,246.176788330078,21.6352500915527,41.8197708129883,35.0244216918945,14.8056354522705,105.548675537109,135.995819091797,8.74503135681152
1429,99.1376190185547,251.213714599609,23.5915985107422,40.6107711791992,36.2138557434082,15.1894769668579,107.75952911377,134.790145874023,9.87804794311523
1431,97.4745864868164,253.994171142578,25.2304649353027,40.842472076416,36.2869720458984,15.2483940124512,109.326927185059,133.768890380859,10.6382093429565
1433,95.7741546630859,259.115783691406,28.8820056915283,42.2827606201172,35.8128318786621,16.1185741424561,108.614036560059,135.031143188477,11.4005241394043
1435,92.523796081543,262.048980712891,33.4054336547852,42.7144775390625,36.2781410217285,16.0649948120117,109.458061218262,135.578903198242,12.2330703735352
1437,91.5461959838867,264.307830810547,38.8135185241699,43.7416610717773,36.7281761169434,17.3767890930176,108.605865478516,137.072845458984,14.1566915512085
1439,93.2793121337891,266.991790771484,42.8339424133301,45.1287117004395,36.2578620910645,17.7636108398438,111.289566040039,137.952880859375,13.2954530715942
1441,96.3837356567383,265.394470214844,46.9195785522461,43.1436309814453,35.4397850036621,17.4159755706787,111.14835357666,138.720367431641,12.6908912658691
1443,96.1646194458008,263.060607910156,50.1453285217285,42.4502105712891,35.4678382873535,18.5945110321045,105.635467529297,139.793502807617,13.0159931182861
1445,93.3357925415039,259.387084960938,53.892650604248,41.3740425109863,36.1180610656738,18.8807468414307,106.571235656738,138.807067871094,13.1540670394897
1447,90.8318557739258,257.094512939453,57.8439674377441,39.7958793640137,35.3356704711914,18.9087715148926,110.144973754883,137.251647949219,14.1523427963257
1449,83.1320724487305,242.735900878906,60.4413185119629,41.993221282959,31.9413623809814,16.5783462524414,105.662467956543,133.102188110352,15.3084688186646
1451,75.5759201049805,228.645126342773,62.9902191162109,44.149585723877,28.610372543335,14.2913942337036,101.263595581055,129.030136108398,16.4430274963379
1453,68.1594161987305,214.814758300781,65.4920120239258,46.2660865783691,25.3409461975098,12.0467090606689,96.9460067749023,125.033348083496,17.5566177368164
1455,66.4630508422852,211.855712890625,69.4340057373047,46.085823059082,25.2601890563965,12.1181545257568,96.4669342041016,125.981994628906,17.0123672485352
1457,64.5720062255859,209.491027832031,74.8721542358398,45.0890846252441,26.7286396026611,13.0332860946655,96.1528472900391,126.908248901367,17.9602432250977
1459,67.5513076782227,205.686447143555,77.3707122802734,49.5770797729492,26.4631462097168,13.0239353179932,92.75341796875,126.632293701172,16.4359283447266
1461,68.3050308227539,198.598114013672,74.7203826904297,48.9703941345215,26.2499389648438,13.8443899154663,87.4378280639648,123.315338134766,14.8829078674316
1463,67.1374053955078,197.36442565918,72.9956665039063,48.1539878845215,25.6847534179688,12.9106636047363,83.4777984619141,119.702117919922,13.8213415145874
1465,64.9722290039063,192.539306640625,68.1169052124023,49.5894737243652,25.8187732696533,12.8941516876221,82.0335845947266,115.560791015625,12.69886302948
1467,61.5755004882813,186.030120849609,63.166633605957,46.7264709472656,24.5938835144043,13.1500425338745,76.2047500610352,112.664611816406,10.0585346221924
1469,58.274787902832,182.157821655273,58.3989334106445,46.193000793457,23.2779903411865,12.7446775436401,71.4808654785156,106.702491760254,7.1192569732666
1471,55.6636657714844,175.560897827148,52.0352745056152,43.2532958984375,22.0677661895752,10.9984521865845,68.6226806640625,101.077079772949,7.33815240859985
1473,49.6132926940918,168.042907714844,46.7077751159668,39.7167129516602,19.8177738189697,9.28944206237793,66.5293350219727,94.5382919311523,7.89562034606934
1475,45.6876754760742,161.76057434082,40.5048561096191,37.0026626586914,17.8199348449707,8.44210720062256,61.6457138061523,90.2370834350586,6.76934194564819
1477,43.5711441040039,154.434555053711,32.3847236633301,34.1412963867188,17.4052867889404,7.99374151229858,57.7738647460938,83.056999206543,5.08173513412476
1479,41.0086631774902,150.604049682617,30.8371315002441,31.493106842041,16.5986251831055,6.98038291931152,56.8881530761719,77.2998733520508,3.24855184555054
1481,39.1292610168457,143.870986938477,29.6971416473389,29.1051483154297,15.5440492630005,6.16090202331543,57.0790939331055,72.6076202392578,2.7512035369873
1483,38.225944519043,139.113708496094,26.9665775299072,27.3929443359375,14.9657373428345,6.40971374511719,55.4130744934082,71.3753509521484,2.40332865715027
1485,37.9690933227539,137.062393188477,26.4738788604736,27.4946899414063,15.2387094497681,6.03652667999268,55.3024139404297,69.9489059448242,3.12149739265442
1487,37.3591156005859,134.037063598633,26.7397232055664,26.4057426452637,14.4572448730469,5.90468740463257,55.4139556884766,69.5229339599609,2.65085124969482
1489,35.6978187561035,128.737930297852,30.5676174163818,22.7552299499512,13.251971244812,5.55729532241821,55.1880378723145,69.5251312255859,3.62768888473511
1491,35.4953269958496,125.377227783203,33.6908988952637,24.9507236480713,13.1007661819458,6.8943247795105,56.432991027832,75.2087783813477,3.88098430633545
1493,37.1154823303223,120.605934143066,36.9622688293457,25.5490169525146,14.3706579208374,6.04002094268799,51.9305114746094,76.7367324829102,3.93134427070618
1495,35.4998931884766,119.667175292969,42.8610687255859,24.1201553344727,14.1673860549927,5.59097480773926,52.2970352172852,76.1665802001953,3.96688675880432
1497,33.8269195556641,118.230819702148,46.3315353393555,22.8381729125977,14.5489892959595,5.65740585327148,54.3150482177734,79.0565185546875,3.73270702362061
1499,34.4071846008301,121.510299682617,54.1428451538086,25.335132598877,14.0841617584229,5.75918531417847,53.1296081542969,80.5788497924805,4.54661703109741
1501,34.0547256469727,125.192527770996,62.8201522827148,27.0900058746338,14.2267026901245,6.00409126281738,53.2603988647461,81.2147903442383,4.60449695587158
1503,33.0061149597168,126.696868896484,65.0748596191406,27.3696517944336,14.275354385376,6.24092674255371,55.4098052978516,79.3255081176758,6.39392280578613
1505,28.5310478210449,124.139869689941,63.9851188659668,25.3057231903076,12.4446964263916,5.52818727493286,55.2354888916016,72.7387084960938,6.70445680618286
1507,26.4119205474854,125.454818725586,64.5947341918945,22.491626739502,11.8219547271729,4.78553628921509,50.3579902648926,73.0141983032227,8.96989631652832
1509,31.0638809204102,140.340209960938,72.0918731689453,28.5158500671387,15.03870677948,6.85939121246338,49.9385414123535,86.275634765625,11.3734006881714
1511,32.0869750976563,148.933624267578,74.4753799438477,31.3169250488281,14.9389934539795,7.80768394470215,53.1541900634766,93.5579452514648,13.7684755325317
1513,32.3475646972656,154.367630004883,76.1281127929688,35.1909637451172,15.3798971176147,8.19010925292969,54.3135871887207,97.9927215576172,13.6140174865723
1515,31.6716918945313,160.975921630859,78.0175628662109,35.919979095459,15.859655380249,8.38351345062256,54.7009620666504,96.6810607910156,13.0132570266724
1517,32.3289833068848,167.529357910156,84.5744781494141,35.1282768249512,16.6660175323486,8.65557289123535,55.6974754333496,99.7930297851563,12.5948209762573
1519,34.028392791748,171.564697265625,89.169303894043,37.0850601196289,17.7716808319092,9.26473903656006,54.432689666748,106.366905212402,12.8431854248047
1521,34.5893669128418,184.497467041016,92.6740188598633,42.5394973754883,15.8478240966797,10.3519296646118,58.9897804260254,114.844917297363,15.0130920410156
1523,42.4792633056641,205.359436035156,98.2405700683594,48.183032989502,18.3066062927246,11.5075340270996,61.9784736633301,117.362670898438,17.8244094848633
1525,46.7707328796387,216.115020751953,107.56322479248,50.6458549499512,20.691385269165,12.5749893188477,68.5273818969727,124.973556518555,19.0777359008789
1527,52.7612953186035,225.954238891602,115.563270568848,54.4530372619629,22.5675868988037,12.9424390792847,74.8059005737305,131.810241699219,20.1108837127686
1529,59.5803527832031,236.170059204102,122.653022766113,55.9050102233887,24.0669536590576,13.7128305435181,75.3278274536133,140.753646850586,20.451847076416
1531,62.0345993041992,241.508117675781,129.953887939453,55.4993743896484,25.0294284820557,13.9640235900879,78.2829513549805,146.120727539063,21.5568809509277
1533,64.7160034179688,249.827346801758,140.677017211914,58.4265747070313,26.885082244873,13.986457824707,84.7415008544922,153.363296508789,23.6356754302979
1535,73.9780960083008,261.79296875,151.0185546875,61.0475120544434,27.2836399078369,14.4384918212891,90.9051055908203,160.645126342773,24.1489753723145
1537,76.7094116210938,265.332672119141,152.160934448242,59.9699478149414,26.2001247406006,14.2598752975464,93.5451202392578,159.227203369141,23.9786987304688
1539,74.6108703613281,277.062927246094,149.83674621582,61.4195594787598,24.862979888916,13.8978204727173,98.3988800048828,162.59375,25.8892784118652
1541,77.1422271728516,291.038177490234,153.093322753906,66.064582824707,28.3597679138184,14.2247877120972,109.701522827148,171.324935913086,31.1803703308105
1543,84.626350402832,300.569488525391,154.74267578125,68.3214797973633,30.2340869903564,15.2681407928467,114.336250305176,182.146148681641,32.756778717041
1545,92.9151458740234,303.224212646484,158.405624389648,69.5578002929688,30.9921531677246,16.6770534515381,115.43968963623,189.856292724609,31.5832786560059
1547,99.1140365600586,309.903625488281,162.622817993164,68.1804733276367,31.7549209594727,16.865894317627,120.268028259277,190.733596801758,28.5878162384033
1549,102.783241271973,309.803588867188,161.125823974609,68.0950698852539,32.9739837646484,17.090425491333,123.138893127441,194.124496459961,28.8299694061279
1551,108.166343688965,305.833129882813,158.32209777832,68.9409790039063,33.2866744995117,16.8709297180176,124.01634979248,195.941696166992,28.4096927642822
1553,107.677200317383,311.000244140625,154.545639038086,69.1030578613281,33.3334808349609,17.0366458892822,129.914810180664,195.299575805664,30.3178424835205
1555,107.956581115723,310.567596435547,150.821548461914,70.2818832397461,32.8684120178223,17.613073348999,133.368011474609,197.726989746094,32.0521469116211
1557,104.82731628418,309.255981445313,149.720428466797,68.0764999389648,32.353084564209,17.9705944061279,135.389312744141,197.609573364258,33.4845161437988
1559,102.034973144531,310.207550048828,149.099014282227,69.8400039672852,33.062126159668,19.4231719970703,145.419921875,203.017013549805,38.8928260803223
1561,113.28963470459,300.3544921875,148.106460571289,74.3666229248047,32.8445587158203,20.1163272857666,140.655166625977,204.353485107422,33.3865127563477
1563,116.518539428711,299.888397216797,145.891647338867,73.9046630859375,32.456356048584,19.6210536956787,139.292327880859,203.544204711914,30.7265110015869
1565,118.489151000977,298.122619628906,140.037475585938,76.6928558349609,31.2909851074219,20.2218856811523,138.828918457031,202.644104003906,30.6444835662842
1567,118.528060913086,294.220947265625,138.303314208984,75.2749938964844,30.9960479736328,21.1958560943604,140.681304931641,201.405960083008,30.0071964263916
1569,116.511123657227,301.011871337891,133.479034423828,74.4753570556641,31.4257583618164,20.488525390625,144.68635559082,204.017776489258,31.9986553192139
1571,119.914054870605,301.210021972656,126.190116882324,82.0212173461914,30.6705303192139,20.7982444763184,139.297607421875,203.877319335938,28.2291374206543
1573,121.965476989746,301.422546386719,121.992683410645,84.3876647949219,30.1321640014648,21.5272426605225,141.682144165039,203.430603027344,26.1189002990723
1575,117.513893127441,302.966552734375,119.080596923828,73.8335266113281,30.7006759643555,22.130199432373,144.836288452148,204.527038574219,29.2952728271484
1577,117.99584197998,301.942810058594,116.376777648926,56.9018745422363,30.2914371490479,23.0728626251221,143.107864379883,204.047561645508,27.8130798339844
1579,122.981010437012,301.132965087891,112.725341796875,55.6497955322266,28.656831741333,24.0168476104736,141.989807128906,202.172790527344,23.0756034851074
1581,124.831665039063,299.584625244141,112.780052185059,73.700813293457,27.9357089996338,23.6998500823975,136.238159179688,201.180587768555,20.9743671417236
1583,124.523536682129,298.765838623047,113.918212890625,87.9664154052734,27.3445911407471,23.7796249389648,134.211853027344,200.772369384766,18.9503173828125
1585,125.466079711914,299.651062011719,112.307655334473,79.473274230957,27.1429443359375,24.7489757537842,134.186172485352,199.848205566406,17.3948345184326
1587,125.953239440918,298.462066650391,113.367820739746,69.2163772583008,27.2993621826172,25.4340953826904,131.490753173828,198.092483520508,16.2809276580811
1589,124.128150939941,297.592681884766,113.329109191895,70.517936706543,27.0969886779785,25.0076103210449,135.499969482422,195.714233398438,16.5889205932617
1591,122.255386352539,296.07080078125,113.334526062012,76.5065612792969,26.844856262207,24.5622119903564,134.716033935547,192.994323730469,17.0074024200439
1593,122.30721282959,293.585571289063,112.942504882813,76.0215606689453,27.3392219543457,23.8883533477783,129.444152832031,189.600616455078,17.3202037811279
1595,120.867538452148,291.881103515625,112.431137084961,70.34033203125,27.3621368408203,23.3401565551758,133.397003173828,186.47297668457,17.0275707244873
1597,118.508041381836,287.27490234375,111.324195861816,66.716423034668,26.3351821899414,23.6194705963135,129.175384521484,181.352935791016,16.4877490997314
1599,116.093116760254,285.241516113281,109.28125,65.2886962890625,26.0782375335693,23.2909812927246,122.015289306641,176.258041381836,16.9208793640137
1601,113.087509155273,283.785888671875,106.352569580078,66.0793228149414,26.3193016052246,22.6242027282715,125.276321411133,172.539413452148,16.9633026123047
1603,111.344078063965,280.645782470703,104.648361206055,64.4793014526367,26.1213130950928,22.7478008270264,123.805946350098,168.609893798828,16.9765300750732
1605,107.670013427734,278.634948730469,104.429153442383,57.9491500854492,26.2955532073975,22.1308345794678,120.918098449707,162.963073730469,17.2929363250732
1607,103.021484375,274.169647216797,102.475379943848,50.4376487731934,26.4362030029297,20.9330596923828,122.993713378906,157.552520751953,18.210750579834
1609,99.730110168457,269.057220458984,101.148101806641,49.6776924133301,26.0929050445557,20.5079708099365,117.411590576172,152.278823852539,18.332389831543
1611,98.0677185058594,262.556335449219,99.6540069580078,51.5847053527832,25.638671875,20.1861782073975,112.180419921875,146.777038574219,17.3595085144043
1613,95.3570327758789,251.719451904297,98.9885177612305,48.0456771850586,25.4424819946289,18.9970989227295,109.952674865723,141.214889526367,16.760181427002
1615,90.8999557495117,246.363800048828,96.9844436645508,41.1343650817871,25.7281856536865,17.9097194671631,109.33317565918,137.723022460938,18.4034214019775
1617,86.60986328125,236.672927856445,91.8549270629883,38.1839447021484,27.1353778839111,17.4898242950439,106.854194641113,133.646881103516,19.7106418609619
1619,85.7067565917969,223.320053100586,88.3142776489258,38.8285942077637,26.3836784362793,16.8100452423096,100.378311157227,127.988349914551,17.179744720459
1621,83.1144638061523,217.607727050781,84.5566253662109,36.6761016845703,26.460865020752,16.4272994995117,98.2685089111328,125.182861328125,16.4492149353027
1623,79.6716766357422,204.390365600586,79.7072143554688,31.1851940155029,26.3197059631348,16.7268505096436,95.6371307373047,122.287055969238,16.6822032928467
1625,77.9972763061523,193.166748046875,76.0479354858398,29.1376934051514,25.0573558807373,16.1303958892822,90.5316314697266,118.094589233398,14.2610816955566
1627,76.6482772827148,184.703002929688,73.0307388305664,28.5198421478271,24.604944229126,15.0537691116333,87.3140335083008,116.415550231934,12.8146257400513
1629,75.2739028930664,172.853576660156,72.1213455200195,26.7652111053467,23.434253692627,14.9559135437012,82.05322265625,112.902618408203,9.93590068817139
1631,74.1715850830078,167.509902954102,70.3947982788086,25.7348384857178,22.2789554595947,14.5823421478271,82.2786026000977,109.752304077148,7.50812101364136
1633,71.9214096069336,164.121017456055,69.4905014038086,23.9889106750488,22.0520286560059,13.9737529754639,80.7608337402344,108.076210021973,6.60715007781982
1635,67.2575378417969,163.772201538086,69.3186492919922,26.4229030609131,22.352144241333,14.0164403915405,81.2556762695313,106.323890686035,7.54414319992065
1637,65.8908386230469,159.151901245117,68.6162261962891,26.2232341766357,20.9493446350098,13.1573753356934,83.0073623657227,105.05738067627,6.7584924697876
1639,66.6643447875977,153.339706420898,71.8295211791992,24.3296775817871,19.4316272735596,12.8941669464111,80.87548828125,102.877479553223,4.44096899032593
1641,66.4811859130859,153.278137207031,73.5608139038086,25.64089012146,18.9037647247314,12.4965372085571,79.9712142944336,101.66104888916,3.34578204154968
1643,65.7926025390625,154.94255065918,74.8771057128906,24.3354377746582,18.8542499542236,11.4602832794189,76.3058471679688,102.221656799316,2.54803586006165
1645,64.0233001708984,155.736923217773,74.7860717773438,23.2309455871582,19.7991485595703,10.7835454940796,75.5604553222656,104.041679382324,4.07355833053589
1647,62.0496063232422,159.178604125977,73.9754867553711,25.8158798217773,20.2924823760986,11.8518371582031,80.0117797851563,106.148338317871,5.3961033821106
1649,62.43115234375,155.502548217773,76.9699630737305,23.5887298583984,19.8028259277344,11.161566734314,76.3552703857422,104.063484191895,3.38503479957581
1651,62.1987953186035,154.54801940918,77.3762664794922,23.4125156402588,19.6241893768311,10.3409214019775,73.0773468017578,103.010856628418,2.82177591323853
1653,60.6685981750488,156.582366943359,79.1365127563477,27.1400661468506,20.1372089385986,11.7282047271729,78.8125839233398,107.505485534668,6.0532865524292
1655,62.688362121582,151.854049682617,82.4630126953125,24.8769111633301,19.1876068115234,12.4534721374512,78.0388946533203,109.182060241699,4.77722549438477
1657,63.5408248901367,153.902542114258,82.1269760131836,28.7591953277588,18.2741947174072,11.6407260894775,71.4953994750977,109.782867431641,2.33398938179016
1659,64.5162353515625,150.759872436523,84.1821594238281,30.252613067627,18.162425994873,11.7343482971191,67.2792892456055,110.381187438965,1.46350276470184
1661,65.1183013916016,146.562362670898,85.0204315185547,26.8646678924561,18.6930103302002,12.0309400558472,68.4916381835938,111.842681884766,2.50427341461182
1663,65.9162902832031,147.308059692383,85.1989212036133,26.8002033233643,18.7145824432373,12.287802696228,70.046760559082,114.376731872559,2.62647318840027
1665,66.8948135375977,144.357330322266,86.160041809082,29.5369777679443,18.3222904205322,11.8497705459595,64.6665573120117,114.217018127441,1.51715695858002
1667,65.8238372802734,143.50617980957,84.2025451660156,28.1499176025391,18.6884822845459,11.5155687332153,63.2075042724609,114.086334228516,2.58990812301636
1669,64.3982086181641,143.324478149414,82.2529907226563,23.6286277770996,19.4224147796631,10.8157987594604,66.63037109375,113.846855163574,5.85371065139771
1671,65.5543823242188,142.592895507813,79.9276123046875,24.1090869903564,19.6323432922363,10.9564819335938,64.5759582519531,112.331481933594,6.58270215988159
1673,65.419792175293,142.975006103516,79.0438079833984,26.8562622070313,19.4608383178711,10.8586006164551,61.7074356079102,109.128593444824,5.71410369873047
1675,66.2322540283203,143.177124023438,75.4033432006836,25.3910999298096,19.6588115692139,10.0598106384277,61.703800201416,106.799194335938,6.50625085830688
1677,67.5685501098633,141.187545776367,71.7381057739258,26.7152557373047,18.8182430267334,9.86800384521484,59.44189453125,103.712303161621,6.2739429473877
1679,65.5249557495117,141.891448974609,68.3553695678711,26.5171089172363,18.8418769836426,9.65727806091309,59.1706237792969,100.747619628906,6.37644577026367
1681,63.3320007324219,140.225952148438,64.0480499267578,25.8737926483154,19.1543731689453,9.26065349578857,55.3398818969727,97.0374603271484,6.68612861633301
1683,59.2522277832031,138.516708374023,59.0248603820801,21.8391170501709,19.2431945800781,9.24259471893311,57.3311500549316,95.2719650268555,8.91389751434326
1685,58.4786911010742,137.581848144531,50.8524169921875,21.8416290283203,19.9753093719482,10.0048503875732,65.778190612793,93.3177032470703,9.95866203308105
1687,57.762264251709,135.56591796875,46.4028663635254,21.7344989776611,19.5482578277588,9.51885795593262,60.8874168395996,89.6244659423828,9.3933162689209
1689,55.6495399475098,134.829498291016,42.9951286315918,20.7497749328613,19.0321769714355,8.83114433288574,58.4585037231445,87.3546905517578,8.71855545043945
1691,55.0546035766602,132.403060913086,40.2045631408691,20.8995361328125,18.2960739135742,9.0009593963623,59.221794128418,85.131103515625,8.18476676940918
1693,53.8788223266602,130.185180664063,37.9135131835938,19.6165962219238,18.0232791900635,8.9923210144043,58.7298240661621,82.9644393920898,8.76171779632568
1695,50.4878044128418,130.35107421875,34.9763946533203,16.2008686065674,18.3350315093994,8.75232601165771,60.7642135620117,82.8127059936523,11.0405492782593
1697,47.9167633056641,130.808441162109,32.5880813598633,17.83669090271,18.4506587982178,8.92428112030029,63.0473289489746,83.305419921875,13.2760915756226
1699,46.4137001037598,130.860870361328,32.1284332275391,17.4669551849365,18.3034992218018,7.87684965133667,67.2223510742188,84.0304641723633,14.4699478149414
1701,47.210090637207,131.705368041992,31.1793155670166,16.3209400177002,18.6941146850586,8.07164287567139,73.5054168701172,86.4789428710938,14.7518272399902
1703,47.3482284545898,133.232559204102,31.0313301086426,16.7283058166504,18.5028171539307,8.69890022277832,73.4523696899414,87.9981918334961,14.4859914779663
1705,48.4096221923828,137.017288208008,30.44065284729,16.8808860778809,18.5975723266602,9.08721256256104,72.5054473876953,89.6691284179688,14.8224239349365
1707,50.3172416687012,139.987640380859,31.4746475219727,17.3848114013672,18.3219356536865,8.76701354980469,71.9852752685547,91.408561706543,14.4364948272705
1709,51.3478126525879,144.318572998047,32.6569442749023,19.0500984191895,18.4441928863525,9.1627082824707,73.4468307495117,92.374382019043,13.9490852355957
1711,52.2390327453613,146.254898071289,33.0140914916992,19.5954437255859,18.6669387817383,9.18610954284668,72.1346588134766,92.298095703125,13.2598428726196
1713,50.3110809326172,147.608123779297,32.5298728942871,17.5977592468262,19.3669757843018,9.24493885040283,70.1237411499023,92.6865234375,13.7776775360107
1715,48.1252288818359,153.520538330078,31.338134765625,15.2020235061646,18.9390621185303,9.18119239807129,71.540153503418,92.9643249511719,14.3731908798218
1717,45.5426406860352,153.190155029297,30.0298233032227,14.7108430862427,17.6535930633545,8.98674297332764,72.1710891723633,91.9253845214844,15.2117767333984
1719,43.7821655273438,145.98193359375,29.6981754302979,13.4212141036987,17.3888092041016,8.54390907287598,70.474739074707,87.8144989013672,14.1920614242554
1721,43.5112457275391,141.224136352539,29.7250137329102,13.7585134506226,17.2710762023926,7.94885158538818,68.6237945556641,84.9452667236328,12.8646049499512
1723,42.7046661376953,131.65234375,28.5906562805176,12.8603668212891,16.9083099365234,7.64445114135742,67.9496765136719,83.3362655639648,12.0437908172607
1725,40.7511405944824,123.687805175781,26.7916393280029,12.2447566986084,16.5515060424805,7.55566167831421,67.6205673217773,81.0080108642578,11.2443761825562
1727,38.592903137207,117.130546569824,25.8530902862549,11.5896272659302,15.720440864563,7.07119035720825,65.9325637817383,77.499641418457,10.4622287750244
1729,36.6402130126953,110.91039276123,24.4824886322021,10.6567010879517,14.871603012085,6.93260097503662,65.7489318847656,75.0664367675781,10.1308431625366
1731,34.3030815124512,106.203903198242,23.4411525726318,8.95115566253662,14.3372402191162,6.88100528717041,66.6778335571289,72.4886932373047,9.89833545684814
1733,32.1187210083008,102.48299407959,21.2775096893311,8.13167762756348,13.3531150817871,6.54395151138306,65.6511993408203,70.2784729003906,10.044207572937
1735,32.235652923584,98.280876159668,19.8038291931152,8.23077487945557,12.1889619827271,6.3044548034668,62.9164047241211,69.5587310791016,10.1312170028687
1737,31.6396903991699,95.3824691772461,19.1221332550049,8.8861083984375,12.2718181610107,5.8049693107605,61.3203086853027,67.1040496826172,9.47859477996826
1739,30.9977359771729,92.9173126220703,17.2776641845703,8.33697891235352,11.6131820678711,5.43507719039917,59.6011810302734,64.8135833740234,9.73230743408203
1741,30.5145606994629,88.6244812011719,15.5815916061401,8.21177864074707,10.4349613189697,5.19815158843994,57.9228630065918,62.0819778442383,9.73737335205078
1743,30.048412322998,85.9307098388672,14.1526174545288,8.14874172210693,9.72451400756836,5.01526689529419,56.0476608276367,60.5456581115723,9.99960708618164
1745,30.0925273895264,84.4538192749023,12.9990253448486,7.03785276412964,9.41557884216309,4.2455940246582,54.324836730957,57.2497863769531,9.72307586669922
1747,29.2420120239258,82.5696792602539,12.2643718719482,6.93258857727051,9.00642204284668,3.57283616065979,53.5247077941895,54.3187446594238,8.34097290039063
1749,27.6029853820801,80.1903076171875,11.1489019393921,9.23331642150879,8.33688926696777,3.53993129730225,52.2163429260254,52.6535568237305,7.90789127349854
1751,26.6379947662354,79.0564270019531,10.0461444854736,9.0951681137085,8.04091453552246,3.82315707206726,53.6461753845215,51.3510322570801,7.97808408737183
1753,26.3867359161377,78.6769866943359,9.78083610534668,9.06149291992188,8.34651565551758,3.85460925102234,51.0394172668457,49.4416389465332,7.45032024383545
1755,25.7526397705078,76.9237518310547,9.46607208251953,8.3617696762085,7.82392168045044,3.61550283432007,49.0102386474609,45.9422340393066,7.2532844543457
1757,25.7046642303467,75.2984619140625,8.33976173400879,7.77417230606079,7.07682132720947,3.16046738624573,48.1306381225586,42.7548027038574,7.56378126144409
1759,25.260612487793,72.6099014282227,6.95919895172119,8.2037525177002,7.24174070358276,2.58713269233704,45.1684951782227,41.2174987792969,7.92405939102173
1761,25.1707534790039,72.2907028198242,6.28556728363037,7.85911083221436,6.91795778274536,2.38064980506897,44.0267601013184,40.6144180297852,7.80956649780273
1763,25.1440391540527,71.3103790283203,6.38700294494629,7.79928588867188,7.70059061050415,2.40022563934326,44.1067924499512,39.7288055419922,7.17030620574951
1765,23.866283416748,70.0072708129883,6.0108847618103,8.04029273986816,7.79417133331299,2.28105521202087,42.2216339111328,39.3935852050781,6.39823770523071
1767,23.0538692474365,70.4497528076172,6.0126805305481,8.26375198364258,7.0846962928772,1.99449968338013,40.2342681884766,38.5610618591309,6.38712406158447
1769,23.381326675415,71.012809753418,5.69558191299438,7.90459823608398,7.12142658233643,2.30941247940063,40.0495414733887,37.4502067565918,6.27228403091431
1771,22.6785011291504,71.3483581542969,4.90562105178833,6.63155698776245,7.07584667205811,2.28561305999756,40.5962066650391,34.5677680969238,6.34625005722046
1773,21.0878314971924,74.1264419555664,5.57384586334229,6.49654054641724,6.96982288360596,2.40029501914978,42.0735359191895,34.5866546630859,5.74442577362061
1775,19.7576484680176,75.3940658569336,5.42798757553101,6.46919822692871,6.92260503768921,2.33255481719971,40.7783355712891,33.327320098877,4.34997463226318
1777,18.9781398773193,74.2169570922852,4.79797124862671,6.87815093994141,6.09641695022583,2.29027128219604,39.3704147338867,31.6885223388672,3.47528743743896
1779,17.9959030151367,70.9352645874023,5.44240188598633,6.47021389007568,5.70793962478638,2.01912808418274,39.8912773132324,29.1675796508789,2.52898120880127
1781,17.0982971191406,65.4199523925781,5.60071229934692,9.34410667419434,6.03556489944458,2.5132839679718,39.7705917358398,27.6709785461426,2.72922277450562
1783,15.470006942749,61.1359329223633,4.59316730499268,9.4962329864502,5.6850414276123,2.05722594261169,39.4159164428711,28.8157730102539,3.06789779663086
1785,14.3884019851685,56.3286628723145,1.75249409675598,9.09623146057129,5.07181596755981,1.92123186588287,39.5746116638184,26.65869140625,3.97295165061951
1787,13.6267795562744,51.1366310119629,1.10435628890991,7.64731645584106,3.82888698577881,1.23686051368713,38.1046600341797,24.8366527557373,3.69195318222046
1789,11.949348449707,47.0689849853516,1.18605303764343,6.52519226074219,2.73562908172607,0.595503211021423,35.5255661010742,23.2701301574707,2.48234438896179
1791,10.3449687957764,40.7178421020508,1.50845170021057,5.74263143539429,2.26600432395935,1.24597871303558,31.3883838653564,19.8918495178223,1.47488975524902
1793,9.15975570678711,35.5447273254395,0.72905832529068,6.9248833656311,1.55076348781586,0.415970593690872,28.7718448638916,18.6361694335938,3.02135467529297
1795,8.6904468536377,32.4799385070801,2.71572494506836,6.38729381561279,0.299139946699142,0.213977977633476,27.4124412536621,19.0006942749023,3.22702097892761
1797,7.71543741226196,30.8844871520996,3.89075374603271,6.17627811431885,0.347728043794632,-0.236085146665573,24.597225189209,18.6572303771973,2.60791206359863
1799,4.43539333343506,26.4020977020264,1.97210586071014,5.59541940689087,0.559686720371246,-1.56072330474854,20.8106994628906,15.9666833877563,2.545893907547
2687,3.70442628860474,22.5191631317139,2.01467132568359,5.01921319961548,0.30312916636467,-1.77950263023376,18.6148376464844,13.3609199523926,1.74949908256531
2689,2.34351921081543,15.2899494171143,2.09391975402832,3.9464373588562,-0.174527317285538,-2.18682384490967,14.5266094207764,8.50953674316406,0.266778558492661
2691,-1.07819592952728,-2.88637971878052,2.29317307472229,1.24916923046112,-1.37549364566803,-3.21094655990601,4.2476167678833,-3.68824243545532,-3.4612090587616
2693,-4.76032972335815,-4.23978853225708,1.41371488571167,3.62854552268982,2.45260572433472,0.0319146141409874,0.622021019458771,3.51321506500244,-0.329073905944824
2695,0.300708591938019,-2.41907835006714,-0.820785105228424,4.73899173736572,4.90807771682739,-1.22396779060364,-1.46503615379333,9.20605278015137,-0.53014087677002
2697,1.339479804039,-5.72744369506836,2.91244292259216,5.01591873168945,4.25577116012573,0.564698934555054,5.11181831359863,10.231803894043,-0.205827996134758
2699,-4.02733469009399,4.03347826004028,0.470050901174545,6.987952709198,0.296849757432938,0.977259397506714,5.80298900604248,15.5012321472168,-0.611292839050293
2701,-1.01053595542908,11.4894618988037,1.30492687225342,5.23580360412598,-2.07433938980103,0.0505804531276226,6.57736968994141,14.9024038314819,-0.741496205329895
2703,-1.25055086612701,13.722071647644,2.85179209709167,5.50393486022949,-1.11686408519745,-0.0185921788215637,10.8808851242065,10.8701753616333,-0.905977606773376
2705,1.92194426059723,6.60047912597656,-0.505163550376892,7.42220544815063,-1.08856523036957,-0.869673252105713,9.4707202911377,8.89818096160889,-1.37968862056732
2707,-1.63639330863953,5.57947444915771,0.0394673720002174,4.19307661056519,-2.06090378761292,-0.872358798980713,12.5136585235596,7.34854316711426,0.0654083043336868
2709,-1.00169444084167,3.66581535339355,0.238609746098518,5.33728122711182,-1.99039709568024,-0.0581534504890442,12.9338283538818,9.13079261779785,-1.9703973531723
2711,0.930357873439789,6.66100978851318,-0.835161328315735,8.37783050537109,-0.185803323984146,0.720628201961517,11.7929925918579,11.6755666732788,-1.76312410831451
2713,1.47422325611115,7.7147216796875,-1.95029318332672,9.21771335601807,-0.824211657047272,-0.428973168134689,11.2188034057617,10.3061857223511,1.08993268013
2715,1.503910779953,5.29041576385498,1.17526805400848,9.39345359802246,-0.905993402004242,-0.113271906971931,10.6209878921509,5.92343235015869,1.66372740268707
2717,2.65266370773315,1.55803036689758,2.49592542648315,7.41258955001831,-0.207961529493332,0.478183269500732,12.4023399353027,5.52902984619141,0.543772757053375
2719,1.75068199634552,4.06037425994873,1.78347623348236,8.89077854156494,0.9586181640625,0.430219143629074,11.8755922317505,7.06104946136475,0.911489188671112
2721,0.62151312828064,4.16631650924683,1.25346231460571,9.46689796447754,-0.500442922115326,0.990120768547058,12.2334461212158,7.15223550796509,0.844910740852356
2723,1.56357145309448,6.36713933944702,0.715951263904572,8.29489803314209,-0.679390132427216,0.431509166955948,12.4866008758545,4.02009201049805,0.983610987663269
2725,1.58104503154755,7.61336612701416,2.43721342086792,7.59012985229492,-1.3713151216507,0.231922343373299,11.632098197937,6.90383529663086,0.989545345306396
2727,0.628890156745911,9.0668306350708,1.7593822479248,8.12939834594727,-0.156442761421204,0.869288146495819,11.9981632232666,8.54945850372314,0.985227346420288
2729,0.194220200181007,6.64725065231323,1.04285037517548,9.8481330871582,-0.678382217884064,0.994515120983124,11.6394853591919,8.30316734313965,0.5584357380867
2731,1.29384517669678,8.83289909362793,1.47649347782135,8.89279174804688,0.332820504903793,0.448138952255249,11.1618146896362,10.1361713409424,0.0837188959121704
2733,1.4658465385437,10.9859533309937,1.93790745735168,8.89926624298096,-0.239892214536667,0.223624706268311,11.9279470443726,10.6736631393433,0.065426230430603
2735,2.83850407600403,7.21215629577637,-0.356157183647156,9.92571258544922,-0.331891149282455,-0.377312481403351,10.4582605361938,9.8218240737915,0.0666062533855438
2737,3.17884969711304,4.21844434738159,0.143940329551697,10.1833047866821,0.96221798658371,1.25010251998901,10.545597076416,9.27127456665039,1.12182998657227
2739,1.00220441818237,6.56744861602783,0.191208094358444,9.42298412322998,1.25582575798035,0.785011947154999,11.0114068984985,8.44440269470215,0.763441503047943
2741,1.21988427639008,5.56842851638794,0.351118177175522,8.4041919708252,0.248155638575554,1.07378172874451,10.9252185821533,9.15707492828369,0.6030233502388
2743,2.0419294834137,6.77626943588257,0.274160027503967,9.19292449951172,0.364272385835648,0.928620934486389,10.1089735031128,11.3921985626221,0.333176970481873
2745,1.48174512386322,8.85816478729248,0.354492396116257,9.16594314575195,0.640334188938141,0.964175462722778,9.38909912109375,11.9892559051514,0.44688019156456
2747,1.24411368370056,8.00549983978271,1.43730556964874,8.10732078552246,0.590890109539032,0.881461024284363,10.0087919235229,10.4701042175293,0.701596260070801
2749,2.07203912734985,6.80163478851318,1.07191205024719,8.71700477600098,0.43438333272934,1.05279338359833,10.8104095458984,9.5850133895874,0.752076745033264
2751,2.20683073997498,7.80356979370117,0.604836046695709,9.37634658813477,-0.106075935065746,1.24039590358734,11.3290576934814,9.41054630279541,0.249030292034149
2753,2.19932985305786,9.05919647216797,-0.145750254392624,9.13065910339355,0.101137943565845,1.66163969039917,11.8562707901001,9.39441299438477,0.157796874642372
2755,3.37520337104797,8.99697875976563,-0.00529223075136542,10.0274209976196,0.508660912513733,2.16296052932739,11.5949678421021,10.4195384979248,0.456385642290115
2757,4.27652072906494,6.3494701385498,0.45320788025856,9.95103454589844,0.57153445482254,2.07270860671997,11.2504711151123,10.4224033355713,0.684382140636444
2759,4.10100507736206,9.30108833312988,0.699152290821075,9.82402896881104,0.624027788639069,1.49144923686981,10.3365125656128,10.5172729492188,0.862295389175415
2761,4.09515571594238,9.66302680969238,0.305559664964676,10.1546611785889,0.626589477062225,1.52711582183838,10.9874324798584,10.8908100128174,1.76689612865448
2763,4.0893931388855,8.37945556640625,0.301378607749939,10.8943939208984,0.429257392883301,1.26734745502472,11.2965621948242,11.8871335983276,2.85240650177002
2765,3.20360422134399,6.84585952758789,1.52313148975372,10.6576337814331,-0.0372440032660961,1.18530893325806,11.8927202224731,11.3238935470581,2.13810539245605
2767,2.69583296775818,7.57018947601318,2.14967393875122,11.473819732666,0.080593928694725,1.61296677589417,12.4406871795654,11.0073404312134,1.55709207057953
2769,3.24665212631226,9.15743255615234,1.16491293907166,12.9146642684937,0.0871443301439285,1.92580771446228,12.1644105911255,12.0743856430054,1.38341188430786
2771,3.43708062171936,9.5318546295166,0.499607980251312,12.3725938796997,0.376914769411087,2.00172233581543,13.5921840667725,11.4849557876587,1.92539763450623
2773,2.23252487182617,9.13431072235107,1.04561340808868,12.6888065338135,0.835501492023468,2.28154754638672,13.828971862793,11.6087379455566,1.42021346092224
2775,2.28018260002136,9.08359146118164,0.73245894908905,12.7041234970093,1.45226585865021,2.32251286506653,13.9944229125977,12.3488960266113,1.42276036739349
2777,3.12547206878662,9.47011852264404,0.844381511211395,12.5806732177734,1.43121075630188,2.46910881996155,13.4671049118042,12.6433115005493,1.66818451881409
2779,3.8551287651062,9.76321601867676,0.338924586772919,12.4005289077759,0.680968046188354,2.08382558822632,13.8120851516724,13.0457077026367,1.59775447845459
2781,3.90796160697937,9.74238395690918,0.158323645591736,12.2781410217285,0.242871209979057,1.41836726665497,15.2736968994141,14.6120958328247,1.99758982658386
2783,3.50688171386719,10.176778793335,0.0367186367511749,12.6995887756348,0.343518316745758,1.59931647777557,14.3331317901611,14.7166385650635,2.12504601478577
2785,3.70683288574219,12.6452751159668,0.413551360368729,12.732494354248,1.51241147518158,1.59773552417755,14.1336212158203,13.9339237213135,1.85532259941101
2787,4.12161874771118,12.1398344039917,1.11412513256073,13.070894241333,1.32737112045288,2.05925559997559,14.5035018920898,13.2899217605591,2.38962888717651
2789,4.18807077407837,11.7249689102173,0.92261791229248,12.7841262817383,1.3564178943634,2.28914141654968,14.568733215332,11.710916519165,3.27504968643188
2791,4.39527797698975,11.8211097717285,1.28097438812256,13.1669073104858,1.06862127780914,2.42405080795288,14.9241600036621,12.3327569961548,3.46283960342407
2793,4.5012845993042,10.8446760177612,1.13675737380981,13.7372255325317,0.724659204483032,2.03505039215088,14.0990791320801,13.1409320831299,3.01522493362427
2795,3.63631725311279,11.1331062316895,0.744199097156525,13.8658542633057,0.789333999156952,2.15560340881348,13.9030780792236,14.1487760543823,2.92198705673218
2797,3.43067049980164,11.7800378799438,1.58157324790955,13.8786315917969,1.36306095123291,2.24171376228333,14.9667139053345,16.0687942504883,3.1338198184967
2799,3.47329258918762,11.4797611236572,1.37623929977417,13.6971788406372,1.3968380689621,2.5919497013092,14.8995380401611,16.3349418640137,3.2659707069397
2801,4.24872064590454,12.2084989547729,1.4733806848526,13.1655988693237,1.07362389564514,2.77730798721313,14.6840839385986,16.5609149932861,3.32949876785278
2803,4.78416299819946,13.227294921875,1.73299121856689,14.1760473251343,0.925111770629883,2.68943238258362,15.1073150634766,17.2034931182861,3.25063490867615
2805,4.63698768615723,13.0112180709839,1.89659714698792,15.1061058044434,1.51827776432037,2.841228723526,14.7869415283203,17.5613307952881,2.89407086372375
2807,5.01153993606567,14.9603433609009,2.6695191860199,15.4215831756592,1.48824667930603,3.49785399436951,15.6888303756714,19.1685237884521,2.31063032150269
2809,5.12823629379272,15.2305088043213,2.51979994773865,15.606071472168,1.79056060314178,3.48041534423828,16.6418190002441,19.5355606079102,2.57434511184692
2811,5.63439178466797,15.3986759185791,2.03449392318726,15.5014657974243,1.8273514509201,3.32950520515442,17.2204990386963,19.4081859588623,3.08046293258667
2813,5.84181928634644,16.2170562744141,2.99022436141968,14.9843807220459,1.76806831359863,3.78408598899841,18.0803642272949,20.2040233612061,3.63339352607727
2815,5.47240114212036,15.8558187484741,3.59370398521423,15.1892747879028,2.00161290168762,4.1290078163147,17.9612331390381,22.0478496551514,3.14799952507019
2817,5.64524173736572,15.7924957275391,4.57988977432251,14.61594581604,2.15398359298706,4.16318464279175,18.1857032775879,22.9849739074707,3.18280577659607
2819,6.0098295211792,15.6692180633545,5.15198040008545,14.6315412521362,1.73756349086761,4.4506721496582,18.7170486450195,24.0151844024658,4.23291397094727
2821,6.86825609207153,16.0525608062744,5.20492792129517,14.2656698226929,1.54424381256104,4.74065446853638,19.2085819244385,26.7106056213379,4.35351610183716
2823,7.44717741012573,17.8278751373291,6.67936944961548,14.4944763183594,2.15147519111633,5.66274833679199,20.7605628967285,28.0719528198242,4.38034391403198
2825,7.84470558166504,17.9021396636963,7.89823246002197,14.9287738800049,2.22391939163208,5.97794151306152,22.1520366668701,29.5694446563721,4.95822858810425
2827,8.27281284332275,19.2355442047119,7.70539140701294,15.4966764450073,1.84276843070984,6.60832691192627,23.9575119018555,31.4029521942139,5.91085910797119
2829,8.92508029937744,20.4223613739014,7.90779113769531,15.8696546554565,2.16764855384827,7.75525903701782,25.8749389648438,32.2224464416504,6.80565214157104
2831,9.67953014373779,23.1769428253174,8.74153327941895,17.0380554199219,2.37359547615051,8.57554244995117,26.9613742828369,34.4990310668945,7.13183355331421
2833,10.081639289856,25.9148368835449,9.95254135131836,17.9815444946289,3.28764128684998,9.00291728973389,29.9766025543213,37.9276275634766,7.79029941558838
2835,11.40993309021,28.9483299255371,11.0851144790649,19.0406665802002,3.32903146743774,9.77581310272217,32.0877876281738,40.7645492553711,8.76629734039307
2837,12.8054466247559,32.2710304260254,12.6043758392334,20.5130500793457,3.073157787323,11.0967102050781,34.9952507019043,45.2965507507324,10.7484302520752
2839,14.4123125076294,36.1390228271484,13.9531583786011,22.8786087036133,3.59478783607483,12.4569034576416,39.1046257019043,52.2667503356934,12.4752626419067
2841,15.8659219741821,39.8221015930176,16.2268714904785,25.8429622650146,4.64601469039917,13.9395179748535,43.7373123168945,58.987419128418,15.0025577545166
2843,19.0004119873047,47.3867835998535,18.567777633667,28.715633392334,5.62632036209106,16.1710662841797,47.6196708679199,67.124885559082,17.5822086334229
2845,21.3471965789795,53.4809226989746,21.8719100952148,32.0765151977539,7.22927045822144,17.9588012695313,51.4723815917969,74.4577102661133,20.6025829315186
2847,23.5022430419922,58.9197044372559,25.0678291320801,36.0158576965332,8.26358032226563,19.6126270294189,55.6296615600586,82.068733215332,23.3305244445801
2849,26.3792896270752,66.5347290039063,29.3140258789063,39.5560150146484,8.52060890197754,21.4522552490234,60.710636138916,91.1862487792969,26.2001533508301
2851,29.1570682525635,74.0131912231445,32.8984069824219,42.6749992370605,9.24973297119141,22.9871082305908,68.0961456298828,98.4960556030273,28.5040874481201
2853,31.1803894042969,79.0863647460938,35.3950042724609,45.6719360351563,9.6528377532959,23.4331798553467,70.5680313110352,103.985168457031,29.7359580993652
2855,33.2903480529785,80.8905715942383,37.0593414306641,48.2840690612793,10.1711359024048,23.6067314147949,71.3510818481445,106.352531433105,30.4827423095703
2857,34.0757141113281,79.9769058227539,36.6173210144043,48.840202331543,10.5887002944946,24.727876663208,72.5373306274414,106.113227844238,31.2741374969482
2859,33.7566757202148,80.3145294189453,35.9852027893066,48.6960372924805,11.129373550415,23.8593330383301,73.735237121582,103.96605682373,31.6455764770508
2861,32.9239768981934,80.478271484375,34.7894744873047,48.4290313720703,11.0082979202271,23.231372833252,70.7609100341797,102.590087890625,31.1156272888184
2863,31.9977569580078,79.7714538574219,32.6579895019531,47.8226470947266,10.5216722488403,23.3413887023926,65.6521759033203,101.232841491699,30.24973487854
2865,31.4298267364502,78.8916397094727,30.8358459472656,47.0401916503906,10.6292028427124,23.2994403839111,63.8414115905762,99.4296951293945,29.7663459777832
2867,31.2824687957764,78.3250732421875,30.160306930542,46.2165031433105,9.95073699951172,22.6453170776367,62.3438262939453,97.3730545043945,29.6873016357422
2869,30.3822250366211,77.7572555541992,29.9916248321533,44.4394721984863,9.127366065979,21.759937286377,60.1125144958496,95.0536727905273,29.3503894805908
2871,29.110954284668,77.096549987793,29.5642471313477,44.2921943664551,8.88617610931396,21.6764545440674,58.9443969726563,91.3377456665039,28.8421115875244
2873,28.4639854431152,77.634895324707,28.8317031860352,43.8893699645996,8.86713981628418,20.6741466522217,57.2783317565918,89.82763671875,27.9159469604492
2875,28.6072311401367,78.9655075073242,27.5371074676514,42.6920509338379,8.81077480316162,19.5748748779297,55.8737106323242,87.2711639404297,26.3430194854736
2877,27.1525459289551,75.5245056152344,26.1309604644775,42.4486083984375,8.63969898223877,19.4414482116699,52.701343536377,84.0329513549805,25.5005989074707
2879,25.8622741699219,72.0134963989258,25.4116554260254,41.4917984008789,8.67452621459961,18.3428134918213,50.827278137207,81.0754776000977,24.6195831298828
2881,26.151517868042,73.5396194458008,25.3796615600586,40.0664901733398,8.89080238342285,18.1364116668701,50.2956657409668,78.8681106567383,24.1127376556396
2883,27.0524730682373,74.3050765991211,24.4712963104248,39.6829681396484,8.69053268432617,18.4785003662109,50.4667053222656,79.6685333251953,23.820104598999
2885,26.5353660583496,74.1226806640625,24.9117450714111,40.205394744873,7.98307180404663,18.8272190093994,51.8303184509277,80.040153503418,23.838737487793
2887,25.9488830566406,74.0931549072266,26.1641979217529,39.9562377929688,7.59058046340942,19.1557025909424,53.0237731933594,80.3236236572266,24.1174659729004
2889,27.2470283508301,76.6631088256836,28.0821571350098,40.6457061767578,8.53124523162842,18.9532260894775,54.6980171203613,81.006217956543,24.2191505432129
2891,27.4340553283691,79.4513778686523,30.0192050933838,41.921688079834,9.14938735961914,19.7060546875,55.7133407592773,81.8531646728516,24.3465023040771
2893,28.5080871582031,80.3958435058594,29.3804397583008,43.4780578613281,8.57881832122803,21.2302913665771,57.1425514221191,84.8925247192383,25.3281116485596
2895,28.7539310455322,82.8692245483398,30.2549724578857,44.4594421386719,8.78141403198242,21.5393333435059,60.3329467773438,89.3203430175781,26.4891223907471
2897,29.5127143859863,86.6222534179688,31.3329830169678,45.3808975219727,9.86069869995117,22.5643100738525,62.3798027038574,93.9916381835938,26.8752632141113
2899,31.9958896636963,87.6290283203125,32.8004684448242,47.9433212280273,10.0027503967285,23.5101985931396,65.4623031616211,96.9298934936523,28.5602169036865
2901,33.3713989257813,94.1336898803711,34.4192543029785,51.366527557373,10.6458292007446,24.1614933013916,68.8310699462891,102.071342468262,30.6644763946533
2903,34.9793243408203,99.1004409790039,36.5541000366211,53.0949783325195,11.0995836257935,25.3858451843262,70.4936981201172,106.818656921387,32.1189460754395
2905,37.9987945556641,102.950630187988,38.969596862793,56.0942077636719,12.0198469161987,26.843412399292,76.8017196655273,113.407272338867,34.0215301513672
2907,39.6720733642578,109.211601257324,42.6377258300781,58.5692138671875,12.3834428787231,28.2010040283203,84.2786178588867,120.267593383789,36.7761726379395
2909,41.9297866821289,113.408615112305,45.5114440917969,61.1335296630859,13.1441993713379,30.3869743347168,87.1622619628906,128.039489746094,39.7783164978027
2911,45.589241027832,121.639633178711,48.4025001525879,64.3819351196289,13.7723665237427,32.1168670654297,92.6230087280273,135.679458618164,43.3838500976563
2913,49.0618629455566,129.777908325195,51.1038398742676,67.6565170288086,14.7489233016968,33.4581680297852,100.17805480957,143.825119018555,46.870922088623
2915,52.3058204650879,135.144683837891,54.0630340576172,71.492561340332,16.5223808288574,35.1339073181152,109.750198364258,152.578323364258,50.1377639770508
2917,56.2831268310547,145.022018432617,57.2505989074707,76.1692428588867,16.6715850830078,37.7543144226074,117.862945556641,160.254943847656,52.7718811035156
2919,60.9380683898926,155.549728393555,62.0769958496094,80.3681259155273,16.8263702392578,40.8375473022461,118.835906982422,169.402404785156,56.934886932373
2921,65.4086990356445,161.806838989258,67.3163833618164,83.421516418457,18.7592086791992,41.7624435424805,131.966491699219,181.821228027344,60.9686241149902
2923,67.0455169677734,172.035598754883,70.4141616821289,89.4735565185547,19.9235458374023,42.8422660827637,138.921783447266,193.721984863281,63.1871490478516
2925,69.5908813476563,179.864837646484,72.1661911010742,92.5707244873047,19.9225234985352,46.1974563598633,137.891159057617,201.341903686523,65.8410263061523
2927,70.2167358398438,182.336013793945,73.5774154663086,94.1769790649414,19.8398914337158,45.4658317565918,147.138641357422,203.450286865234,67.4932022094727
2929,71.6679306030273,183.730514526367,74.6655349731445,96.6781616210938,20.3302593231201,45.8724822998047,150.940338134766,206.512435913086,68.697639465332
2931,70.1578674316406,185.259902954102,74.4212112426758,96.7994689941406,19.2059001922607,45.306037902832,149.235214233398,204.870666503906,68.5747680664063
2933,67.1442947387695,179.69889831543,71.9264678955078,95.782096862793,17.7825813293457,45.0051498413086,150.288803100586,198.052963256836,67.4676513671875
2935,64.8518524169922,173.708068847656,67.8284149169922,94.4009704589844,17.1713237762451,43.5642700195313,140.000701904297,190.900192260742,65.8082046508789
2937,64.1371154785156,169.598129272461,64.3749847412109,91.4934158325195,17.0999546051025,41.3149032592773,134.358367919922,183.979354858398,62.9576568603516
2939,61.5072212219238,161.185562133789,60.2694473266602,86.1618347167969,17.4332027435303,39.7382125854492,130.949401855469,175.301300048828,61.8547668457031
2941,56.6670074462891,151.357772827148,55.4515037536621,80.4479827880859,16.5185031890869,37.9357795715332,121.765518188477,163.684234619141,59.3259735107422
2943,54.7396087646484,148.413192749023,51.6089897155762,78.5262832641602,16.9611587524414,36.963321685791,114.920616149902,156.978637695313,59.5497665405273
2945,51.6363487243652,138.915832519531,47.8857498168945,75.6863632202148,14.9919300079346,36.8375091552734,107.80451965332,147.636642456055,56.6819458007813
2947,49.0165367126465,136.571487426758,42.8151664733887,70.8438873291016,13.4256467819214,34.8177032470703,104.81812286377,140.831604003906,51.6445503234863
2949,48.3832092285156,134.807647705078,43.1091232299805,67.1231079101563,11.2838020324707,33.5644721984863,102.267753601074,135.664154052734,49.2512016296387
2951,45.1582145690918,134.419570922852,41.658073425293,68.0719833374023,11.60826587677,32.0209884643555,98.3946380615234,128.76594543457,49.2043075561523
2953,42.857494354248,133.917022705078,38.2474212646484,66.047721862793,12.8102102279663,30.7885646820068,91.68359375,121.083152770996,48.5644340515137
2955,40.3531188964844,133.494995117188,34.9674415588379,61.1078872680664,12.7485952377319,31.5227222442627,90.494384765625,117.456565856934,45.4349479675293
2957,39.6307945251465,128.844039916992,33.7993469238281,56.9047698974609,11.3753452301025,31.1487407684326,88.3197326660156,112.326110839844,43.5462799072266
2959,37.9785385131836,118.49250793457,32.9043846130371,53.8841171264648,9.77310848236084,29.3250961303711,84.893310546875,107.016578674316,43.6919136047363
2961,36.6378517150879,107.969985961914,31.3014965057373,55.0573081970215,9.77717018127441,26.6495094299316,83.6958694458008,97.2804946899414,41.3835983276367
2963,33.7767219543457,102.968963623047,26.4169921875,54.2946968078613,10.5257701873779,24.8896560668945,78.6853485107422,93.6776351928711,38.7223968505859
2965,27.6383666992188,102.325347900391,26.0921020507813,52.2230682373047,7.68404579162598,23.945613861084,75.7434310913086,89.1465454101563,37.2779121398926
2967,28.9542770385742,96.7933807373047,22.5635433197021,49.5206832885742,6.66633462905884,21.818941116333,72.3400573730469,83.333854675293,32.7512664794922
2969,29.3888187408447,88.5759887695313,17.8763465881348,46.2366943359375,5.01890802383423,19.4993648529053,70.7910232543945,76.6673355102539,30.7427959442139
2971,25.7859401702881,85.2277908325195,18.7444705963135,40.1599540710449,2.81294822692871,18.7350482940674,70.5879287719727,76.3854293823242,28.5420455932617
2973,24.3472709655762,73.5492706298828,20.5595703125,40.4472198486328,6.08828973770142,20.6104164123535,69.1933364868164,74.2098541259766,26.7026710510254
2975,21.8661956787109,65.7544403076172,16.0283184051514,41.6947441101074,6.56336736679077,20.4518699645996,53.3453636169434,69.8110656738281,21.5112323760986
2977,22.3960762023926,48.4192543029785,9.04677486419678,32.082691192627,5.26212120056152,19.3159275054932,39.5698127746582,63.2510681152344,17.4705715179443
2979,21.9742050170898,34.3732109069824,3.79371190071106,22.3749179840088,2.93587350845337,12.1290760040283,40.1201858520508,46.6238975524902,12.8674459457397
2981,6.00381469726563,33.053596496582,11.2042665481567,10.2590436935425,-0.00174956326372921,6.25699472427368,45.4580268859863,56.5005340576172,5.52751016616821
2983,-0.433473885059357,22.2446022033691,16.4706325531006,21.0382595062256,0.0741502791643143,5.96208333969116,44.3402290344238,49.8802909851074,7.57093524932861
2985,4.81131076812744,22.8236999511719,12.0999097824097,32.0581283569336,-5.01002788543701,8.80026817321777,37.383731842041,28.2952842712402,9.34987640380859
2987,11.3007202148438,-4.91212844848633,19.151346206665,21.8179416656494,-0.258481651544571,2.57813787460327,36.7750053405762,31.0372581481934,5.67263889312744
2989,-13.0553951263428,3.53692317008972,36.6708488464355,2.84091567993164,23.2916889190674,-1.63410544395447,25.0218696594238,-6.24973678588867,12.7171640396118
2991,-21.1991882324219,-23.8061466217041,29.8302688598633,3.68649196624756,43.4509963989258,9.32641887664795,34.1519432067871,-34.4973487854004,-3.31530952453613
2993,-32.8156356811523,-0.64436262845993,-18.8290920257568,5.93437147140503,42.8207168579102,-1.7721836566925,3.04091477394104,-27.2510681152344,15.7070684432983
