X value [cm⁻¹],IR Spectrum 1/O-PTIR (mV) [],IR Spectrum 2/O-PTIR (mV) [],IR Spectrum 3/O-PTIR (mV) [],IR Spectrum 4/O-PTIR (mV) [],IR Spectrum 5/O-PTIR (mV) [],IR Spectrum 6/O-PTIR (mV) [],IR Spectrum 7/O-PTIR (mV) [],IR Spectrum 8/O-PTIR (mV) [],IR Spectrum 9/O-PTIR (mV) []
935,16.723352432251,24.7683944702148,144.693649291992,65.9903869628906,1.17385530471802,3.59193921089172,33.7907981872559,11.6765394210815,103.823951721191
937,15.4847888946533,27.6238956451416,152.71369934082,64.0500564575195,9.63086891174316,-7.75332355499268,56.1642265319824,22.9232769012451,130.035018920898
939,15.2055006027222,41.8452682495117,147.859832763672,61.2853889465332,10.6822757720947,1.32488358020782,81.4375686645508,27.4346961975098,124.351516723633
941,17.3968677520752,51.7223968505859,138.003997802734,67.5762634277344,11.9039325714111,10.0983438491821,88.0842742919922,31.80517578125,114.881416320801
943,22.3467426300049,55.24951171875,149.789093017578,72.6666870117188,12.817985534668,9.73224830627441,98.7908325195313,35.1391143798828,116.221412658691
945,22.0838184356689,57.2678642272949,148.768508911133,76.5436477661133,17.8202362060547,8.36422538757324,100.771774291992,33.871150970459,117.22534942627
947,24.6628379821777,58.3040428161621,149.434356689453,86.8125762939453,20.9833850860596,11.3337879180908,100.978485107422,33.2675094604492,129.915054321289
949,25.5743656158447,57.6037368774414,150.633148193359,91.5558242797852,24.4548358917236,15.4864797592163,110.080688476563,34.321605682373,139.621429443359
951,23.3016700744629,56.2494773864746,149.613800048828,95.6548004150391,35.7674407958984,18.6638488769531,112.287727355957,35.904167175293,132.359283447266
953,20.6023349761963,54.906982421875,142.25,100.262840270996,41.8603096008301,15.8708353042603,114.173942565918,37.9546813964844,134.054336547852
955,20.5383777618408,59.1904296875,141.856353759766,107.874382019043,39.4692611694336,12.378438949585,112.785400390625,40.7040519714355,140.030853271484
957,22.2041110992432,59.8375663757324,134.18896484375,116.806221008301,41.2094116210938,12.5684719085693,113.283866882324,40.0654983520508,145.347442626953
959,21.8160095214844,60.422679901123,134.075073242188,124.177261352539,44.818244934082,14.1040830612183,111.727478027344,40.1691513061523,149.262634277344
961,20.6205596923828,64.2692031860352,133.387161254883,137.743621826172,47.7370796203613,13.5562810897827,114.30517578125,40.5384140014648,148.045532226563
963,20.7826633453369,63.5602874755859,126.458724975586,149.759246826172,49.9430046081543,12.5355634689331,114.786392211914,43.4438667297363,149.376113891602
965,20.7587585449219,62.2783851623535,123.547416687012,167.27961730957,52.8841361999512,10.9656610488892,114.334091186523,44.4984550476074,153.612075805664
967,21.3801002502441,62.1859703063965,118.394638061523,184.707260131836,57.4766387939453,11.1229095458984,116.018081665039,44.7027397155762,159.606887817383
969,22.2697296142578,61.4218063354492,115.419624328613,205.785110473633,61.5871810913086,9.58408641815186,117.248329162598,48.7566795349121,163.621841430664
971,22.9133071899414,61.1061973571777,113.59782409668,227.976409912109,68.0585403442383,8.48034381866455,118.485412597656,51.801212310791,167.91960144043
973,22.8138732910156,59.8138961791992,112.574424743652,250.298355102539,73.3171005249023,10.8476066589355,119.809288024902,51.911262512207,176.053848266602
975,23.5378665924072,58.8463287353516,111.943618774414,276.960540771484,80.6263732910156,13.267876625061,122.261306762695,54.4564895629883,183.917861938477
977,24.1112937927246,57.2974243164063,108.183258056641,298.819793701172,84.2587432861328,15.1260471343994,125.232391357422,57.6860847473145,191.184371948242
979,24.0974922180176,56.1021308898926,107.362007141113,321.872741699219,90.2129592895508,18.5218658447266,125.669471740723,59.3274307250977,198.066024780273
981,26.3431186676025,58.4981422424316,105.466186523438,340.389770507813,96.4035720825195,20.982982635498,127.109580993652,60.506965637207,204.374221801758
983,27.7860164642334,59.0874176025391,106.510711669922,355.933227539063,100.717910766602,23.4928531646729,128.731307983398,61.4914703369141,212.657638549805
985,27.7159004211426,58.9445533752441,111.627212524414,374.366485595703,105.652046203613,24.3886680603027,131.039459228516,64.0384216308594,220.261337280273
987,28.3512668609619,63.8120346069336,113.332458496094,388.526428222656,110.461990356445,26.8335742950439,136.374008178711,67.2084655761719,225.711959838867
989,29.380859375,66.1313781738281,120.321769714355,400.008361816406,115.142013549805,28.3180904388428,140.14289855957,70.7203903198242,232.856658935547
991,30.3418350219727,69.7898788452148,128.955307006836,409.657531738281,122.388938903809,29.3795032501221,146.084884643555,75.1412963867188,239.156967163086
993,31.1860446929932,74.2378997802734,132.746429443359,415.788513183594,127.770858764648,30.5203075408936,152.492202758789,78.9229736328125,246.003814697266
995,33.203239440918,80.6995620727539,144.512710571289,419.514251708984,135.516510009766,32.682975769043,161.790725708008,83.2053756713867,252.214065551758
997,36.1295394897461,90.7011260986328,157.226333618164,424.994323730469,145.992828369141,34.9039268493652,175.135055541992,87.8308944702148,259.345092773438
999,37.8997688293457,109.144027709961,172.2158203125,433.096710205078,155.162658691406,36.1605758666992,188.377243041992,93.8095932006836,267.783569335938
1001,39.7694549560547,134.851654052734,190.38835144043,431.908752441406,165.260772705078,36.1778984069824,204.530563354492,101.05265045166,273.382019042969
1003,42.7344512939453,161.691436767578,213.073303222656,436.347015380859,176.476119995117,37.6105270385742,223.39924621582,109.370536804199,283.740264892578
1005,45.2122955322266,166.334411621094,237.590087890625,445.062042236328,187.039916992188,42.5732383728027,242.14616394043,117.627021789551,295.025817871094
1007,47.6459426879883,174.197555541992,265.587097167969,450.026123046875,199.955154418945,48.7494239807129,257.743133544922,126.456909179688,304.364990234375
1009,49.939525604248,183.751129150391,295.216186523438,455.735198974609,210.687103271484,53.3555908203125,268.251312255859,135.710113525391,316.313507080078
1011,52.8709716796875,184.149978637695,319.649139404297,460.678283691406,221.948837280273,56.3896675109863,276.580413818359,144.367553710938,328.538848876953
1013,55.6100616455078,190.811889648438,345.414367675781,468.645446777344,232.81477355957,60.8232231140137,280.764862060547,152.015991210938,340.154602050781
1015,57.1420593261719,195.690277099609,369.536956787109,475.564910888672,242.921112060547,62.5919456481934,280.853851318359,159.051147460938,348.968566894531
1017,59.4345626831055,194.888977050781,387.072845458984,472.294097900391,252.12907409668,64.7611541748047,282.717956542969,163.482696533203,355.393188476563
1019,60.9875907897949,194.101745605469,404.734680175781,474.7744140625,257.230010986328,68.8985366821289,282.670715332031,166.651062011719,361.991607666016
1021,61.8875312805176,196.453216552734,418.867279052734,479.352905273438,264.685974121094,72.2803726196289,285.767822265625,168.967254638672,367.445251464844
1023,63.5903015136719,197.852035522461,433.249359130859,475.716125488281,272.1865234375,77.9272079467773,286.938415527344,170.085083007813,371.208374023438
1025,64.6622009277344,198.316833496094,444.076354980469,471.471282958984,275.760131835938,83.8227386474609,289.457000732422,171.635650634766,374.606323242188
1027,65.6829452514648,196.859725952148,449.812927246094,466.321655273438,278.576904296875,89.1068572998047,292.464752197266,171.027389526367,377.878845214844
1029,66.9567260742188,197.332717895508,462.218811035156,456.943206787109,278.904541015625,97.7874603271484,293.511108398438,169.489059448242,379.150970458984
1031,68.9894104003906,195.957946777344,470.339447021484,445.687469482422,278.389038085938,106.786743164063,297.822723388672,169.1005859375,380.620239257813
1033,70.6728744506836,190.386276245117,480.428375244141,435.16796875,278.280822753906,114.257957458496,301.790161132813,167.732498168945,382.654876708984
1035,71.3437194824219,184.14387512207,484.708435058594,422.919494628906,273.84521484375,121.541023254395,300.071044921875,165.920028686523,382.276977539063
1037,73.2106781005859,176.588012695313,485.466674804688,410.676025390625,270.438385009766,128.967849731445,299.939788818359,162.413848876953,379.408233642578
1039,74.2366256713867,168.905364990234,499.642578125,398.814331054688,265.402770996094,134.842712402344,297.111602783203,159.766555786133,378.829437255859
1041,73.9490509033203,157.998336791992,494.290863037109,386.777709960938,258.444580078125,140.640655517578,290.698913574219,156.887161254883,375.850341796875
1043,74.1327056884766,149.744857788086,493.051635742188,375.591003417969,253.220809936523,144.032516479492,281.7255859375,151.490051269531,371.086578369141
1045,74.7243804931641,140.619018554688,496.798553466797,362.128356933594,245.187591552734,144.137649536133,272.635803222656,147.221893310547,363.133422851563
1047,74.0627212524414,130.452606201172,488.530944824219,348.940551757813,237.352416992188,144.174621582031,262.243377685547,142.174697875977,356.234893798828
1049,71.0350341796875,119.376205444336,481.702880859375,336.616180419922,229.928833007813,141.529510498047,251.690490722656,135.558120727539,346.033386230469
1051,68.0625610351563,106.720779418945,465.668701171875,323.064971923828,221.834335327148,137.75422668457,239.733657836914,129.164016723633,333.127288818359
1053,64.9041137695313,95.2847061157227,448.203765869141,310.960327148438,213.602661132813,132.887008666992,227.485397338867,122.432571411133,319.592742919922
1055,60.7397270202637,85.9688949584961,439.89697265625,299.555145263672,206.832366943359,126.525489807129,219.560409545898,114.732261657715,306.103485107422
1057,57.4574928283691,77.148063659668,420.179138183594,289.684020996094,202.850799560547,119.903564453125,211.006103515625,107.962448120117,294.561614990234
1059,55.1157722473145,71.3480072021484,406.1123046875,279.495544433594,199.047500610352,113.413848876953,204.858673095703,102.045707702637,284.431549072266
1061,51.8067588806152,65.1670761108398,394.737701416016,271.389953613281,196.180557250977,107.656036376953,199.302490234375,95.5227508544922,275.346893310547
1063,49.4223518371582,61.2903671264648,376.850555419922,263.19287109375,195.600189208984,102.012977600098,193.94270324707,91.3448944091797,267.621765136719
1065,48.4822463989258,58.5276222229004,364.089080810547,253.706039428711,195.248153686523,95.4038772583008,190.058929443359,88.4860000610352,258.963806152344
1067,46.5789527893066,54.369499206543,351.267395019531,247.352584838867,195.241333007813,89.4765243530273,185.86653137207,83.5254974365234,251.338317871094
1069,45.3545036315918,51.9260559082031,339.048736572266,242.246032714844,196.57160949707,84.6974105834961,181.426239013672,80.4206619262695,243.824356079102
1071,44.4769248962402,50.0010833740234,328.818115234375,235.379333496094,197.035781860352,80.4457550048828,176.176818847656,78.0238418579102,234.081344604492
1073,43.4639663696289,48.0886077880859,319.847106933594,228.457641601563,196.343276977539,76.580940246582,171.375534057617,75.2424774169922,225.762313842773
1075,41.7017440795898,47.2841873168945,317.110473632813,222.680252075195,193.75032043457,74.2988891601563,167.09065246582,72.228515625,217.463165283203
1077,40.3590698242188,46.9428062438965,316.078369140625,218.108139038086,191.790817260742,71.609619140625,162.346603393555,69.5152130126953,209.481338500977
1079,38.7705917358398,43.9324760437012,317.031219482422,211.915618896484,188.606719970703,69.8731689453125,158.774795532227,68.0581817626953,201.624282836914
1081,37.525463104248,41.4540863037109,323.700988769531,205.686584472656,182.945205688477,68.6254348754883,157.128723144531,65.9619598388672,194.386947631836
1083,35.4337692260742,40.9836959838867,329.876892089844,200.401382446289,178.157836914063,67.0601501464844,154.279724121094,64.1262969970703,188.495895385742
1085,33.9145240783691,39.5320243835449,336.332885742188,193.210586547852,173.948303222656,66.3650741577148,150.833755493164,61.9761505126953,181.880249023438
1087,32.9736518859863,39.1783485412598,340.066589355469,186.018829345703,168.652191162109,65.7482528686523,148.575500488281,59.4002838134766,176.184600830078
1089,31.7768993377686,38.3087158203125,342.423461914063,176.133697509766,164.366592407227,64.4473037719727,146.659408569336,57.8276023864746,172.324829101563
1091,30.6406669616699,37.2019538879395,344.922973632813,167.81184387207,162.071090698242,64.0317077636719,144.505706787109,56.9301643371582,169.124740600586
1093,30.1069087982178,36.710033416748,339.961181640625,159.277526855469,159.4462890625,64.0913314819336,142.554107666016,55.5772171020508,164.473007202148
1095,29.6373691558838,35.5971794128418,336.614044189453,150.183776855469,156.268203735352,63.5768280029297,139.886917114258,54.3712310791016,161.174850463867
1097,29.0762710571289,35.8123588562012,332.014862060547,141.260803222656,154.046020507813,63.3830261230469,138.311676025391,52.6785888671875,157.20686340332
1099,29.1309490203857,35.0105590820313,325.595489501953,133.191619873047,154.040603637695,63.5519332885742,137.424774169922,51.923168182373,154.595901489258
1101,28.8972206115723,34.7372779846191,320.830352783203,125.235809326172,154.060089111328,63.7613906860352,135.078002929688,51.5781173706055,152.465744018555
1103,28.1159763336182,35.5185966491699,317.492279052734,117.674087524414,153.864974975586,63.4607238769531,134.791870117188,50.9883499145508,149.739166259766
1105,28.1931419372559,36.3229904174805,313.001251220703,111.837036132813,156.339492797852,62.8985900878906,134.638214111328,51.0167694091797,146.372283935547
1107,28.2562408447266,35.0898284912109,309.971496582031,106.655967712402,158.150894165039,62.4771118164063,134.022308349609,50.592716217041,143.634857177734
1109,28.2046165466309,35.0069732666016,309.428588867188,102.351203918457,158.450073242188,62.2825584411621,133.055053710938,50.0132522583008,140.65104675293
1111,28.168270111084,34.9286727905273,308.260528564453,98.0429916381836,158.761657714844,61.9551811218262,133.235076904297,49.3698501586914,137.224746704102
1113,27.9730796813965,33.5898818969727,305.470794677734,93.4125747680664,157.662216186523,60.725154876709,131.069534301758,48.6167221069336,133.56526184082
1115,28.1175231933594,32.028076171875,304.233581542969,89.0816040039063,156.015884399414,59.5296211242676,128.415969848633,47.3834915161133,130.125106811523
1117,27.3092937469482,30.0313835144043,305.411071777344,83.7309875488281,153.962768554688,57.3977088928223,126.47974395752,46.1592979431152,125.81298828125
1119,25.9566020965576,28.1340274810791,303.423278808594,79.6132202148438,150.325424194336,55.5512428283691,123.712059020996,44.2315673828125,121.607948303223
1121,24.6004543304443,26.3232116699219,299.877746582031,75.8834762573242,147.366302490234,53.1611137390137,120.925148010254,42.1839332580566,117.982841491699
1123,23.9198570251465,24.4328002929688,299.4462890625,71.1725082397461,145.26416015625,50.9512634277344,118.061553955078,39.9329566955566,114.672920227051
1125,23.3807601928711,23.3122863769531,297.131958007813,67.0981979370117,141.485778808594,49.2321586608887,115.224990844727,38.1080131530762,110.739074707031
1127,22.858211517334,21.5506706237793,292.265777587891,63.0919151306152,136.844589233398,47.1079216003418,112.219024658203,36.4299468994141,107.14729309082
1129,22.4211673736572,19.8093929290771,286.747467041016,60.0097198486328,134.611953735352,45.3188858032227,108.970695495605,35.1494674682617,105.311004638672
1131,21.4199447631836,19.6115779876709,280.757568359375,56.9812431335449,132.265151977539,44.5401840209961,106.609092712402,34.1035194396973,102.875999450684
1133,20.8962154388428,19.2724456787109,275.980560302734,53.6474838256836,129.131469726563,42.8995208740234,104.393493652344,32.7039947509766,99.9792175292969
1135,20.4145965576172,18.2806415557861,271.478424072266,51.3571739196777,127.581329345703,41.1973991394043,101.712310791016,30.8814010620117,97.9780960083008
1137,19.7352313995361,17.2218685150146,265.815307617188,49.2756004333496,125.736274719238,40.1745567321777,100.129600524902,29.7220439910889,97.2646484375
1139,19.1430721282959,16.1235103607178,261.424438476563,47.3948516845703,124.038871765137,38.9875030517578,99.2595062255859,28.8825645446777,96.3381576538086
1141,18.9536285400391,14.607123374939,256.458435058594,44.9882736206055,122.859519958496,39.645133972168,97.1266708374023,27.9512157440186,95.1765823364258
1143,18.5761184692383,14.3150472640991,253.191955566406,43.561164855957,120.862449645996,40.0326499938965,95.7789535522461,26.9640140533447,93.8301544189453
1145,17.5302867889404,13.7925119400024,248.335662841797,42.2890663146973,120.154281616211,39.0138511657715,94.9739837646484,26.4329605102539,92.6021194458008
1147,17.0630531311035,13.3743371963501,245.48518371582,39.7525978088379,118.942199707031,38.3757820129395,93.7388381958008,26.0164184570313,91.1281204223633
1149,17.1392631530762,12.6268997192383,245.400634765625,37.5293426513672,118.311515808105,38.1596260070801,91.6787872314453,25.274040222168,90.8864822387695
1151,17.1621532440186,11.4037752151489,243.192199707031,34.9476585388184,119.276023864746,38.1557579040527,91.6582794189453,25.3638305664063,90.132453918457
1153,16.8512344360352,11.0653524398804,242.788925170898,32.3634834289551,118.584945678711,38.2361450195313,90.1354293823242,24.9902534484863,89.7402572631836
1155,16.3277397155762,11.105996131897,243.798583984375,30.2948112487793,118.351821899414,39.1215591430664,88.0415267944336,24.5017242431641,89.0117340087891
1157,15.8178682327271,11.337176322937,243.636749267578,27.8231010437012,118.015106201172,39.4891891479492,87.2738876342773,24.3468265533447,88.8114624023438
1159,15.5589408874512,11.19056224823,245.901016235352,25.5705242156982,118.09546661377,39.1104278564453,86.7198333740234,24.0480136871338,90.3735198974609
1161,15.8183183670044,11.3308000564575,247.747985839844,24.2720737457275,117.393943786621,39.6826400756836,85.6436462402344,23.6643409729004,91.520393371582
1163,15.789719581604,10.5219898223877,246.93034362793,23.2223815917969,116.745002746582,40.9687538146973,84.4162673950195,23.068826675415,91.0873489379883
1165,15.2593221664429,9.96179389953613,248.063903808594,20.7186584472656,116.291481018066,40.9040412902832,84.1327209472656,22.6872138977051,92.103141784668
1167,15.0092811584473,9.70670318603516,250.473846435547,18.5670566558838,115.971870422363,41.2199020385742,83.7585144042969,22.083345413208,93.7322769165039
1169,15.1882638931274,9.30716609954834,251.909484863281,18.3631858825684,114.147247314453,41.9286499023438,82.3853149414063,21.7159767150879,93.9067001342773
1171,14.5885257720947,10.38987159729,249.77165222168,17.6324863433838,111.874908447266,42.1580047607422,80.7540054321289,21.5904541015625,94.0729370117188
1173,14.3396997451782,10.9524765014648,248.029098510742,16.3848152160645,110.497848510742,42.296760559082,81.0496444702148,21.200288772583,94.229850769043
1175,13.8506288528442,11.1360492706299,248.325088500977,14.2078971862793,109.541481018066,42.5736389160156,79.3023834228516,20.726131439209,95.0188140869141
1177,13.9538469314575,10.8197221755981,245.768463134766,13.8491191864014,107.614219665527,42.0885162353516,76.1870269775391,20.1191520690918,95.5998764038086
1179,13.6117839813232,11.7406139373779,243.90559387207,12.6566886901855,106.600914001465,42.5254249572754,73.5742416381836,19.1576461791992,96.8129653930664
1181,13.0115146636963,11.9594326019287,241.537231445313,11.9453725814819,105.583686828613,42.2453842163086,72.0510940551758,18.2757034301758,97.5297622680664
1183,12.3175897598267,9.98662567138672,238.142593383789,11.6936254501343,104.682632446289,41.9932708740234,70.7804336547852,17.6355953216553,98.3474349975586
1185,10.8906269073486,9.14546012878418,236.30078125,11.1054773330688,104.38264465332,43.4048004150391,69.4524383544922,17.2283725738525,97.2632598876953
1187,10.8075742721558,10.5050811767578,232.128921508789,8.85978317260742,103.168670654297,43.5926055908203,68.0484848022461,16.447847366333,97.4514312744141
1189,11.1257600784302,9.06582260131836,227.0810546875,8.44468307495117,102.871894836426,44.0928344726563,67.0317687988281,15.1070241928101,100.006408691406
1191,11.2074413299561,8.85630035400391,220.476303100586,8.34819889068604,102.371383666992,43.9758605957031,66.3499984741211,14.2937450408936,99.9580841064453
1193,11.1953239440918,8.51543140411377,213.390701293945,8.81360530853271,102.220741271973,44.9367523193359,66.4035491943359,13.8335866928101,100.459739685059
1195,10.8416938781738,8.87496280670166,206.840805053711,9.48087882995605,102.247062683105,45.6382484436035,66.0806884765625,13.477858543396,102.924751281738
1197,9.46732234954834,9.88526153564453,199.115951538086,9.38057613372803,100.962577819824,45.3467445373535,64.8746337890625,12.5321159362793,103.859191894531
1199,9.26371192932129,9.98990154266357,192.125228881836,8.83556842803955,98.9957656860352,45.1302795410156,64.3979873657227,11.1722211837769,103.702697753906
1201,9.74387264251709,9.21092891693115,184.281600952148,7.59603357315063,96.6279907226563,46.8422164916992,64.9238128662109,11.3390588760376,103.059837341309
1203,9.28838920593262,8.98929119110107,175.192825317383,7.44769477844238,94.3498764038086,47.6671981811523,63.8820953369141,11.0892210006714,103.043495178223
1205,9.83960628509521,9.41872119903564,167.243301391602,7.76496124267578,91.1112442016602,51.3568382263184,62.6224136352539,11.5148429870605,103.777069091797
1207,10.2576103210449,9.27696132659912,159.212112426758,7.00716924667358,88.4603500366211,53.3390007019043,62.261043548584,11.7931518554688,103.724899291992
1209,10.423957824707,8.51351928710938,149.549194335938,8.64534091949463,89.5424728393555,55.4080619812012,61.1269073486328,11.1346616744995,104.792770385742
1211,9.69728660583496,8.09376525878906,137.078964233398,9.91330242156982,90.2199096679688,56.0675849914551,58.9184150695801,10.3147811889648,105.412567138672
1213,11.0829515457153,8.69555568695068,136.423599243164,9.4208869934082,64.4907684326172,57.4584350585938,63.7508544921875,9.81612205505371,112.314399719238
1215,12.3546390533447,9.24784564971924,135.822143554688,8.96897506713867,40.8779830932617,58.7348785400391,68.1857986450195,9.35847949981689,118.648513793945
1217,13.5258560180664,9.75650215148926,135.268203735352,8.55276679992676,19.1307392120361,59.910472869873,72.2703552246094,8.93699359893799,124.482200622559
1219,13.6899852752686,9.87289428710938,130.41325378418,9.1799898147583,18.9232482910156,59.5325317382813,73.8812789916992,9.65950393676758,125.011611938477
1221,13.8742341995239,8.63471603393555,126.590141296387,10.0004024505615,18.4406185150146,60.3959503173828,75.5310134887695,9.21714878082275,126.681465148926
1223,13.8459129333496,10.7973899841309,123.640655517578,9.32211589813232,19.2135429382324,62.4223365783691,76.9593887329102,10.217004776001,127.625579833984
1225,14.1404790878296,10.9356060028076,120.161796569824,10.0662755966187,18.2529964447021,62.7840614318848,77.4125442504883,11.0605268478394,128.703948974609
1227,13.5894365310669,12.682689666748,117.404808044434,10.153263092041,17.078275680542,63.7383232116699,78.3075256347656,9.8527946472168,128.149475097656
1229,13.5168514251709,12.3971548080444,116.050598144531,8.88967227935791,17.5169219970703,63.6559753417969,79.012451171875,9.42566204071045,129.945449829102
1231,15.0079183578491,11.9004344940186,116.65894317627,10.1369686126709,17.4729614257813,64.3335494995117,80.3594741821289,10.2027969360352,131.019439697266
1233,15.4198513031006,10.7054424285889,117.014373779297,11.9163780212402,18.5251731872559,65.2396011352539,83.7183837890625,10.8431024551392,130.723327636719
1235,15.9129962921143,11.3461942672729,118.039932250977,14.373083114624,20.2458305358887,65.0085220336914,86.0715179443359,10.7612285614014,130.297485351563
1237,16.1375122070313,10.531774520874,119.949432373047,13.5457754135132,21.6271228790283,64.3873291015625,87.1840362548828,10.7560329437256,131.860076904297
1239,15.8032102584839,11.2530851364136,121.249977111816,12.2533960342407,22.5018424987793,65.3460464477539,85.0205688476563,11.7791023254395,133.158737182617
1241,16.0013179779053,12.1160650253296,121.01611328125,12.9432888031006,21.5815486907959,66.9564590454102,86.3687133789063,12.2162532806396,134.241363525391
1243,15.9915084838867,12.3220825195313,121.224136352539,14.0586357116699,21.4145183563232,66.8904418945313,87.5566101074219,11.8883857727051,134.069320678711
1245,16.4658241271973,11.3938407897949,122.375434875488,14.7168893814087,20.9368457794189,66.1035614013672,87.6851196289063,12.7134094238281,135.984664916992
1247,17.1102123260498,11.7793998718262,123.102996826172,13.6391344070435,20.8719158172607,65.6519165039063,88.9212341308594,13.1460161209106,139.061706542969
1249,17.7340316772461,11.6095428466797,124.198272705078,14.1444759368896,21.7123336791992,63.6177558898926,87.72216796875,12.8024253845215,138.911499023438
1251,17.3290328979492,11.9493398666382,124.023490905762,14.2749576568604,19.899227142334,62.9605827331543,87.0228576660156,12.7917098999023,138.572662353516
1253,16.8846588134766,12.4039468765259,121.479438781738,13.1914443969727,18.6338348388672,62.9557952880859,86.9534149169922,12.616361618042,138.641693115234
1255,17.079029083252,11.6716804504395,120.459800720215,12.5882959365845,17.6595592498779,61.8449516296387,84.9167098999023,12.2954082489014,138.21907043457
1257,17.9488487243652,11.685863494873,119.611045837402,12.9118127822876,17.1302967071533,61.6865386962891,84.1158294677734,12.55051612854,136.7724609375
1259,18.1190891265869,12.8408832550049,118.733764648438,11.767541885376,16.3476314544678,61.2421417236328,82.1587677001953,13.0942726135254,134.658065795898
1261,18.0566577911377,13.0051221847534,118.719306945801,10.7158374786377,15.5334978103638,60.1587753295898,80.4481353759766,13.3550834655762,132.327575683594
1263,17.4400863647461,13.0876626968384,118.453285217285,10.646692276001,15.5189666748047,59.0278167724609,79.6893005371094,13.5695247650146,130.589126586914
1265,17.5539970397949,13.3859272003174,118.823959350586,11.5767335891724,15.6211576461792,58.0444412231445,79.6643905639648,12.645676612854,130.075973510742
1267,17.9128322601318,13.9705305099487,118.178771972656,10.6420373916626,15.7445678710938,56.2953224182129,77.4759979248047,12.8824882507324,127.381942749023
1269,18.0887184143066,14.3029613494873,115.717948913574,10.9275054931641,15.7866821289063,55.4387702941895,75.2504043579102,13.4406070709229,123.907890319824
1271,18.5783138275146,13.8477392196655,112.622734069824,9.5250358581543,15.6066083908081,55.4882621765137,76.0360488891602,14.2674379348755,121.45142364502
1273,18.5967750549316,13.6109170913696,110.278861999512,8.39627361297607,17.0420303344727,54.9347152709961,74.9517822265625,14.4873943328857,121.769729614258
1275,19.0356922149658,13.2905397415161,107.108421325684,8.57095050811768,18.198579788208,54.2787857055664,72.5993804931641,13.973237991333,121.207473754883
1277,19.1638565063477,13.8013744354248,103.179443359375,8.57829761505127,19.617919921875,53.0042991638184,72.4826126098633,14.7886476516724,121.012496948242
1279,19.0926513671875,13.8886680603027,100.87915802002,8.02659130096436,20.2969608306885,52.5254554748535,72.8554992675781,15.2342329025269,122.017753601074
1281,19.035551071167,12.3013477325439,100.02180480957,7.62352514266968,20.5682067871094,52.8730812072754,74.0102005004883,15.1932525634766,122.235237121582
1283,19.3193264007568,11.231653213501,99.9279403686523,6.89258146286011,20.2627792358398,52.7536544799805,75.0279922485352,15.1096296310425,122.291511535645
1285,19.3244361877441,10.9886531829834,100.11190032959,7.41977405548096,19.736177444458,51.6982955932617,76.4440765380859,14.9489593505859,121.097496032715
1287,19.205171585083,9.80170440673828,100.685234069824,6.5769157409668,19.6367778778076,51.118236541748,77.136589050293,15.5228252410889,120.61595916748
1289,18.6933193206787,10.1680936813354,102.117340087891,6.90110158920288,20.09375,51.0364761352539,77.9118118286133,15.3848924636841,119.852279663086
1291,18.5326671600342,10.2594804763794,103.263313293457,7.5919132232666,19.8209590911865,49.7920417785645,79.4268646240234,15.1190414428711,118.260597229004
1293,18.208812713623,10.2500381469727,105.740020751953,8.16664409637451,19.5713844299316,49.6085968017578,80.4681396484375,15.308253288269,117.787796020508
1295,17.7497291564941,10.6595859527588,108.811584472656,8.25100517272949,19.5458984375,48.7306175231934,82.0895080566406,15.8072481155396,116.555816650391
1297,17.8715629577637,10.7560424804688,110.72053527832,8.2834358215332,20.4439239501953,46.3288421630859,85.0777587890625,16.2603855133057,115.17839050293
1299,18.2841625213623,11.3301458358765,112.531890869141,8.23974323272705,20.5760803222656,45.2404136657715,86.9878311157227,16.786750793457,113.711303710938
1301,18.3178443908691,12.080379486084,113.866050720215,8.19411849975586,20.0944728851318,44.2093238830566,88.2504959106445,16.9528388977051,112.439010620117
1303,18.3527317047119,11.4893836975098,115.218803405762,8.41649341583252,19.9508533477783,42.5980262756348,89.7801895141602,17.1429595947266,111.935684204102
1305,18.3150272369385,12.4979515075684,115.68489074707,9.04113006591797,19.938943862915,42.2524070739746,92.6172561645508,17.2630577087402,110.799346923828
1307,18.6878185272217,13.9936017990112,115.157379150391,8.30216693878174,20.2144756317139,41.0948677062988,93.3798751831055,16.8045654296875,110.116012573242
1309,18.4888973236084,14.6229372024536,115.760856628418,8.12458801269531,20.3462467193604,40.3159294128418,94.6386947631836,16.7662124633789,109.856338500977
1311,17.8869247436523,15.3735942840576,115.359634399414,8.43596458435059,20.2405834197998,40.0318984985352,95.7952194213867,16.8657550811768,109.016448974609
1313,17.3912868499756,16.1919059753418,115.090759277344,8.42438697814941,20.2010593414307,39.4628067016602,96.7596817016602,16.9821815490723,108.313659667969
1315,17.0888767242432,17.3613433837891,114.610252380371,7.93194341659546,20.0178203582764,38.8804512023926,98.9146423339844,17.1872463226318,109.267311096191
1317,17.0400276184082,18.4452037811279,113.647468566895,7.69839191436768,20.6034336090088,37.9903144836426,100.727172851563,16.7552700042725,109.749893188477
1319,17.0045833587646,19.1420707702637,111.641319274902,8.68387794494629,20.6778526306152,37.146484375,102.854537963867,17.2761631011963,111.210327148438
1321,16.9289608001709,20.3048686981201,109.230850219727,9.66808128356934,21.2359008789063,36.8453483581543,105.214111328125,18.6793403625488,113.576705932617
1323,16.9936466217041,20.3669891357422,107.703132629395,10.7035760879517,22.7791137695313,36.1666870117188,108.135925292969,19.3268699645996,115.798156738281
1325,16.8901424407959,22.0475959777832,107.44979095459,11.2570695877075,24.1692047119141,35.8658752441406,109.917579650879,19.7944679260254,117.336761474609
1327,16.7892456054688,23.3229331970215,106.551246643066,11.0325469970703,25.4543304443359,35.1572494506836,109.254364013672,20.9092082977295,119.203384399414
1329,16.9585247039795,23.7440376281738,106.521034240723,11.2021198272705,25.9780464172363,34.636302947998,109.456130981445,21.4594173431396,120.399848937988
1331,16.7837867736816,24.8905563354492,106.541152954102,10.9965829849243,27.6043949127197,34.7675132751465,110.417343139648,21.3391761779785,120.795883178711
1333,16.8926906585693,25.2775783538818,105.778907775879,10.5525817871094,28.6023597717285,34.2109794616699,111.116409301758,21.2688026428223,122.274108886719
1335,16.6944561004639,25.7061443328857,106.316032409668,11.1058931350708,27.8551235198975,34.6880111694336,110.717330932617,21.6968193054199,123.337242126465
1337,16.3819160461426,24.6690368652344,105.343383789063,11.5859107971191,28.3214893341064,35.7289123535156,109.831962585449,21.696662902832,123.798408508301
1339,16.460563659668,24.4774074554443,103.440155029297,12.8671607971191,28.6508274078369,36.8580093383789,111.064323425293,20.9308319091797,124.487358093262
1341,16.9702167510986,26.5384941101074,102.416397094727,14.1356811523438,29.1114368438721,36.6495323181152,114.899978637695,21.9259719848633,125.853828430176
1343,17.3636684417725,26.9182147979736,102.635200500488,15.3117160797119,29.3532485961914,35.6651000976563,117.29564666748,23.5262489318848,126.828498840332
1345,17.5376605987549,27.8403415679932,103.972610473633,17.1517086029053,29.680814743042,34.4732322692871,121.731536865234,24.9357738494873,127.531303405762
1347,17.663703918457,28.4980411529541,105.457038879395,18.317512512207,30.1561985015869,34.2808876037598,125.96981048584,25.0180110931396,128.115295410156
1349,18.0332813262939,29.5607833862305,108.562194824219,20.9272956848145,29.7896709442139,33.2738189697266,129.200332641602,25.9836750030518,128.841842651367
1351,18.171817779541,29.069860458374,111.624473571777,22.5543651580811,30.1746025085449,32.7024421691895,132.368255615234,27.806432723999,127.715179443359
1353,18.8133811950684,28.7457675933838,113.623901367188,24.7727832794189,30.15625,32.8552703857422,135.796600341797,28.2956504821777,126.75658416748
1355,19.4192752838135,30.3251476287842,116.819320678711,27.7715911865234,29.5615158081055,32.0745162963867,138.778472900391,29.7624340057373,126.174476623535
1357,19.3551788330078,31.3096218109131,119.956398010254,29.24001121521,30.6900310516357,32.3532829284668,142.730133056641,30.6262893676758,125.188705444336
1359,19.7547187805176,30.9020748138428,120.961853027344,30.2267990112305,31.2353687286377,32.3154411315918,145.118896484375,30.3302249908447,123.946624755859
1361,20.2388362884521,29.7740573883057,121.417381286621,31.3998546600342,31.0433464050293,34.584156036377,143.454803466797,28.8542823791504,123.992012023926
1363,20.260612487793,30.4692077636719,124.35725402832,31.0836696624756,31.2833728790283,35.6921005249023,144.121917724609,28.0862293243408,123.349090576172
1365,20.8254585266113,31.5734024047852,126.767295837402,31.0457782745361,31.546968460083,34.5807151794434,145.806854248047,28.9480571746826,121.396072387695
1367,21.2107410430908,32.3073577880859,129.834823608398,31.5343952178955,31.9627456665039,36.8543663024902,145.214019775391,28.6353607177734,120.26301574707
1369,21.2575283050537,34.0450172424316,131.478652954102,30.6643047332764,31.8503265380859,38.405387878418,145.940231323242,28.7606334686279,118.707260131836
1371,21.1471691131592,33.1415100097656,134.574600219727,28.6459426879883,31.9709568023682,39.8428268432617,146.938842773438,28.7228164672852,117.352439880371
1373,21.4127178192139,33.9815063476563,138.208267211914,28.0325374603271,30.2378406524658,42.7667770385742,146.146102905273,27.107458114624,117.079467773438
1375,21.9123706817627,37.9204521179199,140.570205688477,29.0041255950928,31.6929626464844,42.9857482910156,148.670745849609,28.1328144073486,116.214698791504
1377,21.877233505249,38.4749526977539,143.659225463867,30.6351203918457,33.8138885498047,44.1862945556641,149.909393310547,29.3150596618652,116.280227661133
1379,21.8746585845947,39.567684173584,147.93977355957,32.8944892883301,35.0335083007813,43.1839828491211,152.030578613281,31.0982418060303,115.863983154297
1381,22.3204669952393,41.1465072631836,149.415069580078,34.6474342346191,36.7076721191406,42.0411911010742,153.498565673828,32.6872177124023,114.230224609375
1383,22.3696155548096,42.2243003845215,149.899688720703,35.6282958984375,38.0396499633789,43.0134124755859,153.074829101563,33.3862075805664,114.625709533691
1385,21.8904647827148,39.3770408630371,149.434219360352,34.1714057922363,38.2369537353516,44.4296379089355,149.266265869141,32.5373115539551,114.840599060059
1387,21.0693855285645,37.6510963439941,148.769302368164,33.8272514343262,39.3465728759766,46.1740493774414,145.283203125,30.940315246582,115.434722900391
1389,21.6983528137207,38.5192985534668,147.765853881836,36.0092430114746,40.6094741821289,46.5595550537109,147.291778564453,31.603385925293,115.63550567627
1391,21.9245681762695,39.2396011352539,145.03092956543,38.9609718322754,42.4800453186035,45.8052597045898,149.813552856445,33.1259727478027,116.077018737793
1393,21.5250434875488,39.0856857299805,144.284851074219,39.9716415405273,42.6330108642578,49.4214248657227,149.758193969727,32.0585975646973,117.629920959473
1395,22.1153354644775,39.5537452697754,143.91731262207,41.9734306335449,43.0384063720703,51.3594017028809,153.397827148438,31.9462127685547,120.665252685547
1397,22.4278831481934,41.4759101867676,142.952331542969,45.8884124755859,43.7953834533691,52.5490570068359,158.059219360352,32.2205276489258,124.76326751709
1399,23.3224220275879,44.4939956665039,144.668930053711,51.6223030090332,48.6659965515137,52.827709197998,167.467315673828,34.8450736999512,127.82283782959
1401,24.5826435089111,46.9758720397949,147.107574462891,56.759651184082,53.8942260742188,50.3671875,177.476898193359,39.8919563293457,129.963256835938
1403,24.4052715301514,48.2869148254395,146.289794921875,59.0699043273926,56.4930610656738,51.672550201416,181.450042724609,39.9796028137207,133.192352294922
1405,24.479284286499,48.9499702453613,146.386322021484,60.2408638000488,58.2914352416992,52.3935279846191,185.022613525391,40.3732376098633,134.528228759766
1407,24.5302143096924,52.5063514709473,149.179824829102,61.173885345459,60.2078285217285,52.7393455505371,188.516967773438,42.4512901306152,135.572967529297
1409,24.9795379638672,54.7305068969727,151.753479003906,60.1784973144531,62.7129707336426,53.6608200073242,188.709274291992,42.5064125061035,137.856216430664
1411,24.7450313568115,52.7219085693359,149.154357910156,57.0779037475586,63.964771270752,53.7193489074707,185.900985717773,41.3034172058105,137.739410400391
1413,24.5631008148193,53.1349716186523,147.655410766602,54.2198066711426,64.2389144897461,56.2430572509766,183.132080078125,40.5674743652344,137.146911621094
1415,24.4994678497314,51.8238525390625,146.026809692383,49.0864791870117,64.0603866577148,60.06201171875,175.975891113281,38.381893157959,137.045425415039
1417,24.1619911193848,48.3340263366699,142.719390869141,43.0422248840332,62.9580535888672,64.5350570678711,167.909820556641,34.4144515991211,136.383026123047
1419,24.1836490631104,46.7855377197266,145.017501831055,36.7607498168945,66.6562957763672,69.7513122558594,161.575881958008,31.1314334869385,133.619110107422
1421,23.7059135437012,45.4012260437012,145.893035888672,33.6722183227539,70.2980575561523,69.5544967651367,157.664505004883,31.9085865020752,132.265853881836
1423,23.0336971282959,42.0949401855469,144.571640014648,30.5777950286865,72.6438827514648,71.6861343383789,153.31364440918,30.7017059326172,131.348678588867
1425,22.3978633880615,42.2410850524902,146.210525512695,26.7644710540771,78.4581604003906,71.5904922485352,149.853210449219,30.2378520965576,129.768310546875
1427,21.6641292572021,41.9794921875,147.232833862305,23.5613803863525,80.1452255249023,71.005859375,147.678253173828,29.9925575256348,127.684020996094
1429,21.5314655303955,39.4525833129883,147.663497924805,21.0451011657715,79.8352966308594,72.0360946655273,145.31428527832,28.3883857727051,126.369781494141
1431,21.0993270874023,40.5147743225098,145.531326293945,19.3795909881592,81.8341751098633,72.6264495849609,145.860733032227,27.7037792205811,124.537673950195
1433,20.939453125,37.9156265258789,142.942855834961,20.6070442199707,83.6432495117188,71.8728790283203,145.965301513672,27.4293937683105,124.67943572998
1435,20.9903469085693,35.1535797119141,141.781631469727,20.8481998443604,83.776237487793,74.4201965332031,144.322601318359,25.2705593109131,125.009307861328
1437,21.2282066345215,33.9670028686523,138.714401245117,19.8847312927246,83.8446273803711,75.651481628418,145.593627929688,24.8481521606445,124.692047119141
1439,20.9680557250977,34.3786010742188,136.512939453125,19.3174686431885,84.5983352661133,74.5398712158203,148.478652954102,26.5808429718018,123.353088378906
1441,21.0310516357422,35.6339111328125,133.966323852539,19.5074901580811,84.8968124389648,73.8003768920898,149.558258056641,27.9009323120117,125.078788757324
1443,21.1954040527344,34.2308235168457,131.099670410156,19.2780609130859,83.8867797851563,74.471061706543,149.280700683594,28.0513153076172,125.869194030762
1445,21.0332584381104,30.489294052124,130.506408691406,20.0595760345459,81.3471908569336,75.9827194213867,149.962799072266,27.1367149353027,125.331451416016
1447,21.1828727722168,30.1881885528564,128.978973388672,19.7299728393555,79.7247695922852,76.731071472168,149.62727355957,25.9095764160156,125.117141723633
1449,22.9245071411133,33.2793769836426,138.282867431641,18.5253734588623,62.3458251953125,75.1629943847656,148.452850341797,24.0397644042969,133.98307800293
1451,24.6336536407471,36.3129081726074,147.413208007813,17.3432464599609,45.291072845459,73.6241607666016,147.300323486328,22.2048320770264,142.683624267578
1453,26.3112125396729,39.2903709411621,156.374786376953,16.1829662322998,28.5515232086182,72.11376953125,146.169097900391,20.4038124084473,151.223373413086
1455,25.5478630065918,35.9835205078125,154.343368530273,14.1554718017578,27.1951484680176,71.1419067382813,145.603439331055,20.5270214080811,147.2490234375
1457,25.04953956604,30.1058597564697,155.72021484375,14.2324295043945,27.7499656677246,71.35888671875,142.447448730469,18.7146301269531,146.896484375
1459,25.5677680969238,31.2825222015381,154.410079956055,15.9472303390503,28.0021076202393,72.6774826049805,146.851348876953,19.018669128418,152.714370727539
1461,26.1598625183105,34.2932167053223,149.508270263672,17.4380683898926,27.6712017059326,71.2019119262695,150.754364013672,19.3886528015137,153.998413085938
1463,24.6843643188477,31.9381904602051,143.653457641602,16.8216724395752,28.1218357086182,69.5185165405273,146.902648925781,19.583869934082,152.734024047852
1465,24.9169139862061,31.4228038787842,140.111236572266,16.3330993652344,27.8066120147705,69.0574035644531,144.027603149414,18.5348148345947,150.497192382813
1467,23.959400177002,32.3014945983887,136.332183837891,16.0731925964355,26.0053253173828,66.4277420043945,139.030563354492,17.0693473815918,145.265411376953
1469,23.1423931121826,28.602855682373,131.612030029297,16.4671478271484,24.0019340515137,63.8515319824219,133.541473388672,16.7378997802734,140.00341796875
1471,22.4699287414551,25.284236907959,129.697372436523,16.9644756317139,20.3956127166748,60.951000213623,124.973266601563,16.1507053375244,134.090591430664
1473,20.6823234558105,20.8716888427734,129.233856201172,15.6957759857178,16.8165245056152,60.1244239807129,114.537109375,16.4753150939941,126.115814208984
1475,18.5592517852783,16.407527923584,125.366470336914,15.2667760848999,16.1520252227783,59.574348449707,105.945159912109,15.4840393066406,119.962684631348
1477,17.4335613250732,14.49156665802,123.181442260742,14.2944278717041,16.4596252441406,57.924259185791,100.615844726563,15.3246202468872,119.068756103516
1479,16.2011337280273,12.4500036239624,116.609870910645,13.8246955871582,14.5912103652954,54.7799224853516,97.4837112426758,14.5892391204834,117.340682983398
1481,15.8882350921631,10.5491933822632,115.606239318848,14.072865486145,13.6320152282715,52.5050086975098,96.2754516601563,15.926230430603,116.775924682617
1483,15.3293685913086,9.11519908905029,114.331512451172,14.9388456344604,14.7050714492798,51.5154876708984,93.2250061035156,17.4109039306641,115.431297302246
1485,14.953179359436,8.19156265258789,109.299705505371,13.0055742263794,13.8851327896118,50.7985954284668,90.7006607055664,17.0158576965332,114.757255554199
1487,14.0070781707764,6.63174200057983,107.812324523926,10.9936809539795,12.3559322357178,49.1316452026367,87.4237823486328,18.4374504089355,114.356994628906
1489,13.3330993652344,4.75083112716675,106.208480834961,10.324143409729,11.2096614837646,48.3962211608887,80.0633316040039,18.458137512207,112.65274810791
1491,13.0945024490356,4.60620260238647,106.391571044922,10.0066423416138,12.7545957565308,48.8760223388672,80.6972351074219,17.2236270904541,114.886421203613
1493,12.5549993515015,7.46964836120605,106.66138458252,11.1789836883545,13.0997667312622,49.7915267944336,85.3432083129883,17.3506107330322,118.460510253906
1495,11.7683076858521,7.24017381668091,103.41089630127,12.845871925354,13.2366399765015,47.1938247680664,86.8554534912109,16.0451221466064,119.540168762207
1497,11.6905546188354,7.66811227798462,99.857795715332,12.5492715835571,14.092658996582,45.2615432739258,88.6049652099609,13.8721446990967,117.338150024414
1499,12.8181867599487,7.30560350418091,101.652450561523,13.4581232070923,14.1335210800171,46.2474746704102,92.2335815429688,13.696925163269,122.82243347168
1501,13.852801322937,8.5294132232666,100.529853820801,12.853494644165,13.0725584030151,46.223030090332,94.6427688598633,14.8734703063965,125.705917358398
1503,13.4652643203735,8.81074333190918,103.996597290039,13.7644243240356,12.8023042678833,46.8911361694336,93.8575210571289,13.6491804122925,125.247985839844
1505,12.3572092056274,7.41584157943726,103.832290649414,8.01528835296631,11.5426931381226,47.7836837768555,91.4335708618164,12.5515775680542,121.47728729248
1507,11.4754457473755,6.1013560295105,103.79035949707,3.32349634170532,13.2967729568481,48.4409065246582,92.4445571899414,9.94487190246582,121.689331054688
1509,12.7848281860352,10.3810586929321,113.70361328125,11.0397176742554,20.5417919158936,46.6206665039063,98.0680999755859,10.057918548584,135.041107177734
1511,13.7763071060181,10.4846315383911,110.976013183594,11.6286706924438,19.4282550811768,47.6724853515625,98.6646728515625,10.242862701416,138.41032409668
1513,14.8061103820801,10.1936569213867,111.884689331055,13.1009902954102,19.7667007446289,48.5561408996582,102.466987609863,11.4413661956787,137.812240600586
1515,14.1119737625122,9.58339977264404,110.784393310547,12.3390035629272,18.6496925354004,48.4106101989746,101.957427978516,11.1775693893433,138.886734008789
1517,16.0230026245117,9.3257007598877,118.093078613281,11.8490724563599,16.8883876800537,49.1203575134277,106.287376403809,11.9627332687378,146.251312255859
1519,17.4072589874268,11.5857667922974,119.519523620605,10.1810188293457,14.2308139801025,48.2414817810059,109.080955505371,11.8797340393066,146.385757446289
1521,17.1453857421875,15.2374229431152,122.79296875,9.74996566772461,18.0234966278076,50.6785163879395,117.906890869141,10.0041637420654,152.067749023438
1523,16.3455924987793,19.2892436981201,132.732284545898,13.7728214263916,21.4624786376953,55.2675514221191,128.760650634766,10.0064821243286,162.712203979492
1525,17.2920322418213,23.415657043457,132.740798950195,16.7980575561523,24.8473224639893,56.8719329833984,135.523910522461,12.4681024551392,169.802947998047
1527,17.8905067443848,26.7890071868896,130.958862304688,20.1839466094971,24.0382442474365,57.1420822143555,142.638000488281,13.046441078186,174.991302490234
1529,18.5145664215088,33.7595443725586,136.546844482422,20.9198932647705,25.5546360015869,59.3506507873535,151.530838012695,13.1517534255981,184.100479125977
1531,19.1423931121826,35.535572052002,138.236236572266,21.1105880737305,25.9269924163818,60.6543464660645,157.972579956055,13.6039171218872,190.718399047852
1533,19.6619606018066,40.2284736633301,142.650405883789,24.5511531829834,25.7400321960449,62.8953285217285,168.029083251953,14.2986879348755,198.170806884766
1535,20.7264595031738,44.9118232727051,146.896179199219,27.8867416381836,29.252721786499,66.3714599609375,178.739990234375,14.2341165542603,207.969360351563
1537,19.9594383239746,42.2567024230957,142.855102539063,26.9990139007568,30.5350303649902,65.8668518066406,176.675491333008,13.5745162963867,205.737060546875
1539,18.8160820007324,39.5396919250488,144.244583129883,25.7767448425293,30.9321365356445,67.4039001464844,181.128295898438,11.0240392684937,210.531646728516
1541,22.186014175415,36.2139854431152,151.920715332031,27.7502117156982,31.8570861816406,72.4257354736328,190.744125366211,14.7249565124512,230.123794555664
1543,24.1465167999268,39.6323165893555,154.366668701172,31.6462287902832,33.752555847168,74.5222778320313,197.601989746094,14.9128160476685,238.434020996094
1545,24.7408676147461,45.6424598693848,160.335525512695,35.1564178466797,35.9662208557129,76.810302734375,210.732666015625,16.4244270324707,241.533721923828
1547,24.8663845062256,51.7715339660645,157.386825561523,35.0131950378418,38.8796997070313,74.3754730224609,212.784622192383,17.9327735900879,242.539505004883
1549,25.5521564483643,53.2112121582031,154.90803527832,34.3554382324219,41.0646362304688,75.7611770629883,214.27587890625,19.0171489715576,247.260208129883
1551,26.0229339599609,54.8784217834473,158.903137207031,35.2903137207031,43.5995407104492,76.6095428466797,215.008773803711,20.8560066223145,248.887466430664
1553,26.3325519561768,54.7742500305176,157.055511474609,35.1771697998047,46.4419860839844,79.4097290039063,213.63117980957,21.4648017883301,249.937911987305
1555,25.3517780303955,54.3945693969727,158.869140625,35.5190887451172,49.6369590759277,81.9998168945313,216.043838500977,21.5607719421387,252.223861694336
1557,23.9521713256836,49.4013824462891,161.815032958984,33.4830322265625,49.8994293212891,83.1586532592773,213.868347167969,21.5844821929932,250.703628540039
1559,25.3562297821045,49.699878692627,170.047271728516,35.3929023742676,52.5158805847168,92.1370315551758,218.574508666992,19.0615997314453,257.684722900391
1561,26.8073196411133,61.3831100463867,168.177322387695,39.0022392272949,54.7721176147461,87.5469741821289,215.717468261719,20.8885021209717,255.840393066406
1563,26.9919052124023,64.9455108642578,159.896530151367,40.2219581604004,57.558048248291,86.052375793457,213.11279296875,22.2705078125,254.395050048828
1565,26.1060256958008,64.3104248046875,163.240768432617,40.963062286377,59.5900688171387,86.8809661865234,216.610687255859,23.777889251709,253.886260986328
1567,25.9266548156738,65.8109893798828,165.374160766602,40.2265090942383,60.3133697509766,86.5114822387695,214.66731262207,24.4598350524902,252.410690307617
1569,26.6404075622559,60.4855766296387,162.124969482422,40.8423309326172,61.8293647766113,90.5999069213867,213.318786621094,23.5808601379395,257.734436035156
1571,25.7139358520508,59.316951751709,162.054138183594,42.9134254455566,63.8262329101563,87.9047775268555,214.227996826172,25.198112487793,254.60026550293
1573,24.996452331543,62.8251533508301,156.680755615234,42.9993095397949,64.7076873779297,85.9420852661133,210.510375976563,26.2696113586426,251.576538085938
1575,24.6220512390137,57.2839317321777,152.980438232422,41.6030883789063,65.3019027709961,91.5763778686523,207.770965576172,23.5052051544189,253.869644165039
1577,24.6188335418701,55.6175117492676,155.104934692383,44.1746978759766,67.4196929931641,90.8915481567383,206.726654052734,23.802906036377,254.266387939453
1579,25.3078289031982,59.4127311706543,148.872909545898,45.4918251037598,69.625846862793,86.8218460083008,205.556640625,28.4009647369385,249.05680847168
1581,25.1660442352295,60.2503776550293,149.921142578125,45.9318084716797,69.8158874511719,84.8312454223633,206.048278808594,31.3385314941406,245.317092895508
1583,24.7324295043945,60.3689422607422,150.159851074219,46.0235061645508,70.4134674072266,83.4928588867188,205.971969604492,32.9166564941406,243.452713012695
1585,24.2696075439453,60.2106781005859,146.350189208984,46.1237602233887,71.6811752319336,83.8991470336914,202.492858886719,33.9975357055664,242.925003051758
1587,24.0682640075684,58.7443237304688,148.271820068359,45.7168502807617,71.2473831176758,84.4699096679688,199.982528686523,34.8226890563965,242.117584228516
1589,24.0373229980469,57.0863380432129,145.111511230469,45.3426170349121,73.0129547119141,85.9036254882813,199.739700317383,33.7660598754883,241.320419311523
1591,23.7969493865967,55.9992446899414,141.894668579102,44.3961906433105,74.4828948974609,87.7997970581055,195.250747680664,33.9436149597168,240.424118041992
1593,23.7497138977051,54.9828071594238,143.090896606445,43.1316146850586,73.1153335571289,88.3728561401367,190.031051635742,32.9147033691406,239.074844360352
1595,23.5238170623779,56.016056060791,139.779296875,42.9354515075684,74.2487258911133,91.248161315918,187.714477539063,31.9046669006348,236.923873901367
1597,22.9334983825684,60.1644821166992,137.456451416016,42.0904350280762,75.0350952148438,91.7185440063477,184.58056640625,32.1399154663086,233.264343261719
1599,22.3742141723633,59.3869285583496,138.566848754883,40.7738761901855,74.7176971435547,91.5138397216797,179.463455200195,31.4095668792725,230.391265869141
1601,22.187313079834,55.0240821838379,135.755462646484,38.474235534668,75.8013381958008,94.0625076293945,174.041397094727,29.7729454040527,228.709335327148
1603,22.0577068328857,53.9709587097168,134.225982666016,36.476318359375,75.9502563476563,94.8663558959961,172.359497070313,29.1686496734619,226.105804443359
1605,21.2678260803223,52.4011917114258,132.977569580078,33.8770370483398,76.9266891479492,95.3519134521484,169.046295166016,27.6367282867432,222.472671508789
1607,21.2003765106201,49.1358261108398,131.61767578125,32.3150062561035,76.829475402832,96.8421325683594,162.641387939453,25.8205471038818,219.207946777344
1609,20.9574966430664,45.9232025146484,130.666900634766,30.3412990570068,75.1772079467773,96.1710357666016,158.488540649414,25.5108585357666,215.923889160156
1611,19.9641666412354,44.8790893554688,126.957931518555,27.3134136199951,76.1128005981445,95.8650512695313,153.873565673828,26.1134948730469,210.390365600586
1613,19.4916877746582,44.5451278686523,126.917022705078,25.1084403991699,75.5658645629883,95.4710235595703,148.93147277832,24.6129360198975,205.628341674805
1615,19.1761226654053,41.1597518920898,127.169616699219,24.8135070800781,74.1650238037109,97.071159362793,143.602203369141,22.2804107666016,202.192123413086
1617,18.8918876647949,37.1582794189453,121.76277923584,23.4836616516113,73.1654739379883,100.749298095703,139.138534545898,20.0489864349365,199.37841796875
1619,18.466609954834,36.1257362365723,121.971015930176,21.6202621459961,71.2879486083984,97.050895690918,133.356155395508,19.9852294921875,192.940856933594
1621,18.1127605438232,33.9068298339844,118.424964904785,21.669017791748,69.8554229736328,96.2213973999023,127.679084777832,18.8363761901855,187.670150756836
1623,17.86252784729,30.6110420227051,113.656730651855,20.1232604980469,67.6266479492188,97.5831069946289,123.971313476563,17.288553237915,184.051879882813
1625,17.3937911987305,28.7887325286865,111.552291870117,19.2552089691162,66.0258407592773,94.9246520996094,119.373199462891,17.2978229522705,178.989120483398
1627,16.9522247314453,26.1844120025635,107.693244934082,19.1512088775635,65.4849700927734,95.6507568359375,116.56665802002,15.8891458511353,176.686157226563
1629,16.5380840301514,26.1211433410645,104.526969909668,18.5148620605469,64.3494873046875,93.2381362915039,113.939376831055,15.3964128494263,172.089569091797
1631,16.2831974029541,27.0906639099121,99.9505844116211,17.9901733398438,62.5523071289063,90.8244781494141,110.988235473633,15.7506999969482,168.009201049805
1633,16.0093955993652,25.9001426696777,93.7009658813477,17.3922843933105,60.4269599914551,90.713996887207,107.847961425781,15.1433811187744,164.565063476563
1635,16.0759677886963,21.7218055725098,95.2313919067383,16.0248908996582,58.4703750610352,95.5997314453125,105.574745178223,12.3885135650635,164.988983154297
1637,16.1196479797363,20.198371887207,89.610221862793,16.2092227935791,56.6230201721191,95.509147644043,103.102607727051,11.9905643463135,163.060165405273
1639,16.0112133026123,21.2050838470459,84.5004653930664,15.9874048233032,54.1906776428223,91.6445693969727,103.115623474121,12.4158906936646,158.933807373047
1641,15.9192562103271,20.7935218811035,82.4523391723633,16.0623550415039,53.4489898681641,90.9278335571289,102.289688110352,13.0462036132813,155.978302001953
1643,15.4620475769043,19.9679203033447,77.5140838623047,15.0848379135132,53.2329711914063,90.660041809082,102.021011352539,13.039852142334,153.858261108398
1645,15.8688058853149,18.3697757720947,73.1520385742188,13.7333793640137,51.1066513061523,92.3971405029297,100.361236572266,10.8600473403931,154.02571105957
1647,16.1002235412598,17.1791744232178,69.1510620117188,13.95139503479,48.0746192932129,95.6068115234375,101.194900512695,7.58484935760498,155.424453735352
1649,15.69664478302,18.7690200805664,67.1264266967773,15.0245895385742,48.1042175292969,92.4089202880859,102.210922241211,8.27615356445313,152.616729736328
1651,15.2980155944824,18.4572944641113,66.2336273193359,14.3666400909424,46.6529998779297,90.1858673095703,99.8132705688477,7.44248676300049,149.751708984375
1653,16.0966091156006,18.196533203125,65.8028182983398,14.0241889953613,47.1517753601074,95.0925827026367,102.952789306641,4.89231872558594,153.5068359375
1655,16.5213413238525,22.6454238891602,68.2936172485352,17.0305519104004,49.8087463378906,91.9651031494141,107.696479797363,6.84981536865234,152.170989990234
1657,16.6857986450195,23.7070655822754,70.1664505004883,18.4505710601807,50.836986541748,87.3461227416992,110.338500976563,9.60605049133301,149.121994018555
1659,16.5222568511963,25.2260913848877,68.2312393188477,18.8613815307617,52.8758735656738,86.2389221191406,113.964912414551,10.807243347168,148.036972045898
1661,16.6056976318359,26.9654083251953,63.9302368164063,18.7880668640137,53.3468475341797,87.2384490966797,115.042266845703,9.2064323425293,149.151565551758
1663,16.5482406616211,29.5331554412842,63.8806037902832,20.2707424163818,54.4029998779297,86.9911193847656,116.725090026855,9.19232082366943,150.301620483398
1665,16.3936328887939,32.2916526794434,65.6886367797852,21.9600276947021,55.224422454834,85.8071670532227,119.201950073242,10.6967630386353,149.967391967773
1667,16.2624759674072,29.7120971679688,64.2302780151367,22.7429904937744,55.5999984741211,85.750862121582,117.97624206543,10.1725912094116,148.694595336914
1669,16.3569431304932,26.4075317382813,59.5566062927246,22.2887210845947,55.8787994384766,88.7223281860352,117.562461853027,7.41209316253662,150.550567626953
1671,15.7722902297974,28.1679992675781,61.6783752441406,21.8484992980957,54.3738059997559,86.8803863525391,118.084465026855,7.28665590286255,151.983612060547
1673,15.320876121521,26.6362171173096,64.0412979125977,21.9271774291992,53.2979888916016,84.3405532836914,116.787048339844,7.82374095916748,150.152084350586
1675,15.7169027328491,25.5154609680176,63.2995719909668,22.4614772796631,52.2514610290527,85.9967498779297,117.518821716309,6.7297511100769,152.481323242188
1677,15.6717710494995,26.169095993042,65.253791809082,23.2217884063721,50.8510093688965,83.1550521850586,117.786209106445,7.33000230789185,152.629272460938
1679,15.4760875701904,24.8229236602783,64.2024917602539,21.7489528656006,49.9441070556641,82.8665390014648,115.340873718262,7.23362159729004,152.462142944336
1681,15.011589050293,23.5774612426758,61.776912689209,20.8512439727783,48.7621040344238,81.3939437866211,111.521995544434,7.37096738815308,149.981719970703
1683,13.9183320999146,20.0142517089844,64.0933074951172,19.2372970581055,48.7437744140625,82.9099273681641,107.604057312012,6.30128479003906,148.834716796875
1685,15.2041435241699,20.5164909362793,69.0259094238281,17.8797016143799,49.2887077331543,82.3098983764648,106.448608398438,5.18457746505737,149.839721679688
1687,15.3170137405396,21.2066211700439,69.9463958740234,17.2273826599121,50.1101455688477,77.3652648925781,104.694076538086,5.84052801132202,147.670654296875
1689,15.1158170700073,20.5636806488037,71.6592102050781,17.4403343200684,52.4756011962891,75.2491455078125,102.24585723877,6.87337636947632,145.875396728516
1691,15.0049057006836,21.4405479431152,72.3322372436523,17.274206161499,54.2238578796387,73.5252075195313,103.087776184082,8.70035171508789,145.094421386719
1693,14.9829406738281,21.5265083312988,71.5350189208984,16.2760486602783,55.1849746704102,70.3484878540039,100.965484619141,9.57623863220215,142.152191162109
1695,14.9667673110962,20.4597797393799,73.9640197753906,14.9697170257568,55.5285186767578,70.3977890014648,98.1975250244141,9.44304466247559,140.755249023438
1697,15.6769323348999,20.2837429046631,77.3937454223633,14.4222393035889,56.3390045166016,69.2605514526367,95.8600234985352,9.48462009429932,138.635848999023
1699,15.9821271896362,19.5980129241943,77.9603805541992,13.8874387741089,57.0715751647949,68.255615234375,94.3568344116211,9.52144432067871,138.241424560547
1701,17.8053016662598,21.7114181518555,72.653450012207,14.1393022537231,58.4212608337402,66.9626388549805,95.6992034912109,10.4447145462036,140.87516784668
1703,18.4535980224609,22.6409931182861,71.9810256958008,14.7079648971558,59.2561264038086,65.7737731933594,94.1735687255859,11.2268114089966,139.468978881836
1705,18.5282020568848,22.9713268280029,67.4931640625,14.2449989318848,60.3695449829102,65.3675384521484,94.0759201049805,11.7798566818237,139.429779052734
1707,18.754732131958,21.8056259155273,61.6784858703613,14.0439910888672,62.522331237793,62.9379463195801,96.4248886108398,13.1064834594727,140.721817016602
1709,19.1462230682373,21.0122928619385,59.4179077148438,14.0032815933228,62.6239967346191,60.9440002441406,96.3982772827148,14.1537418365479,141.078323364258
1711,19.2728576660156,19.3258190155029,55.9012413024902,14.1154670715332,61.5960998535156,59.1186866760254,93.8419799804688,14.9074373245239,139.789993286133
1713,19.1990509033203,16.4267082214355,54.611644744873,12.9627752304077,61.5531311035156,58.8467445373535,91.0089263916016,15.0339527130127,138.131072998047
1715,19.0226306915283,14.9616794586182,52.7774429321289,12.4637565612793,61.0832710266113,59.8455810546875,88.820426940918,14.291543006897,136.083770751953
1717,18.0769672393799,12.9987020492554,52.7495765686035,12.0239210128784,60.0745391845703,60.1030349731445,84.8763580322266,13.3824319839478,133.636245727539
1719,17.5232067108154,13.6321878433228,50.6044387817383,12.2116394042969,57.220085144043,57.0653457641602,81.0556564331055,12.5304040908813,128.783584594727
1721,16.6093482971191,14.4476728439331,48.9047203063965,12.4359560012817,55.1822700500488,54.8238830566406,78.7965240478516,12.9742975234985,124.434730529785
1723,16.4167747497559,14.1976366043091,47.9118041992188,12.6759004592896,53.6611862182617,54.1156463623047,75.9240798950195,13.6293144226074,120.905632019043
1725,15.8520460128784,14.08411693573,46.6289901733398,11.6452713012695,49.9480438232422,53.0561370849609,72.7915496826172,13.4280824661255,116.455215454102
1727,14.9033355712891,14.1417903900146,46.0653533935547,10.8244829177856,47.0049057006836,52.398681640625,69.0911560058594,13.4300107955933,111.116020202637
1729,14.6756134033203,13.6892881393433,47.3024826049805,10.4059181213379,45.068058013916,52.4607734680176,66.0980453491211,13.6376609802246,106.989128112793
1731,14.2360391616821,12.3407926559448,46.0014305114746,10.8962373733521,42.3291130065918,51.9057655334473,62.9729537963867,14.0023365020752,101.796173095703
1733,13.9353256225586,10.4849243164063,45.422664642334,10.6285228729248,40.4957084655762,51.3495941162109,59.5407218933105,14.0550003051758,98.498893737793
1735,13.300802230835,11.8010025024414,47.075065612793,10.5590782165527,39.3395462036133,51.9151077270508,57.7293472290039,13.926794052124,96.4934234619141
1737,12.1281099319458,12.0320672988892,43.0322494506836,10.3955936431885,39.7106742858887,51.3340377807617,56.611156463623,13.6998996734619,91.4748611450195
1739,11.8354797363281,11.3126449584961,41.9017868041992,10.3601675033569,40.0175476074219,52.0445709228516,55.5500984191895,14.2163419723511,90.6113967895508
1741,11.2448854446411,10.4117622375488,39.5043869018555,10.3354644775391,38.2358283996582,51.6055717468262,53.9510383605957,13.4674444198608,89.6123657226563
1743,11.1305961608887,9.28182411193848,36.3272323608398,10.2679872512817,35.7957420349121,51.2454490661621,52.6033668518066,13.5181770324707,86.8862686157227
1745,10.6875028610229,7.43041467666626,37.4337768554688,10.7154607772827,33.6836013793945,51.2563362121582,50.8935089111328,13.5898771286011,83.5633163452148
1747,10.3532314300537,7.11541843414307,38.4394378662109,10.5289440155029,32.536018371582,51.195613861084,47.0392837524414,12.1245670318604,81.040168762207
1749,10.1983995437622,6.65414428710938,36.1572952270508,9.4092493057251,31.8274345397949,50.432975769043,44.1274452209473,10.497519493103,80.2212677001953
1751,9.0077953338623,6.62810039520264,37.8322067260742,10.6735038757324,31.840991973877,50.8398818969727,42.1401252746582,9.98564338684082,81.6039962768555
1753,8.55826377868652,6.6381721496582,35.756893157959,11.0809745788574,30.6244449615479,50.47607421875,41.5187568664551,11.0455770492554,80.9065856933594
1755,7.62261390686035,6.87976598739624,36.0303611755371,10.8526611328125,29.6313953399658,50.1687049865723,40.4711380004883,11.5609178543091,78.3645477294922
1757,7.59902572631836,5.74442958831787,39.0290145874023,11.7932271957397,30.6372909545898,50.0702476501465,38.902099609375,11.5309247970581,75.3754730224609
1759,7.42468929290771,4.84819936752319,39.2036666870117,12.4103202819824,30.9253959655762,49.0205917358398,38.6834335327148,10.4843072891235,73.5743103027344
1761,6.54660081863403,4.25949859619141,40.6652488708496,12.555347442627,31.2065925598145,48.390552520752,37.4683532714844,9.8669319152832,73.1612854003906
1763,6.81316518783569,4.2796893119812,41.3666229248047,11.4213123321533,31.2372932434082,48.7864265441895,37.7884216308594,9.16289710998535,71.7245941162109
1765,7.26028156280518,3.53875112533569,42.2280654907227,11.2670202255249,30.4901123046875,47.9422378540039,36.8246917724609,9.09106826782227,70.3498764038086
1767,6.99886751174927,4.43989896774292,43.0131225585938,10.2667779922485,28.6858081817627,46.2586479187012,36.2800979614258,9.85669040679932,69.1211853027344
1769,6.49894857406616,4.13818264007568,42.3842353820801,9.80983543395996,28.6030044555664,44.6430358886719,33.6937789916992,10.9224367141724,66.5316925048828
1771,6.45441770553589,3.31001782417297,41.5260238647461,10.0891580581665,28.4800205230713,44.2988510131836,30.4426898956299,11.0159969329834,63.8130416870117
1773,6.59470367431641,3.88788270950317,42.5104866027832,10.3808431625366,28.9512348175049,44.0447578430176,30.9966812133789,9.94356727600098,61.4871673583984
1775,7.43624496459961,4.8248143196106,41.6313133239746,11.287145614624,27.1994667053223,44.5249328613281,32.9928550720215,9.15700817108154,60.1769180297852
1777,6.51790285110474,5.25127553939819,39.2971801757813,10.0204753875732,24.6037502288818,44.8404312133789,30.8023128509521,8.51163387298584,59.4162521362305
1779,5.375403881073,4.0399808883667,37.141731262207,8.05757904052734,21.95556640625,43.6789207458496,29.1793632507324,8.42552852630615,58.1840171813965
1781,4.24774742126465,3.71568632125854,38.5341835021973,8.75336170196533,20.981481552124,42.6083946228027,28.7817115783691,8.18249702453613,56.4421997070313
1783,3.70429277420044,4.4765944480896,38.2734527587891,9.49901866912842,19.1828804016113,40.0255928039551,25.7383842468262,7.87938356399536,51.7206268310547
1785,4.1366548538208,5.92344093322754,38.4087600708008,8.5142297744751,17.2812194824219,40.6668930053711,25.8112201690674,7.76528787612915,51.4751052856445
1787,3.66785883903503,5.3712158203125,37.204963684082,7.74862432479858,17.7625274658203,38.7616958618164,24.0514698028564,7.61722564697266,50.6114387512207
1789,3.03330492973328,3.19583368301392,36.9687232971191,6.26779079437256,16.5352344512939,37.7726440429688,22.4016819000244,7.45167255401611,45.5211524963379
1791,2.31908488273621,4.1308217048645,39.4785652160645,5.84288549423218,14.4504661560059,36.9800682067871,19.9031200408936,6.41065692901611,42.3200607299805
1793,1.69464421272278,3.39275884628296,40.591381072998,5.50933504104614,14.0797176361084,34.3075256347656,19.5610237121582,4.0688681602478,38.543384552002
1795,2.31614184379578,4.06464195251465,39.5172500610352,3.93954968452454,16.4124221801758,32.1291084289551,17.0970211029053,5.41774415969849,35.1875686645508
1797,2.10846447944641,6.2571587562561,35.1572875976563,3.86152410507202,14.0649766921997,32.0032730102539,15.3255424499512,5.03110837936401,32.3683433532715
1799,1.83408284187317,4.85925054550171,31.8838500976563,-0.0167918559163809,14.5239391326904,32.6261749267578,13.3676452636719,2.50760555267334,31.2507572174072
2687,2.10628056526184,4.93460130691528,28.4260787963867,0.0615608096122742,13.4869251251221,29.1163501739502,12.1522426605225,1.67819058895111,27.8921222686768
2689,2.61305522918701,5.07488775253296,21.9884357452393,0.207437068223953,11.5562238693237,22.5817966461182,9.88941955566406,0.13399401307106,21.6390533447266
2691,3.88723373413086,5.42760992050171,5.80233907699585,0.574211835861206,6.70188236236572,6.15203762054443,4.20002412796021,-3.74856233596802,5.91702842712402
2693,3.59286022186279,-3.46452713012695,8.61939430236816,1.76486265659332,2.22725033760071,7.69422388076782,-0.955735802650452,-3.27949643135071,12.957706451416
2695,2.14411902427673,7.11735153198242,14.7355518341064,-4.14717864990234,8.44708824157715,7.30008411407471,-5.08951854705811,1.05017113685608,3.61215782165527
2697,2.77784371376038,3.70205450057983,19.2139492034912,3.98484659194946,6.42197942733765,2.11108779907227,-0.867036044597626,-0.510636031627655,6.59966325759888
2699,0.715014100074768,0.119547173380852,20.6373405456543,0.211227655410767,1.44580793380737,1.9489027261734,-2.36392855644226,-1.26702964305878,2.28635263442993
2701,-2.17541027069092,0.408134758472443,24.906982421875,-1.03205990791321,3.25900077819824,9.44964408874512,-2.50127673149109,2.89803957939148,7.17892932891846
2703,-3.05245423316956,-0.759993553161621,24.0151443481445,5.08077096939087,4.38730621337891,10.2269849777222,-2.213791847229,1.27269053459167,12.4540205001831
2705,-0.23347707092762,0.576715707778931,19.6829986572266,1.24546790122986,1.73087155818939,10.3602342605591,-2.04938125610352,1.19640910625458,16.2339210510254
2707,-0.806670129299164,2.39374709129333,25.7860221862793,5.66136598587036,2.06686305999756,12.9648685455322,-0.508364617824554,1.32246947288513,17.1872081756592
2709,0.288126200437546,2.24782657623291,28.3182315826416,-1.61451828479767,0.456963241100311,16.5770378112793,1.28682744503021,1.90178203582764,19.3962593078613
2711,1.46316814422607,3.29260110855103,26.4650211334229,-0.484686225652695,2.75580716133118,14.3058271408081,1.02406859397888,1.57406973838806,18.0205783843994
2713,1.51761531829834,3.58115434646606,29.8724670410156,-1.00258529186249,0.262656569480896,14.4657678604126,3.63401293754578,2.84667682647705,18.1273231506348
2715,2.50125908851624,3.25078153610229,31.3848419189453,-1.22057414054871,1.95286738872528,10.8933610916138,2.63049030303955,1.70411038398743,22.427490234375
2717,0.493395447731018,1.3253585100174,29.1875400543213,1.83929395675659,1.22760498523712,13.6706848144531,4.3306188583374,2.03159523010254,20.817325592041
2719,0.518223643302917,1.95372259616852,30.8314933776855,1.83671164512634,0.736115336418152,15.4280567169189,4.88258600234985,2.19397449493408,20.056339263916
2721,1.58742070198059,3.90366315841675,32.5117454528809,1.21980011463165,0.347735941410065,15.0114040374756,4.96423673629761,1.78119218349457,21.0586280822754
2723,2.09446287155151,3.74214768409729,30.4996643066406,-1.20978760719299,0.409782230854034,15.6829509735107,2.18636965751648,0.489436566829681,20.7278366088867
2725,1.37672877311707,3.52621412277222,30.3273010253906,1.4892566204071,1.21293437480927,16.8997917175293,1.93965709209442,1.54552066326141,22.9462738037109
2727,2.49216485023499,4.36251068115234,31.6147270202637,2.7240092754364,1.97083115577698,18.0656051635742,0.115377210080624,2.57324504852295,24.7633571624756
2729,2.20091962814331,2.41622042655945,32.0559463500977,2.82016110420227,1.80308735370636,18.700927734375,1.56726431846619,2.23566508293152,26.8906078338623
2731,2.0698139667511,3.45871806144714,31.2718200683594,1.73294246196747,2.94640231132507,17.475248336792,6.52489042282104,0.189566820859909,27.9632930755615
2733,1.36431455612183,3.50005984306335,29.5233039855957,2.20799350738525,2.89135956764221,15.826452255249,9.08189105987549,1.53598308563232,27.8108940124512
2735,1.45709943771362,5.36465740203857,30.1550331115723,1.08480823040009,1.50202882289886,17.2344379425049,8.01783657073975,2.88559293746948,29.4582576751709
2737,1.31720769405365,6.57196283340454,29.6713237762451,0.582692384719849,0.774196922779083,18.2702713012695,7.70662450790405,2.19003772735596,25.9583339691162
2739,1.37595820426941,5.35992383956909,27.9951553344727,-0.776608526706696,0.359101593494415,18.5330810546875,8.69136810302734,1.28539371490479,21.9049015045166
2741,1.16075623035431,4.34601879119873,29.140588760376,0.133068352937698,-0.70088529586792,18.6897926330566,6.03641748428345,1.69118452072144,24.5800380706787
2743,2.21925568580627,4.81967449188232,29.2845916748047,0.16412927210331,0.296829104423523,18.9771213531494,4.51718950271606,1.49538719654083,27.4538078308105
2745,1.97265350818634,3.89082503318787,28.4024887084961,-0.617034673690796,0.136030688881874,18.1456909179688,6.1420464515686,2.53894114494324,28.8337135314941
2747,2.8976469039917,3.93592810630798,31.3742008209229,-0.153454408049583,0.570363342761993,17.2069492340088,6.66004610061646,2.09662270545959,27.0302791595459
2749,3.21227192878723,4.95713996887207,30.3095703125,-1.75543129444122,1.90336811542511,17.2011394500732,5.91048526763916,2.17575311660767,26.8187923431396
2751,1.90163636207581,4.35335636138916,28.9882507324219,-0.987269639968872,0.63910835981369,16.6374130249023,4.41856050491333,2.9804060459137,27.5180072784424
2753,2.06713247299194,3.84006929397583,29.5375480651855,-0.135511353611946,1.69553077220917,17.552698135376,4.91910696029663,3.94425916671753,25.9541473388672
2755,2.2299017906189,3.99688863754272,30.9134845733643,1.44124400615692,2.20497941970825,19.6437797546387,7.70192766189575,3.53665137290955,25.7304553985596
2757,2.27639150619507,4.45200729370117,29.2528800964355,1.85950815677643,2.2385311126709,19.6018962860107,8.6937255859375,2.91233539581299,26.0453243255615
2759,1.5221221446991,3.17023968696594,27.9721012115479,0.356296449899673,1.11757838726044,19.6305656433105,8.536940574646,2.05016541481018,27.9078273773193
2761,1.49688124656677,2.75025081634521,28.2344284057617,1.13058805465698,0.567435920238495,19.5821094512939,8.62343215942383,1.87282335758209,29.5109424591064
2763,1.9790256023407,2.54773688316345,29.412260055542,0.137018010020256,1.99107110500336,17.3723659515381,8.07450389862061,2.80479717254639,32.0072937011719
2765,2.38071227073669,3.15942668914795,30.122802734375,0.245114669203758,1.96192395687103,16.0279598236084,7.91063690185547,2.47286295890808,32.1702766418457
2767,1.88350427150726,3.25041556358337,31.0154399871826,0.73438549041748,2.35331773757935,16.4054222106934,8.91168594360352,2.8089747428894,32.8174514770508
2769,1.86441564559937,4.6581015586853,30.6970043182373,-0.140087753534317,1.30844640731812,16.5945529937744,7.92656183242798,3.02782368659973,33.0250205993652
2771,1.58559226989746,4.94160223007202,30.8643798828125,-0.123206853866577,0.194883048534393,16.653657913208,7.41668367385864,3.4362907409668,32.0048446655273
2773,1.86632704734802,3.93757915496826,31.7263927459717,-0.461927026510239,1.11510515213013,17.2315292358398,7.23792362213135,3.59386897087097,31.1450939178467
2775,2.26664090156555,2.52084684371948,30.7133712768555,0.477676242589951,2.08032083511353,16.826452255249,8.3995246887207,3.43718957901001,32.0269889831543
2777,2.68070030212402,2.68114900588989,31.0612564086914,0.511859059333801,3.03547406196594,16.4630222320557,8.38396835327148,2.79307866096497,33.5007743835449
2779,3.09989738464355,2.17970299720764,31.1187477111816,0.963692128658295,2.36963772773743,15.9670515060425,8.73454189300537,2.13577723503113,34.8706283569336
2781,2.8254771232605,1.88938701152802,32.0437393188477,1.0554563999176,1.61231780052185,16.1190757751465,10.1526136398315,2.4604971408844,35.9400177001953
2783,2.48735284805298,2.82770562171936,32.0439414978027,0.611946940422058,1.29568994045258,15.513129234314,11.21666431427,1.70876514911652,36.1361045837402
2785,2.60070753097534,2.96055173873901,31.4636936187744,0.667897284030914,1.12765276432037,15.2512664794922,12.0655555725098,1.96555125713348,35.4421615600586
2787,2.52315616607666,2.7130229473114,32.2226905822754,0.51692146062851,1.00088250637054,15.014009475708,12.1488094329834,2.23124647140503,35.6611938476563
2789,2.88053202629089,3.48052501678467,32.4715347290039,0.419627577066422,1.19407367706299,15.3606491088867,10.6535606384277,2.11251497268677,35.9791526794434
2791,2.67412042617798,3.53552198410034,31.5550937652588,0.689398765563965,1.55422103404999,15.6602783203125,11.3103370666504,2.54697012901306,37.3594207763672
2793,2.76192808151245,3.33258461952209,32.1520729064941,0.7376868724823,0.917954623699188,14.7230405807495,12.8434753417969,2.52136468887329,37.8611907958984
2795,2.82835936546326,3.07646441459656,33.1955642700195,0.79449462890625,0.895312547683716,14.2581930160522,14.1540699005127,3.24838471412659,37.6442375183105
2797,2.94370460510254,2.86081552505493,34.4055061340332,0.62548828125,0.904231667518616,14.646333694458,13.4825201034546,3.49194312095642,37.2005920410156
2799,3.14245390892029,2.73521757125854,32.9595794677734,1.4665983915329,2.29694604873657,14.7992906570435,15.0732660293579,3.36899542808533,37.9627456665039
2801,3.02182912826538,2.93651843070984,31.3901386260986,0.869193553924561,2.03226280212402,15.0104522705078,15.1304836273193,2.87980556488037,38.7987632751465
2803,3.4144983291626,2.78564190864563,32.6614990234375,0.313435971736908,1.55750727653503,14.6789569854736,15.6039133071899,3.02614665031433,39.4738693237305
2805,3.57523202896118,3.14498615264893,34.0896148681641,1.34516680240631,1.75982868671417,14.9844341278076,17.2974605560303,2.86826324462891,40.2489738464355
2807,3.71379375457764,3.25269651412964,33.318660736084,0.729252874851227,1.8818267583847,16.1384906768799,17.2554893493652,2.75232529640198,40.8047180175781
2809,3.84988927841187,3.16629862785339,34.0773811340332,0.500920414924622,1.87028050422668,16.0234088897705,18.1475734710693,2.59839820861816,40.9715843200684
2811,4.24180221557617,3.52985167503357,34.4029655456543,0.920283436775208,1.86312747001648,15.4900569915771,20.1766490936279,3.20229244232178,41.7834281921387
2813,4.22822141647339,3.10853815078735,34.0892868041992,1.90033853054047,2.40539026260376,16.4928798675537,21.6575832366943,3.43748617172241,43.1096076965332
2815,4.18266153335571,2.81555509567261,35.1408386230469,1.54109752178192,2.71717667579651,16.9971485137939,23.0414199829102,3.93076777458191,44.8288040161133
2817,4.45744466781616,3.13494849205017,35.2145843505859,1.43975555896759,3.12078785896301,17.2281284332275,24.2829723358154,3.3298556804657,45.2083396911621
2819,4.47546243667603,3.48542284965515,37.1590957641602,1.20219027996063,3.44735741615295,18.2423839569092,23.1981163024902,2.98777723312378,45.6329956054688
2821,5.06501865386963,3.34936285018921,38.0827713012695,1.38180756568909,2.95901203155518,18.6212100982666,23.6166610717773,2.62194323539734,47.6350746154785
2823,4.88848447799683,4.79757118225098,39.2268447875977,1.03940534591675,3.57054948806763,19.0752239227295,27.0824146270752,2.55124855041504,49.9610061645508
2825,5.11401462554932,4.75947666168213,41.2023811340332,0.530891597270966,3.9775402545929,18.9336719512939,30.1886310577393,3.26496005058289,53.521614074707
2827,5.24657440185547,5.30923509597778,39.850528717041,0.636869132518768,3.90836262702942,18.6262950897217,32.3525505065918,2.64944577217102,55.0406799316406
2829,5.30096244812012,5.67547655105591,41.5664367675781,0.553064048290253,4.7874231338501,18.5520629882813,34.0291442871094,3.01889991760254,56.337100982666
2831,6.49422693252563,6.46278047561646,42.1244430541992,-0.188076436519623,5.15090465545654,18.1999549865723,35.7462425231934,3.54029965400696,58.7819023132324
2833,7.06917810440063,8.85612773895264,41.6338920593262,-0.360813438892365,6.02375030517578,19.2178268432617,39.0978622436523,3.88318562507629,61.520263671875
2835,7.83359670639038,10.1722784042358,44.183967590332,0.253274857997894,6.69933938980103,20.1973934173584,43.6532363891602,4.37628078460693,64.6453628540039
2837,8.40205764770508,10.9769554138184,44.6600227355957,1.39873933792114,8.23016738891602,20.2409420013428,46.9327697753906,4.89425563812256,68.1957015991211
2839,9.22315883636475,12.808403968811,45.4933013916016,1.50155484676361,8.5649356842041,20.7249698638916,52.2967681884766,4.90435075759888,72.4464263916016
2841,10.5399112701416,14.8104848861694,49.9043273925781,1.92457807064056,10.1603517532349,22.5215530395508,58.4143714904785,5.59725999832153,78.4000549316406
2843,12.4900712966919,17.856876373291,52.5697479248047,1.9744428396225,12.1516952514648,23.9123516082764,67.1814422607422,6.37817907333374,85.6298904418945
2845,13.7705097198486,20.682975769043,58.0739288330078,3.06103706359863,13.9200534820557,25.8619194030762,74.4378890991211,6.70777416229248,92.6623992919922
2847,14.7403440475464,23.595027923584,63.999755859375,3.52637410163879,15.7845373153687,27.1985378265381,79.9831085205078,8.03796672821045,100.684303283691
2849,15.7058010101318,26.7721004486084,67.7012329101563,4.17361068725586,17.3137359619141,28.4999809265137,88.9418334960938,9.68410968780518,109.571441650391
2851,16.9266891479492,27.5553550720215,71.2673492431641,3.60485935211182,18.5549392700195,30.6164665222168,96.4261932373047,10.6151657104492,116.881317138672
2853,18.0941066741943,30.6613025665283,73.1184539794922,4.03664112091064,19.7480964660645,32.4937629699707,101.47615814209,11.3865652084351,121.842399597168
2855,19.4099807739258,31.76881980896,76.0427322387695,3.94566369056702,21.0083179473877,33.116283416748,104.524574279785,11.9823312759399,123.759292602539
2857,19.57102394104,30.6674308776855,76.4873275756836,5.0034875869751,20.7887401580811,34.1028747558594,101.973510742188,11.9728841781616,123.322341918945
2859,19.2042922973633,31.1550903320313,75.1746597290039,5.18491983413696,20.5519409179688,34.1946830749512,102.584320068359,11.4446144104004,121.914321899414
2861,19.2350769042969,30.7274894714355,75.974609375,5.16771507263184,20.1284732818604,34.5860023498535,102.301467895508,10.8337078094482,119.495697021484
2863,18.7976875305176,29.6257190704346,75.4253997802734,5.44227170944214,19.4109649658203,33.6978988647461,100.75952911377,10.5128955841064,117.305877685547
2865,18.5148639678955,29.4817352294922,76.2277145385742,6.75787878036499,19.0053977966309,33.2583847045898,98.3858413696289,10.154125213623,114.978469848633
2867,18.0706672668457,29.1524238586426,80.1384429931641,6.28656244277954,19.9745407104492,34.1876106262207,95.6039276123047,10.0493469238281,111.317893981934
2869,17.6484966278076,27.0761985778809,76.1909790039063,4.15801620483398,19.124059677124,33.1067962646484,91.3858413696289,9.82562828063965,110.295372009277
2871,17.611198425293,26.4705200195313,75.2315521240234,2.88752675056458,18.6016960144043,33.0637588500977,86.6430587768555,9.87662124633789,108.221496582031
2873,17.4533081054688,27.8870277404785,79.2787322998047,3.1741931438446,18.4328060150146,33.5625686645508,83.7941818237305,10.0671148300171,105.355888366699
2875,17.0474815368652,26.4392604827881,78.0386428833008,3.68297123908997,17.6600570678711,33.658992767334,81.7628479003906,10.0603427886963,101.543212890625
2877,15.9827938079834,23.0178375244141,79.5430755615234,3.29225158691406,16.5239868164063,32.7712287902832,78.9399185180664,8.81367111206055,101.054786682129
2879,15.7355003356934,23.1879596710205,80.0215911865234,3.78675603866577,16.8412380218506,32.1426315307617,78.3330154418945,8.20676517486572,100.681617736816
2881,16.0916423797607,23.5670127868652,78.002067565918,4.62326049804688,17.3364086151123,31.4547786712646,77.8967437744141,7.48705101013184,100.019660949707
2883,16.4646186828613,24.4303798675537,80.7586822509766,5.74394083023071,16.7788162231445,31.2991504669189,78.7002868652344,7.42111301422119,99.5022583007813
2885,16.3920516967773,23.5162544250488,77.9745407104492,5.0728759765625,16.1688117980957,32.1339378356934,79.8315505981445,7.88974380493164,99.9990844726563
2887,16.5809955596924,22.9790077209473,78.182014465332,5.03337717056274,15.0266065597534,32.5561599731445,80.3206558227539,8.49826622009277,99.8627624511719
2889,16.1739768981934,23.7858581542969,79.7790222167969,4.47163152694702,15.7106866836548,33.0518493652344,82.5949249267578,9.98734855651855,101.047561645508
2891,16.3177871704102,23.0716114044189,76.5390701293945,3.84143018722534,16.4091033935547,33.0737648010254,85.9922714233398,10.1619472503662,102.682487487793
2893,16.8815994262695,23.5488910675049,80.945686340332,4.21717166900635,16.8801403045654,34.6925086975098,86.7917633056641,9.31187725067139,104.544639587402
2895,17.5247783660889,27.7555122375488,81.6052780151367,3.85396814346313,17.8793849945068,36.1716842651367,89.6269912719727,10.2345418930054,108.684219360352
2897,18.0019226074219,28.7488765716553,81.1707611083984,2.80810022354126,19.352352142334,38.0183410644531,93.9867935180664,11.5617876052856,113.094612121582
2899,18.7286281585693,30.5675525665283,84.1830673217773,3.63942956924438,20.4079895019531,38.9264373779297,95.8174743652344,12.2744178771973,115.167060852051
2901,19.5595607757568,31.5562763214111,85.0859069824219,4.38863706588745,21.4603404998779,38.9733123779297,98.0691604614258,12.2645387649536,118.804389953613
2903,20.8785552978516,32.5131797790527,90.3063354492188,4.8599009513855,22.4790954589844,41.9790878295898,103.276588439941,12.178071975708,125.191390991211
2905,21.5435638427734,35.044563293457,92.5478363037109,4.06944131851196,23.4340934753418,43.6029167175293,106.532737731934,13.3376379013062,131.397201538086
2907,23.3464603424072,36.6167678833008,95.3389511108398,5.43612813949585,25.755823135376,45.254940032959,112.460723876953,14.350902557373,137.172210693359
2909,25.0900402069092,38.9727172851563,105.138832092285,5.11412048339844,27.8951282501221,48.5335998535156,116.900917053223,15.9643907546997,143.8984375
2911,25.5975341796875,44.7735481262207,108.087188720703,4.93292617797852,29.1151256561279,50.4474334716797,122.730674743652,17.2998027801514,149.091613769531
2913,27.2564659118652,47.6219635009766,111.466835021973,5.0382137298584,30.5253124237061,54.5948143005371,129.191787719727,18.8422393798828,157.062530517578
2915,28.2302532196045,50.5211524963379,118.305274963379,7.24707937240601,34.0075759887695,56.8192138671875,136.010375976563,20.6250705718994,165.15217590332
2917,29.1431617736816,55.5319633483887,120.060745239258,6.27696800231934,36.6296119689941,59.3946990966797,148.1328125,22.5269222259521,172.732955932617
2919,30.7822322845459,56.1531105041504,130.625122070313,6.88014364242554,39.4234962463379,64.3023223876953,155.193130493164,24.4944438934326,183.023971557617
2921,32.1032447814941,57.4410552978516,135.255325317383,7.7053017616272,42.3230438232422,66.7484588623047,160.409042358398,24.6461658477783,194.081970214844
2923,33.7461090087891,61.7783279418945,134.377029418945,9.36324119567871,43.2762565612793,70.2550582885742,162.955154418945,27.3144989013672,201.33708190918
2925,36.2561340332031,65.0591506958008,142.673263549805,10.6682138442993,43.9474716186523,74.4469909667969,168.679870605469,28.288257598877,208.437438964844
2927,35.4171409606934,65.9920425415039,145.205673217773,8.98608779907227,45.8096923828125,74.7702865600586,167.869338989258,29.1230163574219,211.441772460938
2929,35.465389251709,67.7505340576172,146.974060058594,9.17342376708984,47.6429176330566,76.1688461303711,173.038055419922,28.4365634918213,211.178207397461
2931,36.3055686950684,67.3100509643555,147.818786621094,8.95547485351563,48.0113143920898,75.350959777832,172.577377319336,26.5152931213379,205.219619750977
2933,35.2292060852051,66.352668762207,142.650726318359,7.61421632766724,46.3438568115234,74.6951751708984,167.498931884766,26.3562126159668,198.162185668945
2935,33.1044387817383,65.2409973144531,147.818634033203,6.30725622177124,44.2002601623535,71.9179763793945,161.394836425781,25.4020290374756,193.050109863281
2937,31.53883934021,60.6818161010742,143.871871948242,8.14343738555908,41.7198829650879,69.8815460205078,153.788192749023,24.5515575408936,186.738891601563
2939,30.6015720367432,57.5268249511719,141.025634765625,6.63902521133423,41.1734428405762,66.4838562011719,142.458877563477,23.0279235839844,178.558212280273
2941,28.7032699584961,53.6180419921875,142.157699584961,5.67393636703491,39.9854125976563,63.4292640686035,129.873840332031,21.0932083129883,169.876739501953
2943,27.978343963623,51.3231010437012,133.762786865234,6.79734468460083,36.2250022888184,62.489574432373,118.959571838379,21.6706275939941,163.481964111328
2945,27.414041519165,47.8130149841309,126.340370178223,9.11117362976074,32.972827911377,58.0813598632813,113.970840454102,21.3230075836182,155.2958984375
2947,26.0169658660889,48.3898849487305,125.21662902832,8.50849723815918,33.703540802002,55.4521522521973,113.970863342285,19.749095916748,148.539337158203
2949,23.7671585083008,45.4680786132813,119.28532409668,9.06907749176025,31.8383922576904,53.399097442627,111.006820678711,16.6911487579346,141.532592773438
2951,22.5899505615234,44.0779800415039,116.547988891602,8.75037860870361,30.3966331481934,51.0108833312988,106.500984191895,14.7624378204346,138.130157470703
2953,22.1022205352783,41.3690376281738,108.197883605957,7.35951852798462,27.1864643096924,45.7692756652832,102.533729553223,13.7360639572144,139.293228149414
2955,20.5702495574951,37.0038261413574,101.856956481934,9.32915496826172,25.1283435821533,43.8846321105957,102.418746948242,14.7160158157349,136.619018554688
2957,20.2631034851074,36.7236976623535,105.967666625977,6.09596490859985,24.4082889556885,44.2811546325684,97.0782241821289,14.4877643585205,133.906433105469
2959,21.6008396148682,32.8092422485352,99.7905807495117,3.73048448562622,24.5964260101318,40.9625854492188,96.8885498046875,10.250638961792,128.109161376953
2961,19.8241558074951,28.5014953613281,94.5221481323242,1.61233842372894,21.928955078125,37.3476638793945,90.4020462036133,8.64537811279297,122.119674682617
2963,16.2584800720215,30.4034271240234,90.5253677368164,6.30925512313843,19.2246284484863,35.1125259399414,84.0321655273438,11.0264978408813,122.580177307129
2965,13.6328067779541,31.7001247406006,88.815185546875,6.14450025558472,19.3609867095947,32.5479927062988,80.5563735961914,11.1649227142334,113.020179748535
2967,14.7823457717896,25.670597076416,89.3864517211914,3.03360939025879,19.6113662719727,29.8901481628418,69.7421798706055,14.2512998580933,108.115966796875
2969,16.472749710083,22.3393726348877,85.5761032104492,7.48949146270752,20.571252822876,27.4777050018311,59.9669914245605,12.1237773895264,102.15055847168
2971,14.8388528823853,18.8818740844727,80.8125839233398,8.72155284881592,14.1543455123901,25.7214756011963,59.7113914489746,9.57196521759033,94.7312164306641
2973,10.0832529067993,17.2630386352539,82.829231262207,8.90359210968018,16.6568412780762,20.1757850646973,56.6763534545898,10.7564764022827,100.476760864258
2975,12.9847869873047,15.0599775314331,69.4929504394531,3.93342328071594,14.0301914215088,17.7240467071533,48.9040489196777,10.8583211898804,97.9336776733398
2977,11.3672790527344,13.9841194152832,58.7577018737793,7.81047534942627,5.77252435684204,13.0049819946289,40.8702430725098,4.71740388870239,79.5262603759766
2979,9.8387508392334,9.18148803710938,54.1580238342285,10.599513053894,10.8645944595337,16.9104995727539,37.2819480895996,-0.195563167333603,68.2782287597656
2981,6.79668092727661,10.6086874008179,63.465087890625,23.9187507629395,9.60789108276367,14.4008111953735,57.7072982788086,2.26978325843811,75.7586898803711
2983,4.63854551315308,8.80006885528564,80.2991333007813,20.1573314666748,1.1908540725708,5.48516750335693,41.556396484375,4.75020122528076,56.9712257385254
2985,9.17549800872803,-5.52215194702148,58.0917663574219,-1.65945076942444,-1.18470168113708,18.3425388336182,26.9171619415283,-6.67559814453125,26.3860301971436
2987,1.48874092102051,-3.91500806808472,7.9825701713562,20.7558498382568,4.33858346939087,-6.22028970718384,9.80384159088135,-1.27057528495789,-2.63190150260925
2989,5.38812017440796,11.2288770675659,-11.3386640548706,28.2575855255127,-12.3889589309692,-19.6398143768311,-25.2169456481934,-4.67448759078979,49.3371124267578
2991,-22.3902359008789,-2.81105637550354,-45.8566017150879,20.1641025543213,13.6023607254028,-53.5148277282715,-11.1228017807007,-22.3186473846436,101.28515625
2993,-4.90875959396362,21.521167755127,-69.2249374389648,-4.00220966339111,36.9102630615234,-37.834156036377,-56.3392333984375,-2.86531496047974,60.9288177490234
