UV-FT,UV-FT,UV-FT
" Sample 1"," Sample 2"," Sample 3"
0.080000,2.180000,0.270000
0.008609,0.170000,0.190000
0.050000,0.060000,0.200000
0.100000,0.050000,0.730000
0.070000,0.020000,0.050000
0.020000,0.060000,0.020000
0.010000,0.009839,0.150000
0.010000,0.020000,0.060000
0.008609,0.010000,0.130000
0.010000,0.009839,0.100000
0.010000,0.030000,0.009839
0.010000,0.010000,0.360000
0.040000,0.010000,0.030000
0.020000,0.030000,0.190000
0.030000,0.010000,0.690000
0.050000,0.020000,0.200000
0.020000,0.020000,0.100000
0.007379,0.008609,0.610000
0.040000,0.010000,0.140000
0.010000,0.050000,0.040000
0.140000,0.030000,0.110000
0.010000,0.040000,0.420000
0.020000,0.010000,0.930000
0.020000,0.020000,0.340000
0.080000,0.009839,0.040000
0.020000,0.008609,0.120000
0.008609,0.020000,0.100000
0.010000,0.020000,0.060000
0.010000,0.010000,0.100000
0.020000,0.020000,0.160000
0.030000,0.040000,0.120000
0.020000,0.010000,0.020000
0.020000,0.020000,0.110000
0.009839,0.010000,0.070000
0.100000,0.020000,0.030000
0.010000,0.010000,0.570000
0.020000,0.050000,0.250000
0.070000,0.020000,0.050000
0.010000,0.009839,0.070000
0.050000,0.010000,0.030000
0.010000,0.020000,0.070000
0.080000,0.020000,0.190000
0.020000,0.020000,0.300000
0.020000,0.040000,0.340000
0.007379,0.120000,0.120000
0.030000,0.050000,0.030000
0.008609,0.030000,0.060000
0.007379,0.070000,0.240000
0.060000,0.009839,1.240000
0.009839,0.070000,0.350000
0.050000,0.040000,0.480000
0.040000,0.010000,0.020000
0.100000,0.020000,0.340000
0.170000,0.020000,0.740000
0.010000,0.010000,0.430000
0.010000,0.020000,0.100000
0.050000,0.030000,0.070000
0.010000,0.008609,0.500000
0.150000,0.020000,0.260000
0.080000,0.020000,0.020000
0.010000,0.010000,0.070000
0.020000,0.020000,0.120000
0.020000,0.009839,0.080000
0.240000,0.020000,0.070000
0.020000,0.010000,0.030000
0.030000,0.020000,0.200000
0.140000,0.030000,0.310000
0.010000,0.060000,0.350000
0.030000,0.010000,0.130000
0.040000,0.010000,0.050000
0.070000,0.050000,0.070000
0.010000,0.020000,0.350000
0.010000,0.100000,3.310000
0.120000,0.010000,0.250000
0.020000,0.030000,0.480000
0.040000,0.040000,0.090000
0.020000,0.020000,0.340000
0.030000,0.040000,0.120000
0.020000,0.020000,0.090000
0.030000,0.010000,0.330000
0.040000,0.020000,0.100000
0.050000,0.020000,0.020000
0.030000,0.030000,0.080000
0.090000,0.020000,0.500000
0.040000,0.009839,0.030000
0.020000,0.060000,0.300000
0.010000,0.020000,1.490000
0.080000,0.010000,0.020000
0.020000,0.010000,0.030000
0.080000,0.020000,0.630000
0.370000,0.030000,0.410000
0.010000,0.020000,0.020000
0.030000,0.020000,0.150000
0.030000,0.010000,0.280000
0.070000,0.070000,0.060000
0.008609,0.060000,0.230000
0.030000,0.030000,0.720000
0.060000,0.020000,0.030000
0.020000,0.020000,0.060000
0.060000,0.020000,0.030000
0.010000,0.080000,0.030000
0.010000,0.008609,0.290000
0.060000,0.040000,0.230000
0.030000,0.008609,0.100000
0.020000,0.080000,0.150000
0.080000,0.010000,0.470000
0.020000,0.090000,0.100000
0.010000,0.020000,0.070000
0.008609,0.230000,0.220000
0.010000,0.020000,0.010000
0.020000,0.030000,0.020000
0.006149,0.030000,1.070000
0.020000,0.009839,0.150000
0.030000,0.020000,0.050000
0.060000,0.010000,0.420000
0.040000,0.010000,0.070000
0.008609,0.040000,0.200000
0.020000,0.030000,0.020000
0.020000,0.010000,0.320000
0.010000,0.060000,0.050000
0.020000,0.070000,0.200000
0.070000,0.010000,0.190000
0.010000,0.020000,0.110000
0.030000,0.009839,0.420000
0.020000,0.030000,0.660000
0.020000,0.010000,0.190000
0.120000,0.010000,0.040000
0.008609,0.060000,0.060000
0.020000,0.010000,0.240000
0.007379,0.010000,0.070000
0.020000,0.140000,0.040000
0.050000,0.020000,0.010000
0.030000,0.010000,0.070000
0.020000,0.020000,0.040000
0.040000,0.100000,0.510000
0.100000,0.020000,0.110000
0.020000,0.010000,0.070000
0.010000,0.010000,0.150000
0.060000,0.020000,0.140000
0.020000,0.020000,0.090000
0.020000,0.010000,0.190000
0.020000,0.009839,0.420000
0.040000,0.030000,0.060000
0.040000,0.040000,0.010000
0.030000,0.020000,0.380000
0.020000,0.040000,0.170000
0.008609,0.080000,0.620000
0.020000,0.020000,0.350000
0.030000,0.030000,0.460000
0.010000,0.010000,0.740000
0.020000,0.020000,0.280000
0.110000,0.010000,0.090000
0.480000,0.070000,0.200000
0.020000,0.020000,0.020000
0.040000,0.010000,0.090000
0.110000,0.008609,0.090000
0.100000,0.010000,0.140000
0.350000,0.008609,0.150000
0.030000,0.010000,0.060000
0.030000,0.020000,0.380000
0.010000,0.020000,0.190000
0.050000,0.010000,0.150000
0.020000,0.009839,0.030000
0.060000,0.020000,0.180000
0.150000,0.010000,0.300000
0.020000,0.030000,0.190000
0.020000,0.030000,4.190000
0.090000,0.180000,0.100000
0.270000,0.040000,0.100000
0.060000,0.020000,0.040000
0.050000,0.010000,0.300000
0.040000,0.050000,0.420000
0.009839,0.040000,0.180000
0.190000,0.060000,0.060000
0.080000,0.009839,0.030000
0.050000,0.008609,0.230000
0.160000,0.040000,0.007379
0.110000,0.010000,0.020000
0.080000,0.080000,0.060000
0.020000,0.060000,0.110000
0.020000,0.007379,0.750000
0.030000,0.020000,0.140000
0.010000,0.120000,0.100000
0.100000,0.009839,0.230000
0.340000,0.030000,0.060000
0.020000,0.030000,0.140000
0.020000,0.009839,0.230000
0.040000,0.008609,0.080000
0.010000,0.010000,0.050000
0.270000,0.180000,0.240000
0.020000,0.030000,0.070000
0.020000,0.009839,0.110000
0.070000,0.200000,0.080000
0.080000,0.020000,0.150000
0.150000,0.010000,0.080000
0.100000,0.010000,0.040000
0.110000,0.020000,0.110000
0.040000,0.020000,1.460000
0.020000,0.080000,0.260000
0.060000,0.050000,0.070000
0.020000,0.009839,0.120000
0.320000,0.030000,0.060000
0.030000,0.080000,0.090000
0.180000,0.040000,0.100000
0.510000,0.020000,0.060000
0.080000,0.020000,0.060000
0.020000,0.040000,0.040000
0.090000,0.009839,0.020000
0.020000,0.010000,0.110000
0.030000,0.009839,0.040000
0.030000,0.080000,0.110000
0.800000,0.020000,0.150000
0.010000,0.020000,0.140000
0.030000,0.030000,0.040000
0.030000,0.009839,0.070000
0.100000,0.010000,0.020000
0.100000,0.020000,0.050000
0.080000,0.010000,0.150000
0.030000,0.010000,0.290000
0.240000,0.008609,0.150000
0.120000,0.009839,0.220000
0.130000,0.020000,0.090000
0.140000,0.009839,0.010000
0.060000,0.280000,0.030000
0.260000,0.210000,0.160000
0.040000,1.540000,0.050000
0.030000,0.100000,0.130000
0.040000,0.100000,0.160000
0.070000,0.040000,0.020000
0.120000,0.180000,0.050000
0.090000,1.000000,0.390000
0.008609,1.610000,0.070000
0.040000,0.150000,0.270000
0.140000,0.020000,0.170000
0.010000,0.090000,0.180000
0.080000,1.820000,0.120000
0.020000,0.070000,0.030000
0.050000,0.020000,0.020000
0.080000,0.980000,0.050000
0.100000,0.020000,0.020000
0.080000,0.060000,0.050000
0.070000,0.870000,0.110000
0.020000,0.060000,0.070000
0.050000,0.220000,0.030000
0.040000,0.120000,0.320000
0.050000,0.020000,0.090000
0.030000,0.020000,0.100000
0.070000,2.650000,1.520000
0.070000,0.070000,0.130000
0.310000,0.030000,0.040000
0.009839,0.130000,0.110000
0.050000,0.060000,2.000000
0.050000,0.060000,0.420000
0.020000,0.060000,0.090000
0.020000,0.030000,0.150000
0.010000,0.080000,0.020000
0.110000,0.050000,0.110000
0.120000,0.550000,0.170000
0.100000,0.060000,0.310000
0.070000,0.050000,0.010000
0.030000,0.070000,1.120000
0.040000,0.170000,0.030000
0.130000,0.030000,0.590000
0.030000,0.020000,0.150000
0.120000,0.020000,0.008609
0.040000,0.030000,0.050000
0.030000,0.030000,0.640000
0.050000,0.020000,0.300000
0.020000,0.090000,0.009839
0.040000,0.060000,0.180000
0.150000,0.020000,0.190000
0.020000,0.920000,0.008609
0.020000,0.030000,0.060000
0.020000,0.090000,0.140000
0.070000,0.060000,0.100000
0.020000,0.060000,0.008609
0.030000,0.210000,0.230000
0.170000,0.020000,0.090000
0.040000,0.010000,0.250000
0.070000,0.070000,0.130000
0.050000,0.070000,0.020000
0.030000,0.570000,0.190000
0.040000,0.070000,0.230000
0.030000,0.010000,1.320000
0.020000,0.020000,0.060000
0.050000,0.020000,0.070000
0.020000,0.050000,0.170000
0.020000,2.650000,0.200000
0.070000,0.250000,0.030000
0.110000,1.250000,0.120000
0.030000,0.230000,0.670000
0.030000,0.030000,0.310000
0.270000,0.010000,1.390000
0.010000,0.040000,0.070000
0.130000,0.740000,0.030000
0.070000,0.030000,0.050000
0.050000,0.080000,0.560000
0.080000,0.030000,0.250000
0.080000,0.020000,0.070000
0.060000,0.040000,0.330000
0.150000,0.007379,0.140000
0.460000,0.080000,0.050000
0.030000,0.410000,0.760000
0.150000,0.100000,0.008609
0.040000,0.620000,0.690000
0.010000,0.120000,0.070000
0.160000,0.120000,0.090000
0.230000,0.008609,0.140000
0.030000,0.008609,0.020000
0.040000,0.240000,0.020000
0.020000,0.040000,0.080000
0.010000,0.090000,0.020000
0.020000,0.080000,0.030000
0.020000,0.070000,3.570000
0.060000,0.560000,0.650000
0.040000,0.180000,0.009839
0.090000,0.040000,0.310000
0.270000,0.420000,0.370000
0.420000,0.040000,0.690000
0.020000,0.530000,0.180000
0.120000,0.140000,0.170000
0.020000,0.150000,0.050000
0.340000,0.160000,0.290000
0.030000,1.150000,0.050000
0.050000,0.040000,0.100000
0.260000,0.070000,0.030000
0.020000,0.010000,0.410000
0.030000,0.430000,1.720000
0.130000,0.340000,0.120000
0.030000,0.310000,1.930000
0.070000,0.740000,0.280000
0.290000,2.420000,0.130000
0.060000,0.490000,0.210000
0.060000,0.050000,0.020000
0.020000,0.270000,0.020000
0.040000,0.100000,0.100000
0.120000,0.060000,0.040000
0.050000,0.090000,0.740000
0.040000,0.200000,0.420000
0.050000,0.190000,0.020000
0.040000,0.030000,0.020000
0.040000,1.360000,0.200000
0.030000,0.260000,0.020000
0.030000,0.080000,0.020000
0.050000,0.390000,0.290000
0.030000,0.090000,0.360000
0.130000,0.050000,0.020000
0.050000,0.030000,0.030000
0.030000,0.050000,0.930000
0.020000,0.060000,0.220000
0.020000,0.320000,0.890000
0.030000,0.010000,0.020000
0.030000,0.080000,2.140000
0.060000,0.150000,0.050000
0.050000,0.020000,0.030000
0.020000,0.020000,0.150000
0.030000,0.660000,0.750000
0.020000,0.110000,0.009839
0.180000,0.890000,0.190000
0.010000,0.030000,0.440000
0.060000,0.130000,0.060000
0.130000,0.020000,0.030000
0.130000,0.050000,0.030000
0.030000,0.050000,0.020000
0.030000,0.120000,0.480000
0.060000,0.060000,1.050000
0.030000,0.090000,0.290000
0.270000,0.020000,0.250000
0.020000,0.290000,0.700000
0.070000,0.110000,0.070000
0.040000,0.040000,0.130000
0.020000,0.010000,0.260000
0.060000,1.560000,0.320000
0.020000,0.300000,0.240000
0.010000,0.030000,0.080000
0.010000,0.070000,0.110000
0.060000,0.070000,0.020000
0.060000,0.350000,0.050000
0.130000,0.230000,0.030000
0.130000,0.070000,0.070000
0.009839,0.030000,0.070000
0.380000,0.020000,0.320000
0.250000,0.030000,0.007379
0.008609,0.060000,0.090000
0.010000,0.360000,0.040000
0.010000,0.240000,0.100000
0.010000,0.080000,0.590000
0.030000,0.510000,0.070000
0.030000,0.170000,0.140000
0.030000,0.360000,0.260000
0.040000,0.470000,0.020000
0.030000,0.130000,0.290000
0.100000,2.300000,0.780000
0.040000,0.060000,0.020000
0.130000,0.140000,0.040000
0.030000,0.170000,0.190000
0.030000,0.420000,0.300000
0.090000,0.970000,0.040000
0.100000,3.070000,0.020000
0.080000,0.870000,0.020000
0.020000,0.210000,0.040000
0.060000,0.370000,0.340000
0.030000,0.080000,0.110000
0.050000,1.780000,0.390000
0.040000,0.180000,0.030000
0.030000,0.100000,0.010000
0.030000,0.120000,0.020000
0.110000,0.590000,1.060000
0.360000,0.180000,0.170000
0.040000,0.130000,1.380000
0.040000,1.170000,0.800000
0.020000,0.010000,0.520000
0.080000,0.030000,0.220000
0.050000,0.580000,0.750000
0.010000,0.040000,1.630000
0.009839,0.030000,0.050000
0.010000,0.020000,0.070000
0.070000,0.007379,0.030000
0.180000,0.010000,0.590000
0.030000,0.030000,0.030000
0.030000,0.030000,0.130000
0.010000,0.009839,0.230000
0.020000,0.040000,0.030000
0.060000,0.030000,0.440000
0.020000,0.030000,0.890000
0.030000,0.040000,0.010000
0.100000,0.030000,0.010000
0.150000,0.010000,0.020000
0.130000,0.080000,0.050000
0.280000,0.020000,0.030000
0.020000,0.070000,0.060000
0.060000,0.008609,0.020000
0.060000,0.070000,0.010000
0.020000,0.010000,0.120000
0.030000,0.007379,0.007379
0.230000,0.040000,0.040000
0.190000,0.008609,0.730000
0.100000,1.550000,0.280000
0.020000,0.009839,0.020000
0.040000,0.010000,0.040000
0.060000,0.010000,0.040000
0.080000,0.020000,0.030000
0.030000,0.030000,1.570000
0.080000,0.010000,0.050000
0.010000,0.110000,0.050000
0.010000,0.020000,0.430000
0.050000,0.010000,0.310000
0.070000,0.100000,0.150000
0.010000,0.020000,0.050000
0.020000,0.010000,1.080000
0.140000,0.007379,0.190000
0.070000,0.030000,0.010000
0.009839,0.020000,0.500000
0.040000,0.160000,0.130000
0.060000,0.010000,0.020000
0.180000,0.040000,0.009839
0.050000,0.080000,0.009839
0.008609,0.010000,0.200000
0.230000,0.040000,0.070000
0.060000,0.020000,0.140000
0.020000,0.009839,0.740000
0.070000,0.010000,0.430000
0.080000,0.008609,0.060000
0.020000,0.008609,0.040000
0.150000,0.020000,0.180000
0.060000,0.020000,0.010000
0.008609,0.060000,0.190000
0.040000,0.010000,0.060000
0.030000,0.010000,0.130000
0.040000,0.040000,0.120000
0.010000,0.040000,0.730000
0.050000,0.480000,0.050000
0.010000,0.110000,0.170000
0.020000,0.040000,0.290000
0.070000,0.030000,0.300000
0.020000,0.070000,0.150000
0.040000,0.020000,0.200000
0.190000,0.040000,0.240000
0.060000,0.020000,0.100000
0.110000,0.008609,0.270000
0.030000,0.009839,0.070000
0.040000,0.250000,0.010000
0.160000,0.060000,0.040000
0.060000,0.070000,0.120000
0.008609,0.030000,0.020000
0.050000,3.690000,0.220000
0.030000,0.070000,0.640000
0.090000,0.100000,1.390000
0.050000,0.010000,0.020000
0.060000,0.020000,0.040000
0.020000,0.010000,0.008609
0.080000,0.020000,0.970000
0.020000,0.009839,0.020000
0.050000,0.030000,0.910000
0.030000,0.020000,0.460000
0.030000,0.140000,0.650000
0.060000,0.010000,0.140000
0.070000,0.010000,0.020000
0.180000,0.020000,2.210000
0.080000,0.040000,0.100000
0.230000,0.020000,0.120000
0.030000,0.040000,0.060000
0.060000,0.030000,0.130000
0.050000,0.050000,0.210000
0.110000,0.060000,0.010000
0.130000,0.070000,0.080000
0.150000,0.010000,0.020000
0.010000,0.070000,0.020000
0.009839,0.020000,0.070000
0.020000,0.008609,0.090000
0.080000,0.060000,0.020000
0.030000,0.020000,0.010000
0.050000,0.010000,0.120000
0.030000,0.250000,0.020000
0.970000,0.030000,0.350000
0.160000,0.010000,0.010000
0.020000,0.050000,0.030000
0.500000,0.170000,0.008609
0.080000,0.009839,0.030000
0.050000,0.010000,0.008609
0.020000,0.060000,0.030000
0.060000,0.140000,1.020000
0.010000,0.020000,0.170000
0.020000,0.010000,0.080000
0.020000,0.040000,0.180000
0.210000,0.040000,0.010000
0.009839,0.070000,1.760000
0.040000,0.020000,0.570000
0.020000,0.100000,0.160000
0.050000,0.070000,0.260000
0.040000,0.150000,0.110000
0.060000,0.020000,1.860000
0.030000,0.040000,0.730000
0.030000,0.070000,0.030000
0.010000,0.020000,0.440000
0.020000,0.230000,0.610000
0.140000,0.040000,0.640000
0.060000,0.130000,2.470000
0.020000,0.110000,0.390000
0.010000,0.050000,0.070000
0.040000,1.030000,0.300000
0.040000,0.200000,0.220000
0.060000,0.470000,0.190000
0.100000,0.140000,0.200000
0.130000,1.480000,0.020000
0.050000,0.110000,1.340000
0.040000,0.610000,0.240000
0.040000,0.020000,0.570000
0.020000,0.020000,0.330000
0.020000,4.410000,0.460000
0.020000,0.060000,0.610000
0.180000,2.070000,0.480000
0.060000,0.130000,0.480000
0.020000,0.370000,0.090000
0.270000,0.040000,0.020000
0.020000,0.070000,0.370000
0.050000,0.170000,0.220000
0.230000,0.380000,0.040000
0.060000,0.050000,0.180000
0.030000,0.009839,0.360000
0.050000,0.200000,1.440000
0.030000,0.290000,0.080000
0.110000,0.910000,0.390000
0.020000,0.130000,0.020000
0.030000,0.030000,0.150000
0.030000,0.060000,1.550000
0.030000,0.920000,0.360000
0.060000,0.090000,0.960000
0.020000,0.180000,0.430000
0.030000,0.020000,0.490000
0.080000,0.008609,0.480000
0.190000,0.020000,0.810000
0.080000,0.009839,0.290000
0.030000,0.140000,0.660000
0.010000,0.090000,0.660000
0.040000,0.160000,0.580000
0.050000,1.420000,1.140000
0.040000,1.720000,0.830000
0.280000,0.240000,0.090000
0.460000,0.180000,0.410000
0.120000,0.010000,0.890000
0.010000,0.080000,0.240000
0.040000,0.080000,0.290000
0.020000,0.030000,0.340000
0.050000,0.050000,0.530000
0.010000,0.150000,0.860000
0.070000,0.020000,0.200000
0.010000,0.810000,0.030000
0.710000,0.030000,0.610000
0.030000,0.070000,0.200000
0.070000,0.140000,0.790000
0.160000,0.010000,1.550000
0.100000,1.320000,0.070000
0.020000,0.400000,0.130000
0.030000,0.190000,0.790000
0.020000,0.020000,0.640000
0.080000,0.030000,0.020000
0.050000,0.410000,0.630000
0.050000,2.250000,0.060000
0.080000,0.210000,0.470000
0.220000,0.060000,0.040000
0.010000,0.300000,0.260000
0.050000,0.120000,0.790000
0.070000,0.270000,0.120000
0.120000,0.160000,0.030000
0.060000,0.040000,0.170000
0.030000,0.070000,1.190000
0.020000,0.090000,1.950000
0.040000,0.050000,0.190000
0.020000,0.130000,0.330000
0.100000,0.060000,0.390000
0.040000,0.009839,1.300000
0.020000,0.010000,0.200000
0.290000,0.970000,1.460000
0.010000,0.060000,1.200000
0.050000,0.090000,0.050000
0.010000,0.070000,0.370000
0.080000,0.060000,2.200000
0.090000,0.050000,0.130000
0.020000,0.030000,0.150000
0.008609,0.040000,0.670000
0.020000,0.140000,1.010000
0.030000,0.180000,0.580000
0.030000,0.260000,0.100000
0.120000,0.110000,0.080000
0.120000,0.120000,0.040000
0.040000,0.030000,0.110000
0.120000,0.008609,0.180000
0.050000,0.030000,0.060000
0.040000,1.720000,1.080000
0.060000,0.100000,0.180000
0.030000,3.590000,0.080000
0.040000,0.010000,0.090000
0.030000,0.150000,0.180000
0.030000,0.050000,0.310000
0.280000,0.020000,0.040000
0.040000,0.010000,0.030000
0.020000,0.240000,0.120000
0.030000,0.470000,0.110000
0.010000,0.320000,0.030000
0.160000,0.640000,0.050000
0.020000,0.020000,0.110000
0.110000,0.130000,0.510000
0.040000,0.050000,1.410000
0.040000,0.290000,0.110000
0.300000,0.200000,0.200000
0.010000,0.140000,0.030000
0.030000,0.120000,0.450000
0.090000,0.140000,0.060000
0.030000,0.090000,0.310000
0.040000,1.360000,0.630000
0.030000,0.050000,0.020000
0.030000,0.390000,0.100000
0.030000,0.080000,0.150000
0.180000,0.130000,0.180000
0.030000,0.080000,0.160000
0.040000,0.100000,0.200000
0.020000,0.030000,0.110000
0.150000,0.040000,0.910000
0.020000,0.110000,0.080000
0.040000,1.610000,0.210000
0.040000,0.340000,0.050000
0.030000,0.070000,0.660000
0.120000,0.100000,0.080000
0.010000,0.260000,0.050000
0.020000,0.130000,0.150000
0.007379,0.030000,0.090000
0.020000,0.060000,0.110000
0.040000,0.160000,0.130000
0.020000,0.110000,0.370000
0.070000,0.040000,1.530000
0.030000,0.030000,0.330000
0.010000,0.350000,0.120000
0.030000,0.150000,0.250000
0.210000,0.160000,0.900000
0.060000,0.050000,0.090000
0.030000,0.120000,0.090000
0.060000,0.040000,0.190000
0.010000,0.400000,2.250000
0.030000,0.260000,0.020000
0.130000,0.040000,0.010000
0.030000,3.660000,0.750000
0.009839,0.080000,0.800000
0.030000,0.120000,0.040000
0.010000,0.090000,0.140000
0.010000,0.040000,0.110000
0.040000,0.050000,0.020000
0.040000,0.030000,0.140000
0.060000,0.010000,0.610000
0.020000,0.090000,0.960000
0.050000,0.060000,0.740000
0.070000,0.060000,0.060000
0.030000,0.050000,0.400000
0.060000,0.130000,0.130000
0.060000,0.120000,0.620000
0.010000,0.060000,0.650000
0.010000,0.240000,2.480000
0.010000,0.120000,1.160000
0.020000,0.020000,0.030000
0.120000,0.120000,0.070000
0.020000,0.040000,0.250000
0.210000,0.190000,0.850000
0.060000,0.070000,0.190000
0.010000,0.270000,0.400000
0.080000,0.020000,0.200000
0.040000,0.120000,0.240000
0.060000,0.110000,4.900000
0.020000,0.090000,0.500000
0.080000,0.320000,0.030000
0.060000,0.008609,0.100000
0.020000,0.010000,0.040000
0.010000,0.220000,0.030000
0.050000,0.010000,0.260000
0.130000,0.140000,0.360000
0.200000,0.060000,0.780000
0.040000,0.420000,0.310000
0.090000,0.150000,0.470000
0.030000,0.040000,0.009839
0.010000,0.060000,0.040000
0.030000,0.050000,0.250000
0.020000,0.080000,0.590000
0.010000,0.170000,0.150000
0.008609,0.360000,0.010000
0.020000,0.280000,0.080000
0.100000,0.270000,0.280000
0.030000,0.640000,0.180000
0.100000,0.010000,0.080000
0.020000,0.020000,0.720000
0.040000,0.040000,0.040000
0.050000,0.130000,0.200000
0.020000,0.290000,0.350000
0.040000,0.290000,0.210000
0.050000,0.140000,0.280000
0.050000,0.130000,0.510000
0.110000,0.130000,0.320000
0.040000,0.090000,0.070000
0.010000,0.010000,0.160000
0.020000,0.390000,0.300000
0.110000,1.110000,0.830000
0.030000,0.180000,0.020000
0.020000,0.130000,0.300000
0.050000,0.080000,0.010000
0.040000,0.210000,0.140000
0.070000,0.030000,0.060000
0.080000,0.110000,0.090000
0.080000,0.340000,0.040000
0.030000,0.350000,0.220000
0.060000,0.100000,0.090000
0.020000,0.020000,0.030000
0.020000,0.270000,0.170000
0.140000,4.900000,0.840000
0.110000,0.090000,0.170000
0.050000,0.190000,0.070000
0.040000,0.080000,0.550000
0.050000,0.160000,0.800000
0.020000,0.160000,0.430000
0.020000,0.030000,0.040000
0.010000,0.330000,0.060000
0.030000,0.100000,0.030000
0.110000,0.040000,0.050000
0.020000,0.020000,0.010000
0.020000,0.080000,0.020000
0.360000,0.050000,0.040000
0.030000,0.040000,0.020000
0.010000,0.350000,0.030000
0.030000,0.010000,0.690000
0.040000,0.140000,0.020000
0.060000,0.060000,0.380000
0.030000,0.060000,0.030000
0.060000,0.310000,0.530000
0.040000,0.140000,0.050000
0.060000,0.110000,0.070000
0.040000,0.250000,0.040000
0.020000,0.008609,0.020000
0.040000,0.010000,0.160000
0.030000,0.010000,0.080000
0.040000,0.009839,0.130000
0.070000,0.130000,0.290000
0.090000,0.009839,0.170000
0.070000,0.009839,0.020000
0.020000,0.060000,0.200000
0.010000,0.010000,0.100000
0.180000,0.008609,0.030000
0.080000,0.009839,0.150000
0.180000,0.080000,0.030000
0.040000,0.020000,0.430000
0.020000,0.070000,0.190000
0.060000,0.010000,0.060000
0.100000,0.010000,0.260000
0.080000,0.010000,0.420000
0.040000,0.010000,0.150000
0.010000,0.040000,2.160000
0.140000,0.010000,1.330000
0.030000,0.370000,0.170000
0.070000,0.110000,0.110000
0.090000,0.100000,0.070000
0.010000,0.010000,0.030000
0.030000,0.010000,0.040000
0.060000,0.470000,0.040000
0.030000,0.010000,0.250000
0.100000,0.080000,0.130000
0.009839,0.010000,0.400000
0.020000,0.010000,0.160000
0.120000,0.010000,0.050000
0.130000,0.300000,0.040000
0.060000,0.820000,0.100000
0.060000,0.009839,0.040000
0.020000,0.020000,0.930000
0.030000,0.010000,0.040000
0.020000,0.030000,0.400000
0.040000,0.010000,0.090000
0.020000,0.230000,0.190000
0.030000,0.010000,0.080000
0.110000,1.500000,0.030000
0.010000,0.190000,0.710000
0.030000,0.090000,0.010000
0.120000,1.670000,0.230000
0.010000,0.060000,0.870000
0.010000,0.030000,0.070000
0.009839,0.030000,0.260000
0.020000,0.090000,0.010000
0.030000,0.920000,0.020000
0.160000,0.010000,0.340000
0.020000,0.020000,0.240000
0.060000,0.240000,0.440000
0.020000,0.120000,0.040000
0.020000,0.020000,0.090000
0.090000,0.030000,0.230000
0.050000,0.020000,0.290000
0.070000,0.020000,0.410000
0.090000,0.140000,0.520000
0.020000,0.050000,0.020000
0.020000,0.340000,0.008609
0.020000,0.080000,0.030000
0.020000,0.080000,0.060000
0.040000,0.080000,0.320000
0.030000,0.009839,0.130000
0.010000,0.020000,0.270000
0.010000,0.010000,0.120000
0.060000,0.040000,0.710000
0.040000,0.050000,0.250000
0.020000,0.020000,0.350000
0.100000,0.030000,0.450000
0.070000,0.020000,0.420000
0.040000,0.030000,0.030000
0.020000,2.730000,0.030000
0.040000,0.050000,0.040000
0.050000,0.090000,0.060000
0.040000,0.110000,0.330000
0.030000,0.080000,0.010000
0.020000,0.010000,0.140000
0.030000,0.010000,0.010000
0.008609,0.050000,0.450000
0.020000,0.100000,0.430000
0.010000,0.030000,0.020000
0.050000,0.008609,0.040000
0.020000,0.030000,0.060000
0.020000,0.020000,
0.030000,0.100000,
0.020000,0.080000,
0.020000,0.030000,
0.030000,0.110000,
0.090000,0.030000,
0.010000,0.540000,
0.060000,0.210000,
0.020000,0.270000,
0.060000,1.900000,
0.060000,0.010000,
0.020000,0.150000,
0.050000,0.300000,
0.050000,0.050000,
0.040000,0.150000,
0.170000,0.140000,
0.020000,0.010000,
0.090000,0.150000,
0.060000,0.020000,
0.010000,0.110000,
0.030000,0.010000,
0.020000,0.150000,
0.030000,1.390000,
0.070000,0.370000,
0.030000,0.060000,
0.250000,0.100000,
0.030000,0.009839,
0.020000,0.140000,
0.030000,0.010000,
0.030000,0.090000,
0.050000,0.120000,
0.050000,0.050000,
0.060000,0.120000,
0.020000,0.050000,
0.030000,0.360000,
0.010000,0.030000,
0.080000,0.110000,
0.160000,0.080000,
0.030000,0.030000,
0.040000,0.050000,
0.370000,0.140000,
0.030000,0.020000,
0.020000,0.020000,
0.910000,1.170000,
0.060000,0.270000,
0.120000,0.170000,
0.040000,0.010000,
0.020000,0.040000,
0.030000,0.030000,
0.040000,0.010000,
0.010000,0.070000,
0.040000,0.120000,
0.050000,0.240000,
0.020000,0.360000,
0.060000,0.150000,
0.070000,0.020000,
0.010000,0.030000,
0.020000,0.240000,
0.020000,0.130000,
0.070000,0.270000,
0.050000,0.410000,
0.140000,0.050000,
0.110000,0.050000,
0.030000,0.360000,
0.080000,0.040000,
0.260000,0.150000,
0.130000,0.170000,
0.040000,0.240000,
0.030000,0.200000,
0.030000,0.300000,
0.070000,0.240000,
0.020000,0.270000,
0.010000,0.120000,
0.020000,0.160000,
0.030000,0.010000,
0.040000,0.400000,
0.030000,0.110000,
0.090000,0.030000,
0.020000,0.160000,
0.040000,0.260000,
0.020000,0.060000,
0.030000,0.210000,
0.020000,0.170000,
0.020000,1.000000,
0.290000,1.370000,
0.040000,0.050000,
0.020000,0.100000,
0.020000,0.120000,
0.030000,0.110000,
0.020000,0.040000,
0.030000,0.140000,
0.120000,0.070000,
0.360000,0.190000,
0.080000,0.240000,
0.030000,0.120000,
0.020000,0.030000,
0.030000,0.010000,
0.009839,0.060000,
0.050000,0.150000,
0.160000,0.040000,
0.020000,0.140000,
0.020000,0.330000,
0.040000,0.190000,
0.050000,0.020000,
0.040000,0.120000,
0.060000,0.050000,
0.050000,0.160000,
0.070000,0.140000,
0.090000,0.200000,
0.010000,0.270000,
0.020000,0.150000,
0.020000,0.050000,
0.040000,0.040000,
0.120000,0.020000,
0.050000,0.090000,
0.030000,0.008623,
0.030000,0.020000,
0.070000,0.030000,
0.050000,0.240000,
0.060000,0.360000,
0.030000,0.040000,
0.080000,0.240000,
0.010000,0.270000,
0.020000,0.010000,
0.010000,0.020000,
0.060000,0.010000,
0.080000,0.008942,
0.030000,0.010000,
0.100000,0.310000,
0.080000,0.280000,
0.020000,0.450000,
0.130000,0.060000,
0.030000,0.320000,
0.020000,0.280000,
0.020000,0.530000,
0.050000,0.030000,
0.030000,0.040000,
0.020000,0.009900,
0.030000,0.010000,
0.100000,0.120000,
0.040000,0.180000,
0.020000,0.020000,
0.020000,0.080000,
0.050000,0.120000,
0.060000,0.070000,
0.050000,0.130000,
0.020000,0.140000,
0.100000,0.020000,
0.020000,0.006707,
0.030000,0.009261,
0.060000,0.010000,
0.220000,0.030000,
0.020000,0.180000,
0.030000,0.009261,
0.008609,0.020000,
0.040000,0.030000,
0.150000,0.090000,
0.030000,0.130000,
0.010000,0.160000,
0.020000,0.010000,
0.010000,0.120000,
0.040000,0.010000,
0.010000,0.020000,
0.020000,0.060000,
0.070000,0.090000,
0.060000,0.009581,
0.030000,0.100000,
0.020000,0.010000,
0.060000,1.050000,
0.030000,1.500000,
0.080000,0.510000,
0.070000,0.520000,
0.040000,0.430000,
0.150000,0.130000,
0.050000,0.080000,
0.010000,0.560000,
0.010000,0.040000,
0.060000,0.010000,
0.050000,0.040000,
0.030000,0.160000,
0.090000,1.150000,
0.140000,0.030000,
0.020000,0.060000,
0.007379,0.310000,
0.200000,0.330000,
0.020000,0.260000,
0.060000,0.330000,
0.020000,4.880000,
0.020000,0.290000,
0.060000,0.070000,
0.180000,0.080000,
0.070000,0.040000,
0.140000,0.200000,
0.010000,0.710000,
0.230000,0.100000,
0.020000,0.040000,
0.020000,0.030000,
0.070000,0.020000,
0.060000,0.080000,
0.130000,0.100000,
0.040000,0.230000,
0.020000,0.040000,
0.060000,0.040000,
0.020000,0.100000,
0.030000,0.080000,
0.020000,0.020000,
0.020000,0.020000,
0.020000,0.130000,
0.030000,0.008609,
0.010000,1.980000,
0.030000,0.020000,
0.100000,0.060000,
0.030000,0.130000,
0.050000,0.060000,
0.040000,0.010000,
0.090000,0.120000,
0.020000,0.020000,
0.050000,0.060000,
0.080000,0.020000,
0.050000,0.110000,
0.110000,0.020000,
0.020000,0.008609,
0.020000,0.040000,
0.040000,0.080000,
0.030000,0.009839,
0.040000,0.040000,
0.060000,0.050000,
0.040000,0.040000,
0.020000,0.020000,
0.070000,0.100000,
0.080000,0.080000,
0.008609,0.030000,
0.060000,0.060000,
0.060000,0.020000,
0.060000,0.040000,
0.080000,0.020000,
0.010000,0.090000,
0.040000,0.030000,
0.020000,0.070000,
0.030000,0.020000,
0.010000,0.040000,
0.020000,0.020000,
0.060000,0.170000,
0.020000,0.009839,
0.090000,0.050000,
0.090000,0.050000,
0.030000,0.030000,
0.040000,0.070000,
0.310000,0.020000,
0.020000,0.040000,
0.170000,0.030000,
0.080000,0.030000,
0.060000,0.020000,
0.050000,0.010000,
0.080000,0.009839,
0.030000,0.010000,
0.420000,0.020000,
0.070000,0.040000,
0.040000,0.030000,
0.190000,0.030000,
0.150000,0.020000,
0.040000,0.030000,
0.050000,0.008609,
0.030000,0.040000,
0.120000,0.040000,
0.140000,0.030000,
0.080000,0.030000,
0.008609,0.020000,
0.050000,0.020000,
0.050000,0.008609,
0.010000,0.060000,
0.050000,0.010000,
0.050000,0.040000,
0.590000,0.010000,
0.070000,0.030000,
0.100000,0.009839,
0.030000,0.050000,
0.080000,0.020000,
0.140000,0.040000,
0.100000,0.040000,
0.090000,0.020000,
0.050000,0.040000,
0.020000,0.020000,
0.020000,0.010000,
0.090000,0.020000,
0.060000,0.050000,
0.060000,0.020000,
0.030000,0.040000,
0.110000,0.030000,
0.030000,0.310000,
0.060000,0.009839,
0.030000,0.009839,
0.020000,0.010000,
0.020000,0.060000,
0.070000,0.030000,
0.140000,0.020000,
0.050000,0.007379,
0.030000,0.010000,
0.200000,0.080000,
0.050000,0.070000,
0.010000,0.080000,
0.040000,0.050000,
0.080000,0.010000,
0.050000,0.080000,
0.080000,0.650000,
0.050000,0.008609,
0.060000,0.080000,
0.030000,0.180000,
0.080000,0.340000,
0.020000,,
0.160000,,
0.030000,,
0.130000,,
0.050000,,
0.080000,,
0.050000,,
0.009839,,
0.040000,,
0.240000,,
0.020000,,
0.090000,,
0.020000,,
0.310000,,
0.090000,,
0.330000,,
0.100000,,
0.060000,,
0.250000,,
0.008609,,
0.030000,,
0.020000,,
0.030000,,
0.030000,,
0.070000,,
0.060000,,
0.010000,,
0.080000,,
0.110000,,
0.020000,,
0.020000,,
0.110000,,
0.030000,,
0.050000,,
0.400000,,
0.020000,,
0.080000,,
0.020000,,
0.020000,,
0.040000,,
0.020000,,
0.150000,,
0.060000,,
0.040000,,
0.040000,,
0.040000,,
0.040000,,
0.160000,,
0.040000,,
0.050000,,
0.220000,,
0.070000,,
0.040000,,
0.070000,,
0.140000,,
0.050000,,
0.020000,,
0.190000,,
0.020000,,
0.050000,,
0.040000,,
0.009839,,
0.290000,,
0.060000,,
0.040000,,
0.050000,,
0.080000,,
0.050000,,
0.050000,,
0.040000,,
0.009839,,
0.130000,,
0.110000,,
0.020000,,
0.070000,,
0.030000,,
0.080000,,
0.140000,,
0.030000,,
0.040000,,
0.060000,,
0.010000,,
0.030000,,
0.030000,,
0.020000,,
0.120000,,
0.090000,,
0.050000,,
0.050000,,
0.020000,,
0.020000,,
0.030000,,
0.050000,,
0.050000,,
0.050000,,
0.020000,,
0.160000,,
0.140000,,
0.050000,,
0.110000,,
0.030000,,
0.020000,,
0.030000,,
0.040000,,
0.090000,,
0.040000,,
0.060000,,
0.030000,,
0.040000,,
0.040000,,
0.030000,,
0.040000,,
0.110000,,
0.040000,,
0.110000,,
0.120000,,
0.040000,,
0.080000,,
0.060000,,
0.080000,,
0.090000,,
0.070000,,
0.030000,,
0.040000,,
0.030000,,
0.020000,,
0.030000,,
0.030000,,
0.080000,,
0.020000,,
0.120000,,
0.080000,,
0.060000,,
0.080000,,
0.020000,,
0.050000,,
0.110000,,
0.050000,,
0.030000,,
0.050000,,
0.100000,,
0.050000,,
0.110000,,
0.130000,,
0.040000,,
0.110000,,
0.070000,,
0.010000,,
0.010000,,
0.100000,,
0.020000,,
0.020000,,
0.100000,,
0.060000,,
0.040000,,
0.260000,,
0.130000,,
0.060000,,
0.140000,,
0.080000,,
0.080000,,
0.170000,,
0.030000,,
0.010000,,
0.060000,,
0.410000,,
0.040000,,
0.100000,,
0.190000,,
0.050000,,
0.040000,,
0.080000,,
0.420000,,
0.020000,,
0.030000,,
0.070000,,
0.070000,,
0.200000,,
0.060000,,
0.030000,,
0.050000,,
0.060000,,
0.040000,,
0.120000,,
0.070000,,
0.070000,,
0.040000,,
0.009839,,
0.160000,,
0.040000,,
0.020000,,
0.020000,,
0.030000,,
0.020000,,
0.030000,,
0.050000,,
0.060000,,
0.070000,,
0.100000,,
0.030000,,
0.090000,,
0.060000,,
0.020000,,
0.140000,,
0.060000,,
0.040000,,
0.070000,,
0.160000,,
0.030000,,
0.090000,,
0.030000,,
0.110000,,
0.020000,,
0.030000,,
0.090000,,
0.020000,,
0.100000,,
0.040000,,
0.020000,,
0.010000,,
0.030000,,
0.020000,,
0.020000,,
0.020000,,
0.040000,,
0.030000,,
0.030000,,
0.090000,,
0.060000,,
0.080000,,
0.060000,,
0.040000,,
0.030000,,
0.140000,,
0.090000,,
0.020000,,
0.080000,,
0.050000,,
0.050000,,
0.050000,,
0.040000,,
0.050000,,
0.040000,,
0.030000,,
0.340000,,
0.040000,,
0.010000,,
0.100000,,
0.010000,,
0.050000,,
0.130000,,
0.040000,,
0.060000,,
0.070000,,
0.040000,,
0.100000,,
0.100000,,
0.250000,,
0.080000,,
0.030000,,
0.090000,,
0.060000,,
0.050000,,
0.050000,,
0.010000,,
0.370000,,
0.020000,,
0.030000,,
0.020000,,
0.020000,,
0.160000,,
0.020000,,
0.060000,,
0.040000,,
0.060000,,
0.110000,,
0.060000,,
0.060000,,
0.070000,,
0.030000,,
0.030000,,
0.060000,,
0.190000,,
0.070000,,
0.040000,,
0.020000,,
0.060000,,
0.250000,,
0.080000,,
0.030000,,
0.030000,,
0.040000,,
0.040000,,
0.100000,,
0.050000,,
0.070000,,
0.040000,,
0.060000,,
0.040000,,
0.190000,,
0.020000,,
0.030000,,
0.050000,,
0.070000,,
0.060000,,
0.030000,,
0.080000,,
0.030000,,
0.030000,,
0.050000,,
0.110000,,
0.020000,,
0.010000,,
0.040000,,
0.030000,,
0.040000,,
0.030000,,
0.050000,,
0.070000,,
0.020000,,
0.030000,,
0.060000,,
0.060000,,
0.040000,,
0.020000,,
0.080000,,
0.020000,,
0.030000,,
0.150000,,
0.050000,,
0.190000,,
0.210000,,
0.250000,,
0.060000,,
0.300000,,
0.160000,,
0.130000,,
0.020000,,
0.020000,,
0.060000,,
0.100000,,
0.080000,,
0.060000,,
0.030000,,
0.340000,,
0.040000,,
0.160000,,
0.110000,,
0.050000,,
0.020000,,
0.040000,,
0.060000,,
0.020000,,
0.090000,,
0.030000,,
0.020000,,
0.120000,,
0.060000,,
0.100000,,
0.020000,,
0.230000,,
0.260000,,
0.220000,,
0.410000,,
0.020000,,
0.110000,,
0.070000,,
0.030000,,
0.030000,,
0.010000,,
0.060000,,
0.020000,,
0.060000,,
0.040000,,
0.030000,,
0.050000,,
0.030000,,
0.080000,,
0.020000,,
0.190000,,
0.140000,,
0.180000,,
0.080000,,
0.050000,,
0.040000,,
0.100000,,
0.050000,,
0.050000,,
0.160000,,
0.060000,,
0.050000,,
0.350000,,
0.060000,,
0.110000,,
0.050000,,
0.080000,,
0.070000,,
0.020000,,
0.180000,,
0.070000,,
0.020000,,
0.070000,,
0.010000,,
0.270000,,
0.270000,,
0.430000,,
0.160000,,
0.050000,,
0.480000,,
0.070000,,
0.030000,,
0.040000,,
0.110000,,
0.090000,,
0.060000,,
0.030000,,
0.040000,,
0.050000,,
0.120000,,
0.030000,,
0.120000,,
0.009839,,
0.150000,,
0.290000,,
0.740000,,
0.110000,,
0.060000,,
0.110000,,
0.040000,,
0.070000,,
0.070000,,
0.040000,,
0.060000,,
0.100000,,
0.080000,,
0.030000,,
0.020000,,
0.050000,,
0.050000,,
0.060000,,
0.060000,,
0.040000,,
0.040000,,
0.090000,,
0.080000,,
0.080000,,
0.040000,,
0.050000,,
0.050000,,
0.050000,,
0.040000,,
0.200000,,
0.040000,,
0.040000,,
0.030000,,
0.030000,,
0.100000,,
0.060000,,
0.200000,,
0.070000,,
0.070000,,
0.140000,,
0.040000,,
0.020000,,
0.230000,,
0.340000,,
0.030000,,
0.020000,,
0.040000,,
0.100000,,
0.100000,,
0.060000,,
0.080000,,
0.050000,,
0.070000,,
0.090000,,
0.050000,,
0.040000,,
0.050000,,
0.080000,,
0.030000,,
0.050000,,
0.100000,,
0.030000,,
0.080000,,
0.230000,,
0.080000,,
0.020000,,
0.080000,,
0.090000,,
0.009839,,
0.070000,,
0.210000,,
0.040000,,
0.020000,,
0.080000,,
0.080000,,
0.040000,,
0.330000,,
0.070000,,
0.020000,,
0.070000,,
0.060000,,
0.290000,,
0.070000,,
0.060000,,
0.360000,,
0.040000,,
0.350000,,
0.110000,,
0.060000,,
0.180000,,
0.070000,,
0.030000,,
0.010000,,
0.060000,,
0.240000,,
0.050000,,
0.070000,,
0.080000,,
0.150000,,
0.040000,,
0.060000,,
0.120000,,
0.150000,,
0.080000,,
0.060000,,
0.050000,,
0.160000,,
0.040000,,
0.170000,,
0.060000,,
0.160000,,
0.080000,,
0.120000,,
0.020000,,
0.160000,,
0.030000,,
0.070000,,
0.050000,,
0.040000,,
0.210000,,
0.070000,,
0.100000,,
0.110000,,
0.470000,,
0.030000,,
0.020000,,
0.060000,,
0.120000,,
0.020000,,
0.020000,,
0.030000,,
0.040000,,
0.030000,,
0.040000,,
0.090000,,
0.200000,,
0.040000,,
0.140000,,
0.030000,,
0.090000,,
0.090000,,
0.110000,,
0.060000,,
0.100000,,
0.050000,,
0.050000,,
0.120000,,
0.040000,,
0.100000,,
0.060000,,
0.050000,,
0.040000,,
0.030000,,
0.040000,,
0.030000,,
0.020000,,
0.240000,,
0.400000,,
0.030000,,
0.070000,,
0.190000,,
0.020000,,
0.010000,,
0.130000,,
0.170000,,
0.030000,,
0.080000,,
0.090000,,
0.050000,,
0.340000,,
0.050000,,
0.070000,,
0.100000,,
0.040000,,
0.110000,,
0.100000,,
0.030000,,
0.020000,,
0.040000,,
0.110000,,
0.140000,,
0.740000,,
0.050000,,
0.100000,,
0.060000,,
0.040000,,
0.030000,,
0.030000,,
0.050000,,
0.040000,,
0.070000,,
0.030000,,
0.030000,,
0.010000,,
0.050000,,
0.100000,,
0.020000,,
0.130000,,
0.050000,,
0.060000,,
0.070000,,
0.040000,,
0.040000,,
0.070000,,
0.010000,,
0.080000,,
0.210000,,
0.080000,,
0.320000,,
0.670000,,
0.350000,,
0.020000,,
0.170000,,
0.140000,,
0.050000,,
0.080000,,
0.040000,,
0.050000,,
0.160000,,
0.160000,,
0.050000,,
0.150000,,
0.080000,,
0.110000,,
0.020000,,
0.060000,,
0.110000,,
0.100000,,
0.070000,,
0.470000,,
0.030000,,
0.240000,,
0.130000,,
0.080000,,
0.060000,,
0.020000,,
0.750000,,
0.390000,,
0.050000,,
0.110000,,
0.090000,,
0.060000,,
0.030000,,
0.060000,,
0.090000,,
0.070000,,
0.060000,,
0.070000,,
0.070000,,
0.150000,,
0.160000,,
0.030000,,
0.160000,,
0.080000,,
0.030000,,
0.040000,,
0.110000,,
0.050000,,
0.040000,,
0.070000,,
0.030000,,
0.070000,,
0.060000,,
0.020000,,
0.090000,,
0.160000,,
0.080000,,
0.070000,,
0.030000,,
0.020000,,
0.090000,,
0.020000,,
0.060000,,
0.060000,,
0.100000,,
0.050000,,
0.100000,,
0.030000,,
0.040000,,
0.200000,,
0.740000,,
0.100000,,
0.080000,,
0.090000,,
0.080000,,
0.150000,,
0.110000,,
0.180000,,
0.720000,,
0.210000,,
0.080000,,
0.090000,,
0.300000,,
0.100000,,
0.340000,,
0.180000,,
0.150000,,
0.220000,,
0.200000,,
0.820000,,
0.150000,,
0.480000,,
0.180000,,
0.120000,,
0.110000,,
0.110000,,
0.190000,,
0.130000,,
0.010000,,
0.010000,,
0.020000,,
0.160000,,
0.120000,,
0.080000,,
0.190000,,
0.100000,,
0.080000,,
0.060000,,
0.310000,,
0.160000,,
0.150000,,
0.870000,,
0.170000,,
0.160000,,
0.050000,,
0.020000,,
0.040000,,
1.120000,,
0.380000,,
0.120000,,
0.200000,,
0.390000,,
0.420000,,
0.720000,,
0.480000,,
0.030000,,
0.480000,,
0.310000,,
0.770000,,
0.410000,,
0.920000,,
0.490000,,
0.040000,,
0.090000,,
0.050000,,
0.190000,,
0.100000,,
0.120000,,
0.030000,,
0.080000,,
0.070000,,
0.040000,,
0.030000,,
0.030000,,
0.110000,,
0.480000,,
0.030000,,
0.020000,,
0.040000,,
0.100000,,
0.040000,,
0.040000,,
0.010000,,
0.020000,,
0.070000,,
0.020000,,
0.170000,,
0.080000,,
0.030000,,
0.160000,,
0.100000,,
0.100000,,
0.050000,,
0.030000,,
0.120000,,
0.540000,,
0.030000,,
0.090000,,
0.070000,,
0.090000,,
0.030000,,
0.030000,,
0.040000,,
0.190000,,
0.130000,,
0.020000,,
0.010000,,
0.030000,,
0.040000,,
0.010000,,
0.070000,,
0.150000,,
0.120000,,
0.040000,,
0.040000,,
0.110000,,
0.100000,,
0.640000,,
0.010000,,
0.050000,,
0.110000,,
0.150000,,
0.070000,,
0.020000,,
0.050000,,
0.040000,,
0.030000,,
0.070000,,
0.040000,,
0.130000,,
0.150000,,
0.080000,,
0.050000,,
0.400000,,
0.090000,,
0.020000,,
0.170000,,
0.120000,,
0.040000,,
0.090000,,
0.040000,,
0.120000,,
0.030000,,
0.160000,,
0.020000,,
0.060000,,
0.140000,,
0.030000,,
0.020000,,
0.050000,,
0.020000,,
0.030000,,
0.030000,,
0.070000,,
0.250000,,
0.020000,,
0.020000,,
0.030000,,
0.230000,,
0.120000,,
0.040000,,
0.100000,,
0.140000,,
0.060000,,
0.030000,,
0.140000,,
0.060000,,
0.180000,,
0.130000,,
0.050000,,
0.070000,,
0.060000,,
0.460000,,
0.220000,,
0.100000,,
0.080000,,
0.040000,,
0.090000,,
0.120000,,
0.040000,,
0.020000,,
0.030000,,
0.020000,,
0.070000,,
0.020000,,
0.040000,,
0.120000,,
0.070000,,
0.030000,,
0.060000,,
0.030000,,
0.430000,,
0.200000,,
0.170000,,
0.040000,,
0.060000,,
1.320000,,
0.120000,,
0.110000,,
0.020000,,
0.050000,,
0.010000,,
0.030000,,
0.140000,,
0.130000,,
0.120000,,
0.080000,,
0.220000,,
0.030000,,
0.050000,,
0.050000,,
0.300000,,
0.050000,,
0.100000,,
0.020000,,
0.120000,,
0.110000,,
0.170000,,
0.460000,,
0.200000,,
0.040000,,
0.130000,,
0.030000,,
0.020000,,
0.150000,,
0.150000,,
0.040000,,
0.120000,,
0.020000,,
0.009839,,
0.140000,,
0.100000,,
0.020000,,
0.020000,,
0.060000,,
0.050000,,
0.060000,,
0.240000,,
0.060000,,
0.100000,,
0.070000,,
0.100000,,
0.060000,,
2.050000,,
0.040000,,
0.030000,,
0.210000,,
0.030000,,
0.020000,,
0.080000,,
0.050000,,
0.050000,,
0.030000,,
0.110000,,
0.060000,,
0.060000,,
0.060000,,
0.060000,,
0.110000,,
0.040000,,
0.060000,,
0.280000,,
0.250000,,
0.490000,,
0.070000,,
0.080000,,
0.050000,,
0.010000,,
0.130000,,
0.050000,,
0.090000,,
0.150000,,
0.100000,,
0.020000,,
0.200000,,
0.040000,,
0.050000,,
0.100000,,
0.290000,,
0.320000,,
0.020000,,
0.010000,,
0.060000,,
0.080000,,
0.130000,,
0.020000,,
0.020000,,
0.070000,,
0.340000,,
0.110000,,
0.030000,,
0.030000,,
0.230000,,
0.050000,,
0.070000,,
0.020000,,
0.010000,,
0.220000,,
0.130000,,
0.070000,,
0.350000,,
0.040000,,
0.010000,,
0.380000,,
0.050000,,
0.050000,,
0.050000,,
0.040000,,
0.130000,,
0.130000,,
0.130000,,
0.150000,,
0.010000,,
0.050000,,
0.010000,,
0.280000,,
0.009839,,
0.050000,,
0.190000,,
0.040000,,
0.040000,,
0.010000,,
0.050000,,
0.120000,,
0.130000,,
0.040000,,
0.070000,,
0.030000,,
0.130000,,
0.420000,,
0.240000,,
0.060000,,
0.650000,,
0.330000,,
0.150000,,
0.600000,,
0.150000,,
0.210000,,
0.140000,,
0.130000,,
0.130000,,
0.020000,,
0.180000,,
0.760000,,
0.400000,,
0.020000,,
0.080000,,
0.310000,,
0.120000,,
0.150000,,
0.200000,,
0.090000,,
0.060000,,
0.440000,,
0.280000,,
0.220000,,
0.150000,,
0.270000,,
0.160000,,
0.190000,,
0.040000,,
0.020000,,
0.100000,,
0.080000,,
0.020000,,
0.030000,,
0.020000,,
0.010000,,
0.020000,,
0.360000,,
0.150000,,
0.170000,,
0.120000,,
0.030000,,
0.220000,,
0.020000,,
0.010000,,
0.070000,,
0.020000,,
0.020000,,
0.080000,,
0.060000,,
0.170000,,
0.220000,,
0.100000,,
0.200000,,
0.090000,,
0.460000,,
0.070000,,
0.040000,,
0.080000,,
2.800000,,
0.020000,,
0.030000,,
0.120000,,
0.030000,,
0.070000,,
0.200000,,
0.009839,,
0.060000,,
0.050000,,
0.020000,,
0.210000,,
0.200000,,
0.070000,,
0.090000,,
0.570000,,
0.007379,,
0.030000,,
0.040000,,
0.120000,,
0.290000,,
0.130000,,
0.060000,,
0.010000,,
0.050000,,
0.190000,,
0.160000,,
0.030000,,
0.190000,,
0.070000,,
0.030000,,
0.200000,,
0.490000,,
0.290000,,
0.040000,,
0.090000,,
0.160000,,
0.070000,,
0.060000,,
0.070000,,
0.010000,,
0.010000,,
0.060000,,
0.150000,,
0.020000,,
0.010000,,
0.030000,,
0.020000,,
0.170000,,
0.060000,,
0.020000,,
0.009839,,
0.040000,,
0.030000,,
0.040000,,
0.170000,,
0.130000,,
0.060000,,
0.010000,,
0.130000,,
0.100000,,
0.150000,,
0.330000,,
0.390000,,
0.020000,,
0.020000,,
0.040000,,
0.180000,,
0.040000,,
0.130000,,
0.030000,,
0.060000,,
0.020000,,
0.090000,,
0.190000,,
0.500000,,
0.150000,,
0.040000,,
0.040000,,
0.330000,,
0.009839,,
0.020000,,
0.340000,,
0.200000,,
0.060000,,
0.030000,,
0.240000,,
0.060000,,
0.050000,,
0.030000,,
0.320000,,
0.320000,,
0.240000,,
0.120000,,
0.130000,,
0.070000,,
0.040000,,
0.080000,,
0.020000,,
0.130000,,
0.840000,,
0.010000,,
0.010000,,
0.030000,,
0.040000,,
0.050000,,
0.040000,,
0.040000,,
0.060000,,
0.080000,,
0.120000,,
0.030000,,
0.160000,,
0.008609,,
0.760000,,
0.040000,,
0.150000,,
0.040000,,
0.030000,,
0.090000,,
0.040000,,
0.030000,,
0.050000,,
0.030000,,
0.100000,,
0.070000,,
0.030000,,
0.100000,,
0.340000,,
0.140000,,
0.250000,,
0.020000,,
0.170000,,
0.070000,,
0.280000,,
0.050000,,
0.030000,,
0.150000,,
0.120000,,
0.220000,,
0.080000,,
0.020000,,
0.007379,,
0.030000,,
0.010000,,
0.130000,,
0.008609,,
0.170000,,
0.110000,,
0.080000,,
0.040000,,
0.009839,,
0.020000,,
0.130000,,
0.050000,,
0.010000,,
0.010000,,
0.110000,,
0.630000,,
0.140000,,
0.010000,,
0.110000,,
0.060000,,
0.040000,,
1.050000,,
0.070000,,
0.009839,,
0.020000,,
0.480000,,
0.060000,,
0.020000,,
0.008609,,
0.370000,,
0.020000,,
0.070000,,
0.010000,,
0.040000,,
0.590000,,
0.040000,,
0.670000,,
0.060000,,
0.009839,,
0.240000,,
0.060000,,
0.020000,,
0.010000,,
0.020000,,
0.020000,,
0.030000,,
0.780000,,
0.020000,,
0.008609,,
0.410000,,
0.030000,,
0.020000,,
0.120000,,
0.230000,,
0.130000,,
0.100000,,
0.180000,,
0.070000,,
0.020000,,
0.030000,,
0.010000,,
0.040000,,
0.040000,,
0.030000,,
0.060000,,
0.010000,,
0.030000,,
0.009839,,
0.020000,,
0.440000,,
0.090000,,
0.710000,,
0.060000,,
0.810000,,
0.100000,,
0.030000,,
0.070000,,
0.030000,,
0.080000,,
0.220000,,
0.009839,,
0.010000,,
0.020000,,
0.050000,,
0.350000,,
0.010000,,
0.180000,,
0.170000,,
0.220000,,
0.020000,,
0.007379,,
0.030000,,
0.070000,,
0.020000,,
0.100000,,
0.080000,,
0.270000,,
0.280000,,
0.050000,,
0.009839,,
0.020000,,
0.030000,,
0.040000,,
0.040000,,
0.030000,,
0.110000,,
0.310000,,
0.010000,,
0.050000,,
0.008609,,
0.010000,,
0.120000,,
0.008609,,
0.280000,,
0.030000,,
0.030000,,
0.020000,,
0.020000,,
0.030000,,
0.130000,,
0.100000,,
0.020000,,
0.010000,,
0.030000,,
0.030000,,
0.110000,,
0.040000,,
0.060000,,
0.050000,,
0.080000,,
0.230000,,
0.020000,,
0.020000,,
0.040000,,
0.030000,,
1.090000,,
0.190000,,
0.280000,,
0.020000,,
0.030000,,
0.070000,,
0.040000,,
0.008609,,
0.020000,,
0.450000,,
0.030000,,
0.110000,,
0.040000,,
0.030000,,
0.030000,,
0.030000,,
0.040000,,
0.020000,,
0.120000,,
0.020000,,
0.010000,,
0.010000,,
0.020000,,
0.090000,,
0.030000,,
0.390000,,
0.009839,,
0.090000,,
0.040000,,
0.030000,,
0.050000,,
0.080000,,
0.010000,,
0.090000,,
0.009839,,
0.580000,,
0.070000,,
0.020000,,
0.020000,,
0.040000,,
0.070000,,
0.020000,,
0.010000,,
0.050000,,
0.030000,,
0.020000,,
0.160000,,
0.330000,,
0.020000,,
0.040000,,
0.090000,,
0.009839,,
0.020000,,
0.030000,,
0.060000,,
0.010000,,
0.020000,,
0.010000,,
0.010000,,
0.090000,,
0.020000,,
0.010000,,
0.030000,,
0.050000,,
0.030000,,
0.010000,,
0.200000,,
0.090000,,
0.080000,,
0.030000,,
0.030000,,
0.020000,,
0.010000,,
0.050000,,
0.160000,,
0.020000,,
0.560000,,
0.020000,,
0.020000,,
0.020000,,
0.030000,,
0.040000,,
0.030000,,
0.020000,,
0.280000,,
0.120000,,
0.060000,,
0.020000,,
0.020000,,
0.530000,,
0.020000,,
0.060000,,
0.010000,,
0.030000,,
0.030000,,
0.100000,,
0.200000,,
0.090000,,
0.720000,,
0.010000,,
0.040000,,
0.050000,,
0.020000,,
0.040000,,
0.020000,,
0.040000,,
0.090000,,
0.020000,,
0.020000,,
0.150000,,
0.009839,,
0.500000,,
0.040000,,
0.130000,,
0.040000,,
0.070000,,
0.050000,,
0.040000,,
0.020000,,
0.050000,,
0.040000,,
0.010000,,
0.060000,,
0.010000,,
0.070000,,
0.040000,,
0.250000,,
0.030000,,
0.080000,,
0.020000,,
0.030000,,
0.090000,,
0.050000,,
0.070000,,
0.010000,,
0.020000,,
0.020000,,
0.030000,,
0.290000,,
0.040000,,
0.140000,,
0.260000,,
0.490000,,
0.040000,,
0.150000,,
0.380000,,
0.040000,,
0.030000,,
0.060000,,
0.010000,,
0.009839,,
0.040000,,
0.010000,,
0.008609,,
0.090000,,
0.450000,,
0.700000,,
0.060000,,
0.040000,,
0.810000,,
0.100000,,
0.030000,,
0.070000,,
0.030000,,
0.080000,,
0.009839,,
0.220000,,
0.010000,,
0.020000,,
0.050000,,
0.350000,,
0.180000,,
0.170000,,
0.220000,,
0.020000,,
0.030000,,
0.070000,,
0.020000,,
0.090000,,
0.080000,,
0.270000,,
0.280000,,
0.060000,,
0.010000,,
0.020000,,
0.040000,,
0.030000,,
0.030000,,
0.040000,,
0.110000,,
0.310000,,
0.070000,,
0.060000,,
0.280000,,
0.030000,,
0.020000,,
0.020000,,
0.030000,,
0.100000,,
0.030000,,
0.020000,,
0.040000,,
0.040000,,
0.030000,,
0.050000,,
0.080000,,
0.040000,,
0.220000,,
0.030000,,
0.020000,,
0.040000,,
1.090000,,
0.280000,,
0.020000,,
0.120000,,
0.070000,,
0.040000,,
0.008609,,
0.020000,,
0.007379,,
0.450000,,
0.030000,,
0.110000,,
0.040000,,
0.010000,,
0.030000,,
0.040000,,
0.020000,,
0.020000,,
0.010000,,
0.090000,,
0.030000,,
0.390000,,
0.090000,,
0.030000,,
0.040000,,
0.050000,,
0.010000,,
0.020000,,
0.090000,,
0.100000,,
0.070000,,
0.530000,,
0.020000,,
0.020000,,
0.050000,,
0.070000,,
0.010000,,
0.050000,,
0.030000,,
0.020000,,
0.160000,,
0.330000,,
0.050000,,
0.020000,,
0.090000,,
0.010000,,
0.020000,,
0.030000,,
0.060000,,
0.020000,,
0.010000,,
0.010000,,
0.090000,,
0.020000,,
0.050000,,
0.020000,,
0.030000,,
0.020000,,
0.150000,,
0.100000,,
0.080000,,
0.030000,,
0.040000,,
0.010000,,
0.020000,,
0.010000,,
0.160000,,
0.020000,,
0.560000,,
0.020000,,
0.080000,,
0.030000,,
0.020000,,
0.030000,,
0.040000,,
0.030000,,
0.007379,,
0.280000,,
0.050000,,
0.060000,,
0.040000,,
0.020000,,
0.020000,,
0.530000,,
0.020000,,
0.030000,,
0.030000,,
0.100000,,
0.200000,,
0.009839,,
0.090000,,
1.370000,,
0.010000,,
0.020000,,
0.040000,,
0.050000,,
0.020000,,
0.040000,,
0.010000,,
0.070000,,
0.030000,,
0.150000,,
0.008609,,
0.020000,,
0.008609,,
0.060000,,
0.040000,,
0.010000,,
0.450000,,
0.010000,,
0.030000,,
0.130000,,
0.070000,,
0.040000,,
0.050000,,
0.040000,,
0.020000,,
0.050000,,
0.040000,,
0.060000,,
0.010000,,
0.350000,,
0.060000,,
0.008609,,
0.040000,,
0.010000,,
0.010000,,
0.030000,,
0.080000,,
0.030000,,
0.010000,,
0.050000,,
0.020000,,
0.080000,,
0.010000,,
0.009839,,
0.020000,,
0.010000,,
0.020000,,
0.430000,,
0.030000,,
0.020000,,
0.009839,,
0.070000,,
0.220000,,
0.310000,,
0.020000,,
0.080000,,
0.010000,,
0.010000,,
0.160000,,
0.080000,,
0.030000,,
0.930000,,
0.020000,,
0.050000,,
0.030000,,
0.020000,,
0.600000,,
0.010000,,
0.030000,,
0.050000,,
0.030000,,
0.030000,,
0.008609,,
0.030000,,
0.220000,,
0.680000,,
0.040000,,
0.030000,,
0.020000,,
0.060000,,
0.060000,,
0.350000,,
0.140000,,
0.060000,,
0.080000,,
0.090000,,
0.090000,,
0.300000,,
0.060000,,
0.030000,,
0.008609,,
0.230000,,
0.450000,,
0.120000,,
0.020000,,
0.380000,,
0.650000,,
0.120000,,
0.070000,,
0.060000,,
0.040000,,
0.420000,,
0.020000,,
0.050000,,
3.460000,,
0.330000,,
0.010000,,
0.010000,,
0.060000,,
0.150000,,
0.030000,,
0.009839,,
0.150000,,
0.130000,,
0.070000,,
0.010000,,
0.550000,,
0.010000,,
0.040000,,
0.070000,,
0.020000,,
0.100000,,
0.090000,,
0.180000,,
0.040000,,
0.050000,,
0.090000,,
0.190000,,
0.020000,,
0.110000,,
1.370000,,
0.050000,,
0.160000,,
0.040000,,
0.030000,,
0.020000,,
0.030000,,
0.050000,,
0.030000,,
0.030000,,
0.050000,,
0.040000,,
0.010000,,
0.210000,,
0.010000,,
0.060000,,
0.050000,,
0.060000,,
0.410000,,
0.180000,,
0.060000,,
0.210000,,
0.070000,,
0.130000,,
0.910000,,
0.030000,,
0.590000,,
0.020000,,
0.010000,,
0.020000,,
0.200000,,
0.390000,,
0.020000,,
0.020000,,
0.040000,,
0.330000,,
0.090000,,
0.050000,,
0.040000,,
0.070000,,
0.080000,,
0.060000,,
0.050000,,
0.008609,,
0.490000,,
0.040000,,
0.160000,,
0.008609,,
2.330000,,
0.040000,,
0.080000,,
0.380000,,
0.020000,,
0.020000,,
0.040000,,
0.080000,,
0.430000,,
0.050000,,
0.030000,,
0.040000,,
0.010000,,
0.030000,,
0.030000,,
0.009839,,
0.040000,,
0.050000,,
0.040000,,
0.009839,,
0.100000,,
0.040000,,
0.060000,,
0.030000,,
0.320000,,
0.020000,,
0.030000,,
0.030000,,
0.030000,,
0.190000,,
0.140000,,
0.160000,,
0.310000,,
0.090000,,
0.040000,,
0.570000,,
0.060000,,
0.240000,,
0.050000,,
0.030000,,
0.060000,,
0.090000,,
0.040000,,
0.020000,,
0.190000,,
0.030000,,
0.660000,,
0.020000,,
0.010000,,
0.070000,,
0.210000,,
0.020000,,
0.008609,,
0.008609,,
0.080000,,
0.310000,,
0.160000,,
0.040000,,
0.080000,,
0.020000,,
0.130000,,
0.080000,,
0.040000,,
0.030000,,
0.020000,,
0.430000,,
0.020000,,
0.030000,,
0.020000,,
0.020000,,
0.050000,,
0.040000,,
0.110000,,
0.030000,,
0.010000,,
0.210000,,
0.030000,,
0.670000,,
0.030000,,
0.180000,,
0.040000,,
0.030000,,
0.030000,,
0.010000,,
0.020000,,
0.050000,,
0.020000,,
0.020000,,
0.010000,,
0.030000,,
0.010000,,
0.140000,,
0.008609,,
0.050000,,
0.030000,,
0.050000,,
0.010000,,
0.040000,,
0.009839,,
0.070000,,
0.050000,,
0.009839,,
0.008609,,
0.090000,,
0.090000,,
0.010000,,
0.360000,,
0.030000,,
0.060000,,
0.060000,,
0.030000,,
0.010000,,
0.010000,,
0.020000,,
0.060000,,
0.260000,,
0.170000,,
0.050000,,
0.120000,,
0.020000,,
0.020000,,
0.020000,,
0.010000,,
0.080000,,
0.020000,,
0.030000,,
0.020000,,
0.030000,,
0.080000,,
0.040000,,
0.390000,,
0.020000,,
0.040000,,
0.020000,,
0.020000,,
0.008609,,
0.030000,,
0.020000,,
0.020000,,
0.020000,,
0.080000,,
0.050000,,
0.230000,,
0.030000,,
1.300000,,
0.050000,,
0.030000,,
0.010000,,
0.060000,,
0.020000,,
0.560000,,
0.030000,,
0.040000,,
0.090000,,
0.060000,,
0.080000,,
0.040000,,
0.030000,,
0.050000,,
0.020000,,
0.040000,,
0.040000,,
0.009839,,
0.040000,,
0.050000,,
0.020000,,
0.010000,,
0.010000,,
0.060000,,
0.060000,,
0.040000,,
0.020000,,
0.070000,,
0.020000,,
0.060000,,
0.020000,,
0.020000,,
0.050000,,
0.100000,,
0.070000,,
0.050000,,
0.400000,,
0.040000,,
0.020000,,
0.050000,,
0.040000,,
0.070000,,
0.070000,,
0.040000,,
0.020000,,
0.090000,,
0.020000,,
0.020000,,
0.040000,,
0.080000,,
0.060000,,
0.040000,,
0.030000,,
0.260000,,
0.010000,,
0.080000,,
0.040000,,
0.040000,,
4.690000,,
0.040000,,
0.030000,,
0.140000,,
0.250000,,
0.090000,,
0.080000,,
0.120000,,
0.120000,,
0.030000,,
0.030000,,
0.070000,,
0.009839,,
0.080000,,
0.020000,,
0.020000,,
0.060000,,
0.008609,,
0.150000,,
0.030000,,
0.030000,,
0.060000,,
0.110000,,
0.040000,,
0.030000,,
0.070000,,
0.070000,,
0.010000,,
0.030000,,
0.020000,,
0.060000,,
0.030000,,
0.610000,,
0.410000,,
0.020000,,
0.060000,,
0.020000,,
0.020000,,
0.320000,,
0.090000,,
0.160000,,
0.010000,,
0.260000,,
0.550000,,
0.020000,,
0.010000,,
0.150000,,
0.140000,,
0.070000,,
0.020000,,
0.020000,,
0.040000,,
0.010000,,
0.020000,,
0.008609,,
0.020000,,
0.120000,,
0.110000,,
0.170000,,
0.060000,,
0.040000,,
0.090000,,
0.080000,,
0.010000,,
0.130000,,
0.260000,,
0.010000,,
0.008609,,
0.090000,,
0.030000,,
0.020000,,
0.020000,,
0.010000,,
0.030000,,
0.060000,,
1.340000,,
0.060000,,
0.010000,,
0.020000,,
0.300000,,
0.070000,,
0.040000,,
0.020000,,
0.090000,,
0.170000,,
0.070000,,
0.009839,,
0.040000,,
0.030000,,
0.040000,,
0.020000,,
0.030000,,
0.020000,,
0.020000,,
0.070000,,
0.150000,,
0.030000,,
0.009839,,
0.020000,,
0.050000,,
0.030000,,
0.010000,,
0.010000,,
0.110000,,
0.030000,,
0.020000,,
0.020000,,
0.070000,,
0.070000,,
0.020000,,
0.040000,,
0.090000,,
0.180000,,
0.040000,,
0.160000,,
0.010000,,
0.010000,,
0.090000,,
0.050000,,
0.080000,,
0.020000,,
0.120000,,
0.030000,,
0.030000,,
0.009839,,
0.180000,,
0.040000,,
0.020000,,
0.030000,,
0.720000,,
0.070000,,
0.040000,,
0.020000,,
0.040000,,
0.120000,,
0.020000,,
0.080000,,
0.040000,,
0.120000,,
0.030000,,
0.030000,,
0.020000,,
0.030000,,
0.010000,,
0.030000,,
0.050000,,
0.050000,,
0.030000,,
0.030000,,
0.020000,,
0.020000,,
0.008609,,
0.020000,,
0.030000,,
0.030000,,
0.120000,,
0.030000,,
0.050000,,
0.010000,,
0.020000,,
0.060000,,
0.080000,,
0.040000,,
0.140000,,
0.250000,,
0.010000,,
0.050000,,
0.010000,,
0.060000,,
0.020000,,
0.050000,,
0.080000,,
0.040000,,
0.020000,,
0.020000,,
0.010000,,
0.050000,,
0.040000,,
0.030000,,
0.008609,,
0.090000,,
0.030000,,
0.370000,,
0.020000,,
0.060000,,
0.070000,,
0.020000,,
0.020000,,
0.010000,,
0.020000,,
0.010000,,
0.050000,,
0.070000,,
0.070000,,
0.780000,,
0.030000,,
0.070000,,
0.070000,,
0.050000,,
0.060000,,
0.050000,,
0.020000,,
0.050000,,
0.170000,,
0.110000,,
0.050000,,
0.460000,,
0.040000,,
0.030000,,
0.080000,,
0.030000,,
0.130000,,
0.009839,,
0.250000,,
0.020000,,
0.030000,,
0.010000,,
0.890000,,
0.090000,,
0.100000,,
0.070000,,
0.040000,,
0.020000,,
0.040000,,
0.060000,,
0.010000,,
0.010000,,
0.050000,,
0.030000,,
0.040000,,
0.060000,,
0.040000,,
0.030000,,
0.040000,,
0.030000,,
0.030000,,
0.020000,,
0.060000,,
0.070000,,
0.030000,,
0.080000,,
0.070000,,
0.020000,,
0.110000,,
0.070000,,
0.100000,,
0.110000,,
0.020000,,
0.100000,,
0.030000,,
0.080000,,
0.010000,,
0.010000,,
0.050000,,
0.060000,,
0.030000,,
0.030000,,
0.010000,,
4.310000,,
0.110000,,
0.060000,,
0.170000,,
0.080000,,
0.160000,,
0.010000,,
0.220000,,
0.040000,,
0.050000,,
0.080000,,
0.009839,,
0.040000,,
0.160000,,
0.040000,,
0.220000,,
0.140000,,
0.090000,,
0.060000,,
0.220000,,
0.010000,,
0.350000,,
0.520000,,
0.050000,,
0.009839,,
0.020000,,
0.550000,,
0.080000,,
0.030000,,
0.050000,,
0.300000,,
0.360000,,
0.070000,,
0.040000,,
0.030000,,
0.080000,,
0.060000,,
0.040000,,
0.070000,,
0.030000,,
0.020000,,
0.240000,,
0.360000,,
0.140000,,
0.020000,,
0.090000,,
0.170000,,
0.180000,,
0.050000,,
0.030000,,
0.490000,,
0.030000,,
0.040000,,
0.010000,,
0.020000,,
0.010000,,
0.030000,,
0.060000,,
0.200000,,
0.020000,,
0.040000,,
0.050000,,
0.040000,,
0.020000,,
0.030000,,
0.010000,,
0.120000,,
0.100000,,
0.080000,,
0.050000,,
0.030000,,
0.110000,,
0.140000,,
0.020000,,
0.070000,,
0.120000,,
0.010000,,
0.040000,,
0.030000,,
0.050000,,
0.009839,,
0.030000,,
0.030000,,
0.040000,,
0.760000,,
0.040000,,
0.008609,,
0.020000,,
0.020000,,
0.150000,,
0.020000,,
0.420000,,
0.050000,,
0.040000,,
0.020000,,
0.070000,,
0.110000,,
0.070000,,
0.020000,,
0.030000,,
0.140000,,
0.040000,,
0.110000,,
0.060000,,
0.070000,,
0.080000,,
0.080000,,
0.120000,,
0.070000,,
0.010000,,
0.060000,,
0.020000,,
0.020000,,
0.140000,,
0.030000,,
0.120000,,
0.320000,,
0.040000,,
0.120000,,
0.080000,,
0.050000,,
0.230000,,
0.220000,,
0.070000,,
0.050000,,
0.180000,,
0.040000,,
0.060000,,
0.050000,,
0.720000,,
0.010000,,
0.120000,,
0.030000,,
0.030000,,
0.190000,,
0.020000,,
0.380000,,
0.750000,,
0.040000,,
0.090000,,
0.030000,,
0.200000,,
0.030000,,
0.120000,,
0.110000,,
0.070000,,
0.050000,,
0.060000,,
0.020000,,
0.040000,,
0.040000,,
0.020000,,
0.260000,,
0.060000,,
0.070000,,
0.120000,,
0.009839,,
0.080000,,
0.060000,,
0.060000,,
0.070000,,
0.150000,,
0.130000,,
0.130000,,
0.060000,,
0.010000,,
0.060000,,
0.040000,,
0.070000,,
0.040000,,
0.060000,,
0.150000,,
0.030000,,
0.040000,,
0.070000,,
0.080000,,
0.020000,,
0.390000,,
0.010000,,
0.030000,,
0.007984,,
0.090000,,
0.010000,,
0.020000,,
0.060000,,
0.030000,,
0.009261,,
0.300000,,
0.030000,,
0.007345,,
0.090000,,
0.010000,,
0.020000,,
0.040000,,
0.007984,,
0.030000,,
0.010000,,
0.020000,,
0.009581,,
0.050000,,
0.300000,,
0.010000,,
0.010000,,
0.010000,,
0.020000,,
0.020000,,
0.040000,,
0.020000,,
0.350000,,
0.060000,,
0.008942,,
0.020000,,
0.080000,,
0.030000,,
0.010000,,
0.008942,,
0.030000,,
0.040000,,
0.010000,,
0.130000,,
0.500000,,
0.050000,,
0.040000,,
0.010000,,
0.070000,,
0.030000,,
0.060000,,
1.510000,,
0.070000,,
0.020000,,
0.040000,,
1.140000,,
0.030000,,
0.130000,,
0.110000,,
0.030000,,
0.110000,,
0.150000,,
3.730000,,
0.070000,,
0.060000,,
0.210000,,
0.030000,,
0.110000,,
0.050000,,
0.340000,,
0.140000,,
0.090000,,
0.080000,,
0.130000,,
2.230000,,
0.070000,,
0.080000,,
0.030000,,
0.070000,,
0.020000,,
0.040000,,
0.200000,,
0.040000,,
0.040000,,
0.160000,,
0.100000,,
0.130000,,
0.440000,,
0.160000,,
0.170000,,
0.040000,,
0.150000,,
0.010000,,
0.040000,,
0.100000,,
0.180000,,
0.100000,,
0.080000,,
0.050000,,
0.380000,,
0.210000,,
0.020000,,
0.100000,,
0.260000,,
0.090000,,
0.150000,,
0.060000,,
0.450000,,
0.050000,,
0.030000,,
0.850000,,
0.060000,,
0.220000,,
0.010000,,
0.060000,,
0.090000,,
0.110000,,
0.070000,,
0.130000,,
0.070000,,
0.050000,,
0.030000,,
0.250000,,
0.140000,,
0.050000,,
0.140000,,
0.150000,,
2.590000,,
0.100000,,
0.160000,,
0.050000,,
0.340000,,
0.070000,,
0.050000,,
0.110000,,
0.310000,,
0.020000,,
0.040000,,
0.040000,,
0.450000,,
0.040000,,
0.030000,,
0.010000,,
0.060000,,
0.030000,,
0.100000,,
0.030000,,
0.220000,,
0.130000,,
0.050000,,
0.010000,,
0.170000,,
3.450000,,
0.160000,,
0.300000,,
0.007379,,
0.100000,,
0.250000,,
0.440000,,
0.040000,,
0.020000,,
0.050000,,
0.030000,,
0.030000,,
0.250000,,
0.060000,,
0.090000,,
0.430000,,
0.070000,,
0.070000,,
0.350000,,
0.030000,,
0.110000,,
0.270000,,
2.510000,,
0.010000,,
0.210000,,
0.020000,,
0.070000,,
0.100000,,
0.190000,,
0.030000,,
0.330000,,
0.560000,,
0.240000,,
0.130000,,
0.040000,,
0.130000,,
0.060000,,
0.140000,,
0.009839,,
0.070000,,
0.030000,,
0.280000,,
0.050000,,
0.120000,,
0.590000,,
0.070000,,
0.740000,,
0.650000,,
0.030000,,
0.140000,,
0.070000,,
0.470000,,
0.320000,,
0.030000,,
1.320000,,
0.170000,,
0.170000,,
0.180000,,
0.060000,,
0.080000,,
0.240000,,
0.170000,,
0.140000,,
0.220000,,
0.120000,,
0.030000,,
0.070000,,
0.180000,,
0.820000,,
0.190000,,
0.050000,,
0.040000,,
0.160000,,
0.130000,,
0.100000,,
0.070000,,
0.150000,,
0.130000,,
0.080000,,
0.020000,,
0.040000,,
0.010000,,
0.160000,,
0.040000,,
0.200000,,
0.130000,,
0.030000,,
0.170000,,
0.030000,,
0.140000,,
0.190000,,
0.030000,,
0.130000,,
0.210000,,
0.020000,,
0.050000,,
0.050000,,
0.090000,,
0.060000,,
0.050000,,
0.050000,,
0.030000,,
0.060000,,
0.040000,,
0.060000,,
0.050000,,
0.060000,,
0.020000,,
0.070000,,
0.010000,,
0.008303,,
0.060000,,
0.110000,,
0.320000,,
0.008303,,
0.010000,,
0.030000,,
0.300000,,
0.030000,,
0.030000,,
0.020000,,
0.080000,,
0.040000,,
0.100000,,
0.010000,,
0.030000,,
0.008303,,
0.030000,,
0.030000,,
0.370000,,
0.020000,,
0.060000,,
0.080000,,
0.050000,,
0.010000,,
0.050000,,
0.007665,,
0.040000,,
0.030000,,
0.040000,,
0.020000,,
0.030000,,
0.220000,,
0.009581,,
0.060000,,
0.050000,,
0.030000,,
0.070000,,
0.007984,,
0.050000,,
0.010000,,
0.090000,,
0.040000,,
0.020000,,
0.180000,,
0.030000,,
0.020000,,
0.040000,,
0.007665,,
0.090000,,
0.010000,,
0.020000,,
0.140000,,
0.020000,,
0.080000,,
0.050000,,
0.008942,,
0.050000,,
0.020000,,
0.130000,,
0.010000,,
0.060000,,
0.040000,,
0.060000,,
0.010000,,
0.020000,,
0.020000,,
0.030000,,
0.008942,,
0.020000,,
0.010000,,
0.010000,,
0.020000,,
0.070000,,
0.009900,,
0.010000,,
0.020000,,
0.020000,,
0.020000,,
0.020000,,
0.020000,,
0.300000,,
0.010000,,
0.070000,,
0.110000,,
0.010000,,
0.030000,,
0.190000,,
0.120000,,
0.009261,,
0.080000,,
0.040000,,
0.020000,,
0.030000,,
0.020000,,
0.080000,,
0.140000,,
0.009581,,
0.009581,,
0.060000,,
0.110000,,
0.010000,,
0.020000,,
0.020000,,
0.010000,,
0.180000,,
0.070000,,
0.130000,,
0.010000,,
0.120000,,
0.030000,,
0.020000,,
0.050000,,
0.100000,,
0.030000,,
0.008942,,
0.010000,,
0.140000,,
0.050000,,
0.030000,,
0.010000,,
0.030000,,
0.020000,,
0.060000,,
0.008623,,
0.030000,,
0.160000,,
0.030000,,
0.008942,,
0.009261,,
0.150000,,
0.040000,,
0.007984,,
0.030000,,
0.020000,,
0.070000,,
0.020000,,
0.050000,,
0.400000,,
0.020000,,
0.010000,,
0.020000,,
0.050000,,
0.060000,,
0.040000,,
0.030000,,
0.010000,,
0.010000,,
0.020000,,
0.080000,,
0.090000,,
0.020000,,
0.020000,,
0.040000,,
0.030000,,
0.009261,,
0.160000,,
0.010000,,
0.080000,,
0.020000,,
0.030000,,
0.020000,,
0.009261,,
0.140000,,
0.120000,,
0.010000,,
0.009581,,
0.010000,,
0.020000,,
0.060000,,
0.230000,,
0.160000,,
0.300000,,
0.100000,,
0.020000,,
0.040000,,
0.020000,,
0.190000,,
0.020000,,
0.040000,,
0.040000,,
0.130000,,
0.020000,,
0.020000,,
0.030000,,
0.060000,,
0.050000,,
0.020000,,
0.010000,,
0.040000,,
0.030000,,
0.020000,,
0.040000,,
0.030000,,
0.010000,,
0.050000,,
0.110000,,
0.020000,,
0.008942,,
0.020000,,
0.020000,,
0.010000,,
0.010000,,
0.050000,,
0.010000,,
0.010000,,
0.010000,,
0.110000,,
0.020000,,
0.030000,,
0.030000,,
0.210000,,
0.050000,,
0.740000,,
0.030000,,
0.010000,,
0.030000,,
0.010000,,
0.010000,,
0.150000,,
0.040000,,
0.008303,,
0.070000,,
0.140000,,
0.030000,,
0.060000,,
0.010000,,
0.007665,,
0.010000,,
0.020000,,
0.040000,,
0.130000,,
0.040000,,
0.020000,,
0.010000,,
0.020000,,
0.009900,,
0.180000,,
0.070000,,
0.030000,,
0.030000,,
0.030000,,
0.060000,,
0.050000,,
0.020000,,
0.009581,,
0.060000,,
0.180000,,
0.180000,,
0.020000,,
0.030000,,
0.040000,,
0.010000,,
0.040000,,
0.130000,,
0.080000,,
0.590000,,
0.030000,,
0.020000,,
0.009261,,
0.070000,,
0.150000,,