X value [cm⁻¹],IR Spectrum 13/OPTIR (mV) [],IR Spectrum 9/OPTIR (mV) [],IR Spectrum 8/OPTIR (mV) [],IR Spectrum 7/OPTIR (mV) [],IR Spectrum 5/OPTIR (mV) [],IR Spectrum 4/OPTIR (mV) [],IR Spectrum 3/OPTIR (mV) [],IR Spectrum 2/OPTIR (mV) [],IR Spectrum 1/OPTIR (mV) []
940,3056.32202148438,115.504379272461,243.674682617188,-72.1103668212891,793.248718261719,-25.0250549316406,45.3832855224609,233.798034667969,3427.71850585938
942,3144.81567382813,-204.888916015625,349.395416259766,-5.01447057723999,749.385864257813,36.3722648620605,547.857360839844,692.301635742188,4022.06127929688
944,3501.68310546875,-61.8285675048828,329.679290771484,81.0875015258789,676.351257324219,482.114501953125,81.9671401977539,842.445983886719,4286.9775390625
946,3621.55908203125,-131.553771972656,221.616424560547,-76.5986251831055,808.487487792969,330.606567382813,-10.190299987793,1396.85595703125,4139.97021484375
948,3538.421875,243.267318725586,550.709655761719,61.3333778381348,779.711486816406,391.276977539063,272.703491210938,1332.89916992188,3860.64282226563
950,3439.4931640625,216.264114379883,366.298522949219,52.9870300292969,766.897705078125,444.736297607422,99.2229309082031,1146.2255859375,3843.87915039063
952,3284.171875,87.9047012329102,286.413970947266,-47.8464469909668,753.332885742188,265.743286132813,335.735748291016,1094.87731933594,3896.76342773438
954,3281.40893554688,-18.3390064239502,450.2138671875,7.17800998687744,708.578002929688,176.303405761719,478.301727294922,1038.66088867188,3774.92749023438
956,3393.8447265625,118.574974060059,426.091552734375,47.7887954711914,848.226623535156,303.382873535156,375.921813964844,1056.7412109375,3578.88208007813
958,3262.55151367188,122.46630859375,331.691009521484,-15.3596687316895,870.582946777344,429.313873291016,470.843688964844,1161.5859375,3480.83374023438
960,3300.94018554688,162.281478881836,456.278442382813,-27.2405300140381,900.276245117188,458.059906005859,530.197509765625,1215.79162597656,3593.73486328125
962,3305.88427734375,153.670013427734,480.817687988281,64.6920852661133,869.60009765625,544.323303222656,653.213195800781,1239.6953125,3484.16796875
964,3143.72290039063,201.388977050781,487.622131347656,79.75048828125,1027.79931640625,461.475250244141,554.469055175781,1267.92822265625,3138.90747070313
966,3114.36547851563,139.116943359375,442.905120849609,-4.56877708435059,1072.34887695313,428.495880126953,434.136688232422,1319.88842773438,3227.126953125
968,3098.45190429688,46.4111137390137,598.544555664063,-22.0207939147949,1090.31982421875,477.56884765625,517.319213867188,1443.7548828125,3315.22485351563
970,3083.25073242188,119.733032226563,706.053588867188,-50.3205909729004,1152.49841308594,528.543334960938,668.72119140625,1473.63061523438,3336.01904296875
972,3029.78833007813,142.88899230957,777.768432617188,-15.4948587417603,1235.65344238281,503.026580810547,650.203430175781,1396.70788574219,3308.13256835938
974,2939.79931640625,120.430099487305,713.716796875,46.2325820922852,1225.24377441406,563.306091308594,593.727905273438,1290.52563476563,3345.70825195313
976,2907.38232421875,127.589988708496,695.087524414063,13.1153593063354,1231.76379394531,634.706237792969,605.067565917969,1294.7822265625,3198.0029296875
978,2812.08862304688,82.589729309082,871.115173339844,15.7684383392334,1237.17761230469,625.092834472656,674.328674316406,1329.30834960938,3093.16552734375
980,2796.5498046875,126.418922424316,990.746704101563,57.3805694580078,1304.33984375,718.180786132813,715.85791015625,1296.15478515625,3087.54833984375
982,2710.92456054688,151.811065673828,1032.21276855469,100.872459411621,1404.28955078125,783.681823730469,815.659118652344,1272.66979980469,2943.67700195313
984,2697.05395507813,115.104095458984,1051.99926757813,63.051155090332,1394.72082519531,815.82861328125,882.660522460938,1247.51696777344,2762.0810546875
986,2670.12841796875,130.819244384766,1067.43359375,53.9526290893555,1383.01452636719,853.663818359375,940.000366210938,1226.50659179688,2632.10083007813
988,2609.32666015625,148.783325195313,1080.35900878906,81.1115341186523,1439.42797851563,910.149230957031,907.748596191406,1313.69421386719,2549.26196289063
990,2592.748046875,157.478210449219,1077.97314453125,116.737319946289,1453.80432128906,905.794128417969,911.120666503906,1382.64343261719,2441.86352539063
992,2548.16259765625,220.33659362793,1104.87561035156,83.2388610839844,1498.46252441406,928.293640136719,963.14794921875,1385.03552246094,2347.37133789063
994,2490.10229492188,313.303955078125,1114.06188964844,33.2920227050781,1577.3876953125,970.85205078125,990.573364257813,1407.61059570313,2307.65014648438
996,2461.90991210938,322.784698486328,1030.34948730469,49.5880279541016,1638.46154785156,1057.04064941406,1030.55126953125,1478.66882324219,2261.12255859375
998,2432.7890625,389.609069824219,982.907592773438,36.9368858337402,1678.66613769531,1181.49536132813,1099.55078125,1515.89831542969,2232.43041992188
1000,2439.50659179688,435.340637207031,946.330810546875,23.4034557342529,1734.05920410156,1219.84301757813,1150.07250976563,1579.185546875,2309.7060546875
1002,2413.41259765625,522.285461425781,943.831787109375,27.8014621734619,1795.86413574219,1292.50061035156,1191.44848632813,1636.09680175781,2363.33935546875
1004,2359.646484375,593.258850097656,931.747924804688,29.9238815307617,1823.23132324219,1354.30554199219,1227.02880859375,1678.62915039063,2325.6220703125
1006,2306.55688476563,620.940856933594,882.134216308594,37.8039741516113,1832.04150390625,1389.81677246094,1238.09851074219,1718.76489257813,2312.52978515625
1008,2265.59399414063,630.634582519531,899.642578125,12.5274038314819,1850.94018554688,1429.193359375,1238.56823730469,1823.90478515625,2266.0615234375
1010,2241.82080078125,689.106201171875,902.068115234375,14.6861114501953,1901.23852539063,1511.63525390625,1262.2353515625,1902.1494140625,2251.53588867188
1012,2189.900390625,759.121459960938,972.360229492188,25.2349624633789,1996.33752441406,1578.37097167969,1318.93432617188,2010.46154785156,2281.71435546875
1014,2124.12744140625,831.388488769531,989.525634765625,46.481315612793,2063.39306640625,1639.36889648438,1405.11437988281,2117.13891601563,2296.54614257813
1016,2048.26147460938,880.55908203125,980.847229003906,78.2705841064453,2097.99389648438,1705.70886230469,1456.51696777344,2248.12158203125,2351.06469726563
1018,1962.92700195313,927.295104980469,1041.77746582031,79.9949264526367,2157.11962890625,1734.951171875,1489.47790527344,2381.32958984375,2373.24438476563
1020,1904.40100097656,945.535705566406,1059.01611328125,75.0014572143555,2195.09985351563,1777.52563476563,1499.29650878906,2461.02783203125,2375.0625
1022,1860.46899414063,965.838256835938,1090.85522460938,90.7670593261719,2249.73095703125,1823.23913574219,1499.61865234375,2532.95581054688,2364.13256835938
1024,1811.87878417969,1009.33325195313,1062.13037109375,84.0075225830078,2319.64086914063,1824.1396484375,1535.63391113281,2552.68676757813,2335.77783203125
1026,1740.22119140625,1047.30981445313,1120.76599121094,93.815315246582,2399.04321289063,1887.97131347656,1536.19555664063,2564.34375,2313.57690429688
1028,1679.91577148438,1091.20837402344,1124.61596679688,88.4678497314453,2424.46704101563,1878.94860839844,1563.02624511719,2604.03076171875,2295.0419921875
1030,1638.53405761719,1167.49926757813,1105.13916015625,86.7872314453125,2470.04833984375,1865.76794433594,1630.90808105469,2601.27368164063,2228.015625
1032,1584.04089355469,1248.94555664063,1097.94653320313,90.9155578613281,2513.69653320313,1834.46130371094,1653.48193359375,2590.36010742188,2235.12768554688
1034,1519.24328613281,1255.97717285156,1152.68054199219,93.9394073486328,2562.7275390625,1813.87329101563,1630.44189453125,2609.09985351563,2155.85766601563
1036,1485.89111328125,1262.62487792969,1232.89916992188,112.218841552734,2630.341796875,1778.49560546875,1625.19104003906,2616.74047851563,2082.92553710938
1038,1444.50427246094,1337.22619628906,1243.75988769531,91.9613418579102,2675.5576171875,1724.87036132813,1600.55334472656,2647.22802734375,1999.15100097656
1040,1402.30847167969,1350.11364746094,1220.88452148438,71.0863037109375,2664.74682617188,1680.92321777344,1619.9765625,2657.3056640625,2007.58850097656
1042,1391.92993164063,1330.958984375,1237.47717285156,104.96501159668,2649.01611328125,1598.5302734375,1569.82238769531,2670.61450195313,1954.59313964844
1044,1329.18688964844,1368.43103027344,1221.78173828125,104.110740661621,2577.58154296875,1495.21203613281,1523.20568847656,2623.89111328125,1921.64208984375
1046,1308.94812011719,1412.7392578125,1226.36877441406,96.2605209350586,2516.71533203125,1377.40380859375,1456.35693359375,2562.52099609375,1921.26293945313
1048,1311.45471191406,1479.90258789063,1198.22668457031,79.1096801757813,2491.90747070313,1292.27380371094,1399.94079589844,2559.53125,1836.7470703125
1050,1262.69873046875,1491.83190917969,1157.41271972656,70.6019897460938,2441.37182617188,1225.52258300781,1331.12133789063,2533.95043945313,1721.20703125
1052,1228.47375488281,1465.88342285156,1145.18627929688,67.1280670166016,2384.66650390625,1152.37829589844,1287.34765625,2499.736328125,1696.71337890625
1054,1187.89135742188,1441.7880859375,1125.63244628906,89.6191711425781,2375.00390625,1093.4091796875,1251.96411132813,2424.9423828125,1721.73950195313
1056,1169.40283203125,1425.61962890625,1099.61706542969,94.1897659301758,2375.46997070313,1041.40881347656,1202.68798828125,2342.64697265625,1687.20520019531
1058,1152.10852050781,1470.55688476563,1074.33239746094,64.3198089599609,2442.9833984375,981.569274902344,1133.24377441406,2283.50854492188,1641.24731445313
1060,1138.89782714844,1498.35046386719,1069.81469726563,57.2966918945313,2502.62573242188,950.530212402344,1061.03381347656,2225.48120117188,1531.83764648438
1062,1098.97229003906,1496.20288085938,1054.91162109375,84.393440246582,2565.87670898438,888.916320800781,1053.21655273438,2152.53833007813,1440.54614257813
1064,1065.13854980469,1513.29321289063,1072.17163085938,86.8377685546875,2640.77807617188,899.037048339844,1020.54461669922,2126.841796875,1369.80627441406
1066,1012.92364501953,1510.30554199219,1089.04455566406,78.6600723266602,2739.7841796875,916.416870117188,995.398559570313,2113.81372070313,1243.775390625
1068,982.06396484375,1459.18762207031,1080.91186523438,83.1227645874023,2804.1552734375,910.149108886719,1000.75311279297,2075.6689453125,1177.83056640625
1070,974.548095703125,1428.36193847656,1066.86901855469,70.2353210449219,2803.35498046875,895.815490722656,952.098083496094,2088.13989257813,1093.09875488281
1072,945.916687011719,1363.52624511719,1044.78295898438,67.9910736083984,2702.83544921875,905.337158203125,964.952697753906,2053.97412109375,972.892333984375
1074,899.245483398438,1336.25085449219,970.038146972656,79.3169479370117,2564.798828125,876.361083984375,936.076477050781,2025.88061523438,891.789001464844
1076,871.523071289063,1332.48059082031,942.583984375,67.6750640869141,2388.6708984375,845.639404296875,916.017639160156,2036.34753417969,884.632995605469
1078,863.992614746094,1316.06237792969,895.521484375,40.0213241577148,2175.95092773438,812.584838867188,867.987915039063,2013.82434082031,841.62890625
1080,855.057678222656,1272.0478515625,813.535583496094,48.5398330688477,1995.10437011719,810.223510742188,809.053894042969,1992.09777832031,768.594116210938
1082,841.94140625,1244.54406738281,774.009460449219,53.7091217041016,1819.93115234375,793.226745605469,793.903747558594,1929.37170410156,724.524169921875
1084,816.9140625,1236.17468261719,713.344604492188,42.3707809448242,1697.23583984375,785.357666015625,774.397094726563,1891.71911621094,691.007751464844
1086,826.776794433594,1235.30798339844,703.468139648438,15.6312923431396,1609.13696289063,795.274780273438,732.265625,1876.86877441406,643.540649414063
1088,815.4169921875,1204.56274414063,678.306579589844,23.3486595153809,1523.85461425781,738.438354492188,702.180419921875,1825.25817871094,596.016174316406
1090,807.124938964844,1183.71325683594,658.04345703125,39.2980499267578,1419.22448730469,694.115844726563,700.13232421875,1769.0322265625,539.578491210938
1092,806.136901855469,1191.51818847656,660.573547363281,32.6171798706055,1345.44677734375,644.378662109375,724.279724121094,1745.23779296875,543.311462402344
1094,812.65966796875,1155.85913085938,621.212768554688,34.3086585998535,1302.1259765625,622.685485839844,694.588745117188,1722.55334472656,501.861694335938
1096,808.017333984375,1127.98950195313,619.758117675781,35.0678520202637,1266.06811523438,611.8271484375,681.524169921875,1720.66357421875,449.483947753906
1098,813.54736328125,1101.09631347656,644.228393554688,26.1584396362305,1189.83215332031,592.008239746094,654.230895996094,1691.96325683594,454.633087158203
1100,802.9365234375,1065.1787109375,586.601318359375,26.8050327301025,1137.82727050781,584.371887207031,622.599182128906,1672.37451171875,412.365447998047
1102,822.614501953125,1046.64660644531,544.922912597656,18.4529571533203,1102.841796875,565.937438964844,636.925659179688,1672.81457519531,409.199920654297
1104,833.731872558594,1039.93872070313,559.250854492188,23.015941619873,1067.32934570313,535.182006835938,650.033264160156,1686.95422363281,429.967987060547
1106,817.506958007813,1039.77258300781,589.174133300781,33.6681747436523,1066.43872070313,514.896606445313,645.971923828125,1679.62451171875,435.963134765625
1108,824.964294433594,1034.99584960938,570.688781738281,40.8946647644043,1059.47424316406,524.287658691406,640.173706054688,1668.3798828125,403.812622070313
1110,845.4296875,1021.14428710938,552.365783691406,52.3410224914551,1022.46166992188,516.808227539063,649.298522949219,1640.63256835938,400.542816162109
1112,833.8701171875,1008.79895019531,543.680236816406,71.3150634765625,996.98876953125,503.067535400391,644.439025878906,1624.66943359375,410.456237792969
1114,821.153503417969,991.223876953125,519.324096679688,88.4123687744141,996.382446289063,491.345001220703,620.653076171875,1585.861328125,411.639190673828
1116,828.894897460938,939.174011230469,518.724914550781,89.9805374145508,980.035095214844,446.227600097656,598.808471679688,1544.60339355469,418.512908935547
1118,853.096252441406,922.005249023438,510.785247802734,92.6305160522461,971.280395507813,393.079559326172,586.168762207031,1548.38842773438,403.628692626953
1120,867.332702636719,905.072509765625,471.002288818359,88.0620727539063,959.587585449219,391.914947509766,592.644714355469,1523.10144042969,373.804412841797
1122,881.204833984375,918.372131347656,481.568359375,94.1360549926758,901.743103027344,407.020812988281,624.762573242188,1497.67846679688,345.035034179688
1124,887.636962890625,887.825927734375,516.442260742188,92.0084075927734,857.567077636719,388.789459228516,631.867492675781,1470.61059570313,317.337097167969
1126,894.662170410156,832.939392089844,533.650390625,98.935791015625,858.076843261719,358.442443847656,635.853698730469,1462.287109375,356.821838378906
1128,901.727783203125,781.252319335938,519.688537597656,81.6922988891602,869.98681640625,353.306793212891,653.627563476563,1464.54675292969,404.243804931641
1130,909.423278808594,713.988464355469,500.933197021484,48.2532806396484,870.135192871094,385.526947021484,656.440368652344,1479.31616210938,446.052978515625
1132,896.191711425781,652.190002441406,495.919952392578,40.5495758056641,807.140686035156,382.674194335938,653.494567871094,1490.35803222656,456.370849609375
1134,901.013000488281,604.639038085938,505.886413574219,19.9367275238037,764.543334960938,385.057098388672,645.479125976563,1489.1611328125,434.8603515625
1136,911.238586425781,579.704650878906,493.4951171875,37.623477935791,753.745056152344,356.22998046875,635.594177246094,1459.17297363281,429.096282958984
1138,910.373718261719,533.246643066406,445.870697021484,31.3288459777832,724.432861328125,327.46533203125,579.756225585938,1430.61767578125,468.954071044922
1140,916.411865234375,520.726379394531,459.474945068359,31.4657669067383,710.492553710938,309.074371337891,561.369140625,1447.31909179688,463.116943359375
1142,921.941040039063,471.131317138672,473.587707519531,50.927375793457,676.841369628906,301.719787597656,610.451599121094,1452.36218261719,482.880432128906
1144,928.50830078125,456.668701171875,486.847930908203,19.6082897186279,648.997802734375,300.824249267578,617.831970214844,1404.26025390625,470.68505859375
1146,941.904235839844,425.942016601563,481.603759765625,17.5009002685547,636.672607421875,321.477600097656,597.44970703125,1357.72790527344,494.049774169922
1148,965.704223632813,391.219909667969,481.153961181641,1.84934389591217,659.745544433594,331.256713867188,603.086669921875,1371.86840820313,488.5224609375
1150,996.303771972656,417.119812011719,478.902282714844,-11.0185031890869,666.569274902344,336.298034667969,602.653747558594,1429.24755859375,518.960510253906
1152,992.024353027344,407.683319091797,529.351501464844,-11.873161315918,667.704223632813,292.684936523438,585.914245605469,1456.16149902344,569.892944335938
1154,1000.69708251953,407.1162109375,536.742431640625,-22.8819313049316,671.212097167969,331.896240234375,573.51123046875,1475.33142089844,571.163452148438
1156,1013.33532714844,414.223846435547,537.405151367188,-3.23331379890442,696.325622558594,407.186706542969,561.516845703125,1487.03454589844,615.110961914063
1158,1009.67889404297,412.159118652344,560.913452148438,30.4124622344971,691.312377929688,440.793518066406,531.27734375,1517.98425292969,618.052124023438
1160,1003.4091796875,386.548492431641,567.17578125,16.6402282714844,660.170532226563,393.060882568359,584.134155273438,1528.02368164063,633.149597167969
1162,980.694152832031,374.408813476563,586.125,14.7888555526733,668.017639160156,356.304992675781,581.772827148438,1525.3408203125,635.861572265625
1164,1041.57592773438,340.714050292969,601.440490722656,21.8339977264404,671.881713867188,300.777862548828,508.349792480469,1540.21667480469,607.091674804688
1166,1106.97241210938,308.2451171875,590.638549804688,25.7171325683594,691.249633789063,278.298400878906,454.250885009766,1553.11242675781,569.5673828125
1168,1123.33715820313,272.304138183594,593.930541992188,30.2682781219482,698.1064453125,329.643310546875,428.049468994141,1499.65405273438,566.311401367188
1170,1150.57739257813,249.323287963867,576.289245605469,40.298641204834,694.040222167969,362.614166259766,422.438568115234,1456.40417480469,550.218139648438
1172,1159.19702148438,178.840408325195,574.696044921875,27.0355377197266,613.629577636719,381.316070556641,416.392303466797,1395.24890136719,545.093444824219
1174,1163.07556152344,133.502136230469,551.312866210938,-17.4832725524902,560.290771484375,353.939178466797,391.277526855469,1377.12341308594,482.822021484375
1176,1140.22924804688,155.836151123047,582.574035644531,1.14262056350708,590.851684570313,317.648895263672,333.974548339844,1279.22705078125,482.811157226563
1178,1177.89270019531,137.524658203125,610.997924804688,19.0874710083008,583.224426269531,344.340423583984,335.942749023438,1198.79223632813,562.01025390625
1180,1188.04260253906,58.0215492248535,590.794799804688,29.9032135009766,552.41357421875,313.525238037109,332.945098876953,1132.57702636719,585.040954589844
1182,1174.22778320313,105.922004699707,524.218872070313,-4.54619407653809,532.008544921875,252.82551574707,227.339370727539,1111.19616699219,608.404602050781
1184,1151.86975097656,92.8157272338867,510.033355712891,-0.639504134654999,496.161743164063,177.056991577148,209.919662475586,1122.07592773438,536.773864746094
1186,1138.40002441406,122.061721801758,582.992126464844,12.6470050811768,494.248413085938,234.274368286133,251.026428222656,1165.00366210938,511.963562011719
1188,1230.458984375,122.471939086914,578.565307617188,9.84528732299805,520.014831542969,337.373840332031,243.107666015625,1250.14099121094,489.325744628906
1190,1241.83081054688,91.7192230224609,556.768676757813,-14.786319732666,464.653015136719,308.120849609375,216.488174438477,1276.97595214844,506.825378417969
1192,1312.66345214844,21.4497909545898,617.027954101563,7.71673822402954,407.946472167969,345.491271972656,209.014541625977,1235.81799316406,628.214050292969
1194,1283.60583496094,60.2505760192871,609.1376953125,51.1865692138672,470.025482177734,388.802764892578,226.155654907227,1327.18334960938,709.13427734375
1196,1299.50915527344,118.786087036133,579.634094238281,32.859992980957,496.4462890625,274.913269042969,259.482238769531,1400.6474609375,734.354858398438
1198,1316.08825683594,153.376754760742,549.999328613281,15.245964050293,494.699554443359,139.705154418945,194.949722290039,1282.34997558594,578.404052734375
1200,1409.58630371094,139.407958984375,552.936096191406,1.68142867088318,501.628540039063,113.124786376953,122.979904174805,1257.88354492188,497.909515380859
1202,1480.78771972656,40.6679534912109,534.662963867188,9.68100357055664,466.441711425781,171.28044128418,211.924026489258,1217.42565917969,538.586730957031
1204,1393.50036621094,57.7341804504395,535.181579589844,-4.45476245880127,338.091705322266,172.839553833008,199.458312988281,1281.12060546875,599.098266601563
1206,1398.5869140625,17.0144824981689,597.14697265625,47.1959915161133,344.655212402344,219.032089233398,96.6061477661133,1130.73107910156,476.515747070313
1208,1485.97814941406,0.564392447471619,478.753112792969,2.06900477409363,443.093597412109,273.991943359375,-53.6770362854004,1103.1904296875,424.392974853516
1210,1539.56225585938,27.3810291290283,431.26220703125,-12.2415895462036,369.599945068359,138.390518188477,-148.279998779297,953.411926269531,403.688781738281
1212,1554.86401367188,50.5082321166992,389.297760009766,-17.4301071166992,403.384613037109,149.196105957031,1.70479011535645,864.671997070313,492.326629638672
1214,1571.64709472656,75.8740844726563,343.271240234375,-23.1208820343018,440.439575195313,161.04768371582,166.207855224609,767.342224121094,589.544555664063
1216,1590.13732910156,103.820220947266,292.562774658203,-29.3905143737793,481.263824462891,174.104827880859,347.444488525391,660.111938476563,696.651611328125
1218,1530.94226074219,110.91722869873,135.968780517578,-23.1625537872314,433.623870849609,32.0431251525879,303.445678710938,732.157592773438,710.26904296875
1220,1385.63745117188,65.6160202026367,328.609436035156,35.7575874328613,298.933837890625,89.2126617431641,118.998359680176,883.189453125,639.619140625
1222,1576.58850097656,-89.4389266967773,510.397644042969,152.04670715332,259.233612060547,174.24235534668,112.111671447754,1028.82482910156,401.763916015625
1224,1607.60083007813,-83.5846481323242,355.926239013672,104.320098876953,236.818161010742,110.46981048584,116.611747741699,1031.29418945313,348.943664550781
1226,1528.62609863281,-49.3929786682129,170.311248779297,-8.4777717590332,330.321411132813,182.104919433594,71.1496810913086,879.346496582031,500.811828613281
1228,1459.01965332031,79.6404724121094,292.351318359375,-65.4883575439453,381.311157226563,72.7902145385742,277.223571777344,839.40869140625,557.105407714844
1230,1467.5048828125,54.3728637695313,216.979034423828,114.635948181152,347.716705322266,68.5523452758789,223.123382568359,761.866027832031,660.904235839844
1232,1505.90563964844,101.289207458496,298.047454833984,174.164520263672,145.613540649414,234.225921630859,62.9899101257324,963.564758300781,739.804443359375
1234,1506.83276367188,9.78338813781738,414.443267822266,112.910423278809,203.722259521484,177.164474487305,197.784637451172,1013.01208496094,786.9375
1236,1413.15173339844,-12.1200532913208,293.022888183594,57.4842567443848,267.787170410156,43.6115875244141,36.2144393920898,1016.81781005859,793.178955078125
1238,1414.99389648438,140.055221557617,135.192947387695,-58.2703323364258,209.333038330078,14.7950429916382,189.83528137207,1135.89892578125,657.052551269531
1240,1578.94592285156,-28.0714530944824,454.183929443359,105.985076904297,308.554931640625,20.3211345672607,310.001770019531,992.506469726563,596.163879394531
1242,1655.79528808594,-12.9625148773193,583.500549316406,106.507080078125,251.025939941406,167.976257324219,292.952697753906,973.346984863281,903.338256835938
1244,1648.57800292969,76.0982437133789,786.564819335938,20.9553642272949,302.199157714844,78.9440612792969,46.222339630127,1161.86206054688,886.44677734375
1246,1546.97143554688,62.0793380737305,756.372741699219,-30.3917007446289,301.172119140625,123.165565490723,172.982299804688,1094.67993164063,787.000915527344
1248,1428.17248535156,51.8487548828125,707.261169433594,-44.7020568847656,244.017547607422,178.92057800293,445.926300048828,1014.46234130859,646.433044433594
1250,1431.18078613281,122.656478881836,522.067626953125,-1.19512367248535,373.629150390625,337.645477294922,504.677185058594,979.582153320313,641.869018554688
1252,1522.62487792969,91.7891159057617,598.389465332031,-0.129562377929688,381.903991699219,364.312774658203,514.940368652344,1117.7822265625,639.448547363281
1254,1525.76940917969,76.0022048950195,697.523742675781,37.8803100585938,393.850738525391,243.605285644531,447.195922851563,1241.57287597656,696.041015625
1256,1453.91015625,7.5334529876709,641.130981445313,19.2280254364014,428.713256835938,323.050872802734,446.365203857422,1243.69140625,932.612060546875
1258,1485.00756835938,-6.99731683731079,640.703796386719,-10.2977323532104,410.494934082031,346.756439208984,491.939697265625,1151.94885253906,979.706237792969
1260,1546.81408691406,-46.5595512390137,661.021362304688,-12.4000358581543,343.500244140625,342.961242675781,554.704711914063,1133.4267578125,906.958740234375
1262,1521.20642089844,10.6306648254395,616.519226074219,7.49254655838013,338.539886474609,359.091339111328,487.099426269531,1061.14953613281,883.345153808594
1264,1605.9609375,111.791046142578,595.767211914063,-12.3935708999634,339.226837158203,349.568969726563,436.004943847656,1064.76635742188,907.388793945313
1266,1622.52197265625,108.363845825195,623.297119140625,-4.5289831161499,381.763549804688,343.757080078125,458.554962158203,1034.04895019531,977.472961425781
1268,1622.25671386719,127.854187011719,696.786437988281,33.7791175842285,385.454650878906,358.051483154297,434.954345703125,974.990966796875,934.832824707031
1270,1577.57336425781,131.017593383789,680.141906738281,33.1528739929199,368.563415527344,345.097839355469,403.2900390625,955.719665527344,910.708312988281
1272,1517.17419433594,67.2237396240234,712.744384765625,25.2120399475098,369.1240234375,350.175476074219,402.648498535156,990.107299804688,881.761169433594
1274,1449.17211914063,46.0613746643066,756.385498046875,-5.15624189376831,392.074523925781,356.003936767578,414.928070068359,962.010314941406,815.764892578125
1276,1322.78540039063,232.431732177734,802.343872070313,11.9168376922607,384.500762939453,333.711120605469,426.092620849609,958.88330078125,806.942687988281
1278,1255.96203613281,416.998382568359,838.386413574219,106.402076721191,397.673797607422,340.433074951172,462.737579345703,1001.74926757813,891.886779785156
1280,1223.59008789063,565.99365234375,838.812194824219,173.468444824219,393.175109863281,318.226165771484,417.646087646484,1077.6923828125,906.556213378906
1282,1143.23474121094,708.3564453125,838.097473144531,191.051330566406,377.935821533203,306.313171386719,381.378631591797,1035.970703125,932.651794433594
1284,1146.04357910156,802.773620605469,748.844360351563,190.772979736328,353.167877197266,328.903289794922,370.539093017578,1035.05053710938,985.283935546875
1286,1159.30346679688,799.761413574219,682.584533691406,199.608032226563,355.774139404297,305.096374511719,378.874969482422,1071.70654296875,1020.73675537109
1288,1150.42260742188,714.461791992188,706.430236816406,188.188613891602,386.627471923828,295.101043701172,430.001373291016,1069.11352539063,1030.16357421875
1290,1144.44116210938,627.511413574219,613.032348632813,182.480972290039,427.418334960938,340.929534912109,464.554290771484,1111.32836914063,1035.01196289063
1292,1136.43530273438,518.48828125,558.597412109375,127.548355102539,432.640167236328,365.497131347656,464.684295654297,1154.99157714844,1027.72729492188
1294,1190.05346679688,310.617828369141,585.959106445313,87.3580474853516,430.027008056641,323.358306884766,504.962005615234,1160.34326171875,1057.23522949219
1296,1208.38830566406,153.427551269531,644.845458984375,58.5358390808105,437.254913330078,355.784484863281,491.752471923828,1170.2578125,1076.96398925781
1298,1243.71105957031,88.3128280639648,687.200927734375,49.5031051635742,446.232208251953,353.179412841797,519.733276367188,1209.79956054688,1097.931640625
1300,1276.83862304688,66.8041152954102,680.570495605469,18.5756053924561,472.7470703125,365.606994628906,546.226257324219,1238.65026855469,1085.31408691406
1302,1274.43896484375,65.306037902832,694.720703125,21.130931854248,460.101501464844,381.731964111328,563.18359375,1209.29443359375,1082.53576660156
1304,1295.18676757813,63.4347915649414,734.16259765625,20.377290725708,443.620666503906,398.751770019531,570.445495605469,1245.12329101563,1089.55786132813
1306,1260.10180664063,60.1138229370117,747.473388671875,3.74311828613281,463.822021484375,423.838745117188,590.517517089844,1265.93103027344,1073.76928710938
1308,1261.17785644531,46.9977722167969,712.163696289063,39.0258522033691,483.005554199219,435.132141113281,595.728149414063,1267.96655273438,1102.47241210938
1310,1290.01354980469,32.3975791931152,692.222778320313,23.7299137115479,501.008544921875,416.392303466797,578.57666015625,1267.60888671875,1079.01379394531
1312,1294.80163574219,44.5300941467285,695.872436523438,4.78426218032837,491.958618164063,413.489227294922,547.641662597656,1263.85546875,1028.77575683594
1314,1282.16015625,38.486011505127,738.277893066406,6.89238262176514,481.112884521484,406.553131103516,538.725830078125,1261.17016601563,1001.92956542969
1316,1295.67614746094,76.7552642822266,758.8125,10.6669988632202,464.758422851563,402.826171875,524.753967285156,1265.14343261719,941.112670898438
1318,1316.423828125,87.018180847168,788.660095214844,-4.21943330764771,479.808013916016,410.105651855469,514.905151367188,1271.62426757813,918.848999023438
1320,1339.95837402344,69.8668060302734,791.2021484375,-1.44379854202271,524.097106933594,428.355041503906,560.347961425781,1292.23803710938,940.093322753906
1322,1339.15808105469,77.9131164550781,769.546691894531,20.5896282196045,540.12890625,438.876739501953,589.44873046875,1339.63940429688,966.901550292969
1324,1344.21850585938,66.9593658447266,757.258972167969,48.852725982666,544.348327636719,436.112396240234,616.807006835938,1424.5908203125,967.34716796875
1326,1353.99829101563,70.0276565551758,741.310607910156,36.7856559753418,545.875122070313,438.790618896484,644.38232421875,1493.08996582031,950.8076171875
1328,1349.07006835938,98.4047698974609,782.003540039063,54.4209976196289,586.385803222656,458.564636230469,625.060363769531,1535.97253417969,925.576965332031
1330,1363.64001464844,100.603309631348,809.470947265625,69.4427490234375,615.540466308594,495.091827392578,611.643127441406,1563.68566894531,922.108337402344
1332,1343.91662597656,128.201904296875,817.576293945313,68.3158187866211,627.168823242188,474.576690673828,649.723083496094,1604.65173339844,911.369873046875
1334,1329.34680175781,139.965484619141,832.2158203125,54.5689811706543,610.180541992188,439.401611328125,638.928649902344,1600.23254394531,879.889343261719
1336,1376.22399902344,121.504913330078,834.480834960938,42.0257186889648,593.3876953125,419.512481689453,602.868286132813,1597.92370605469,827.412841796875
1338,1417.83325195313,129.205825805664,791.536682128906,45.8386116027832,591.398376464844,400.003387451172,574.417907714844,1626.99536132813,822.525085449219
1340,1427.9990234375,153.106033325195,836.610961914063,33.4845733642578,615.448120117188,397.903472900391,576.205078125,1669.33264160156,847.574401855469
1342,1389.85717773438,134.120910644531,871.558471679688,57.0487594604492,638.092041015625,434.859436035156,608.805969238281,1747.166015625,831.297058105469
1344,1372.29150390625,162.268783569336,885.423400878906,76.2548828125,669.745422363281,465.308746337891,658.850708007813,1801.4794921875,862.236145019531
1346,1367.32922363281,194.446044921875,917.996887207031,76.8250350952148,697.000366210938,465.183013916016,698.420959472656,1855.68542480469,898.866271972656
1348,1372.68286132813,204.183563232422,948.897155761719,94.3842239379883,734.672302246094,485.187194824219,725.5869140625,1949.57263183594,911.724609375
1350,1370.87060546875,238.386367797852,1001.30187988281,116.425796508789,784.716186523438,520.440246582031,779.062133789063,2084.00537109375,942.593322753906
1352,1376.18811035156,248.588317871094,1072.31652832031,123.78150177002,836.317260742188,555.966491699219,865.207702636719,2230.89208984375,1005.9033203125
1354,1392.42407226563,272.811645507813,1123.11865234375,133.403076171875,870.40380859375,607.978271484375,947.914916992188,2398.61108398438,1059.55810546875
1356,1411.94079589844,321.562225341797,1217.85632324219,159.731979370117,932.661865234375,657.644592285156,1060.83740234375,2572.69970703125,1067.71325683594
1358,1412.94604492188,372.363922119141,1272.31860351563,179.288467407227,999.331970214844,706.46240234375,1150.78833007813,2709.22265625,1122.82067871094
1360,1464.25927734375,396.080963134766,1284.24853515625,191.309539794922,1026.58654785156,717.339599609375,1246.2470703125,2829.125,1145.265625
1362,1551.14379882813,386.183410644531,1263.03942871094,173.400054931641,1008.08941650391,677.18408203125,1265.15747070313,2895.27197265625,1119.65319824219
1364,1511.54077148438,395.284606933594,1296.54956054688,174.8583984375,977.594604492188,680.287048339844,1229.57238769531,2860.60522460938,1062.45361328125
1366,1475.73254394531,377.44677734375,1303.32763671875,179.872604370117,955.200378417969,662.7890625,1196.46264648438,2763.92456054688,1013.73846435547
1368,1483.64758300781,369.093963623047,1266.86547851563,143.329391479492,920.241638183594,636.607299804688,1142.89501953125,2697.67602539063,966.605651855469
1370,1459.53881835938,396.266845703125,1250.38659667969,136.735198974609,877.243347167969,639.80517578125,1106.37768554688,2676.12915039063,943.6982421875
1372,1506.26025390625,380.202880859375,1232.64208984375,147.843658447266,861.267639160156,623.204833984375,1108.7080078125,2746.64819335938,955.208435058594
1374,1561.05700683594,382.168365478516,1259.86474609375,145.239044189453,892.130065917969,646.120178222656,1169.90234375,2881.93310546875,1007.95251464844
1376,1513.88696289063,399.626861572266,1315.66833496094,150.876388549805,923.21435546875,708.928771972656,1208.310546875,3011.96557617188,1063.01696777344
1378,1481.47216796875,432.893493652344,1367.30493164063,167.703079223633,973.283569335938,740.565856933594,1251.95751953125,3168.5498046875,1095.63598632813
1380,1466.15832519531,509.917724609375,1425.57202148438,191.826278686523,1031.5888671875,793.658569335938,1334.6181640625,3316.81225585938,1146.46215820313
1382,1465.02917480469,551.67919921875,1440.71496582031,202.935165405273,1067.88793945313,811.972961425781,1353.39245605469,3390.81640625,1161.29235839844
1384,1487.02514648438,534.465393066406,1407.99780273438,204.486022949219,1044.85778808594,805.367370605469,1344.83142089844,3379.5498046875,1108.19982910156
1386,1559.30859375,459.700073242188,1319.48107910156,194.669067382813,1014.27221679688,766.163391113281,1285.19543457031,3295.13037109375,1065.3994140625
1388,1574.42504882813,440.259063720703,1245.94506835938,180.778244018555,1001.09613037109,740.986938476563,1269.89001464844,3210.70239257813,1066.95166015625
1390,1562.658203125,468.709442138672,1273.30139160156,207.28840637207,995.578002929688,764.136108398438,1272.7666015625,3255.05908203125,1053.82250976563
1392,1615.42236328125,448.345184326172,1310.87963867188,215.946029663086,989.63134765625,810.165954589844,1257.31262207031,3363.04052734375,1033.64013671875
1394,1742.44177246094,444.141143798828,1374.79663085938,225.27685546875,1021.42199707031,837.200805664063,1254.43444824219,3631.1328125,1119.18713378906
1396,1782.9140625,491.196350097656,1476.75207519531,235.495819091797,1133.2373046875,865.036376953125,1357.50390625,3965.02172851563,1286.69714355469
1398,1810.55529785156,553.360900878906,1588.26977539063,251.669723510742,1222.08654785156,920.525268554688,1438.85656738281,4306.5458984375,1440.83813476563
1400,1738.04382324219,665.050415039063,1776.71875,308.070281982422,1356.65295410156,1058.65612792969,1575.12292480469,4686.751953125,1588.57592773438
1402,1740.28283691406,732.611083984375,1990.69738769531,359.619018554688,1463.70812988281,1133.76770019531,1688.73364257813,5048.87451171875,1719.23828125
1404,1809.80651855469,733.07763671875,2112.599609375,375.460021972656,1523.02124023438,1107.29663085938,1763.31213378906,5310.27490234375,1847.55395507813
1406,1793.60302734375,788.763916015625,2224.52783203125,393.487426757813,1575.494140625,1106.71923828125,1813.28247070313,5467.123046875,1952.43505859375
1408,1777.2080078125,816.24267578125,2269.69458007813,390.933654785156,1608.36840820313,1121.31225585938,1815.49719238281,5507.611328125,1965.54174804688
1410,1774.76745605469,817.020446777344,2224.5810546875,363.745574951172,1573.88366699219,1092.8994140625,1761.63061523438,5413.88134765625,1940.1728515625
1412,1791.72937011719,797.589782714844,2138.80688476563,350.435089111328,1484.36462402344,1039.89331054688,1666.25463867188,5146.85546875,1858.310546875
1414,1788.53759765625,710.9248046875,2013.23962402344,334.452972412109,1399.72888183594,948.737426757813,1515.75061035156,4832.2421875,1699.91174316406
1416,1856.92578125,610.756469726563,1831.14172363281,311.438934326172,1252.88415527344,825.090881347656,1373.47717285156,4518.1201171875,1603.79345703125
1418,1956.92443847656,561.1904296875,1642.0703125,250.182891845703,1129.05725097656,763.621887207031,1264.68054199219,4270.90869140625,1521.40283203125
1420,1872.05859375,498.14111328125,1479.84143066406,192.313613891602,991.231140136719,721.992736816406,1068.43640136719,3842.744140625,1285.57263183594
1422,1871.52844238281,452.47607421875,1389.06359863281,212.134323120117,905.218627929688,638.076904296875,910.072998046875,3552.84521484375,1156.34228515625
1424,1832.59558105469,390.831512451172,1298.52807617188,150.541244506836,805.690490722656,550.540466308594,782.042907714844,3217.19970703125,1011.02282714844
1426,1790.64599609375,353.817108154297,1250.3505859375,140.799194335938,746.054626464844,572.971862792969,697.987548828125,3017.39965820313,882.262145996094
1428,1834.80456542969,363.699066162109,1210.37463378906,103.891052246094,693.043029785156,568.587280273438,665.849914550781,2969.79125976563,832.915344238281
1430,1840.26696777344,374.394470214844,1188.73742675781,75.362060546875,682.110595703125,562.767761230469,678.809631347656,2951.67358398438,833.875732421875
1432,1830.21044921875,391.974914550781,1235.99780273438,98.8812942504883,693.589538574219,530.591003417969,671.262817382813,2999.76245117188,838.722106933594
1434,1820.43212890625,387.510375976563,1249.81994628906,102.871055603027,713.641967773438,553.087219238281,719.169067382813,3027.17797851563,812.955139160156
1436,1867.69665527344,423.962768554688,1220.787109375,78.7687454223633,725.454040527344,576.993103027344,698.386596679688,3150.05126953125,791.789184570313
1438,1876.80053710938,462.440338134766,1224.8525390625,94.9082946777344,722.028198242188,614.544738769531,729.548278808594,3288.4033203125,790.506469726563
1440,1866.15698242188,469.386016845703,1284.35485839844,143.307891845703,704.270629882813,615.8486328125,704.008422851563,3324.29125976563,852.600463867188
1442,1890.82775878906,510.500396728516,1299.29858398438,177.039260864258,723.716979980469,670.965454101563,689.925476074219,3356.30151367188,832.430297851563
1444,1870.36120605469,501.981475830078,1314.93054199219,156.173614501953,704.582763671875,656.018249511719,722.166198730469,3435.9921875,791.004699707031
1446,1885.88647460938,503.385223388672,1358.12707519531,118.799118041992,685.994323730469,637.600524902344,654.357299804688,3459.91650390625,735.886108398438
1448,1943.88146972656,491.076538085938,1272.99267578125,135.947784423828,723.614440917969,611.880615234375,589.507568359375,3339.67529296875,701.848693847656
1450,2074.24267578125,381.669189453125,1186.86303710938,90.6879196166992,834.543701171875,766.079528808594,927.402893066406,3460.91137695313,936.098266601563
1452,2213.84326171875,264.507904052734,1094.62915039063,42.2203903198242,953.334838867188,931.206909179688,1289.24572753906,3590.740234375,1186.94958496094
1454,2363.70068359375,138.738067626953,995.618225097656,-9.8083381652832,1080.85424804688,1108.46704101563,1677.67517089844,3730.10815429688,1456.23266601563
1456,2433.525390625,87.2552108764648,1029.66333007813,-16.7003288269043,990.654357910156,1116.05053710938,1533.35131835938,3782.384765625,1538.19470214844
1458,2574.35595703125,146.430923461914,1045.11376953125,-53.4665412902832,1141.06372070313,1164.07446289063,1402.60864257813,4023.9931640625,1658.39489746094
1460,2532.37109375,82.4866790771484,1089.01354980469,61.8262252807617,1221.96447753906,1224.15405273438,1735.55395507813,4240.3857421875,1648.03503417969
1462,2436.1611328125,113.685760498047,1127.70141601563,75.23291015625,1255.5712890625,1275.18005371094,1823.09936523438,4252.46044921875,1649.8701171875
1464,2488.11962890625,51.9769134521484,1170.46557617188,49.4659385681152,1240.69018554688,1196.18518066406,1794.88330078125,4164.70849609375,1716.07751464844
1466,2555.46630859375,89.5392150878906,1172.29284667969,54.9887275695801,1175.36730957031,1174.28466796875,1827.95593261719,4177.83984375,1730.80358886719
1468,2479.99877929688,92.3531723022461,1029.56872558594,67.6954040527344,1106.48229980469,1182.21020507813,1685.97375488281,3992.93603515625,1654.17065429688
1470,2426.17797851563,125.852676391602,901.769897460938,14.2489986419678,1107.07434082031,1192.80419921875,1590.87902832031,3825.3876953125,1542.35205078125
1472,2322.25537109375,100.618026733398,817.545349121094,-56.488208770752,947.295715332031,1067.17858886719,1273.99328613281,3544.54443359375,1449.94775390625
1474,2272.0322265625,141.171188354492,773.485412597656,-26.9297866821289,903.546997070313,962.520690917969,1072.86877441406,3278.55517578125,1258.57958984375
1476,2366.63330078125,18.9303894042969,543.680114746094,11.4395093917847,798.191223144531,867.117370605469,970.785949707031,2855.32983398438,1059.54797363281
1478,2296.59765625,65.3525619506836,535.312805175781,-23.8348770141602,655.768371582031,768.489807128906,886.118347167969,2305.5654296875,834.545654296875
1480,2216.54467773438,59.4370079040527,482.027709960938,4.44724082946777,567.546447753906,669.691833496094,776.055786132813,1911.18249511719,783.489440917969
1482,2179.40258789063,65.5388641357422,410.568450927734,-6.16361379623413,454.689849853516,593.60205078125,682.467834472656,1710.93212890625,788.957885742188
1484,2157.88916015625,85.1372375488281,414.302703857422,69.7632064819336,407.347900390625,566.142700195313,598.453674316406,1643.5087890625,780.143188476563
1486,2090.85302734375,40.7696418762207,433.845397949219,67.7370223999023,297.116027832031,530.539916992188,541.555541992188,1516.82177734375,813.423034667969
1488,2060.09741210938,25.8667449951172,275.092224121094,40.5455436706543,222.782516479492,464.893096923828,508.242980957031,1345.56298828125,819.678649902344
1490,2134.66357421875,28.6330547332764,303.027923583984,60.256706237793,371.125152587891,444.519836425781,421.761840820313,1307.92004394531,731.727844238281
1492,2276.416015625,98.9484710693359,429.458587646484,89.8817596435547,340.223907470703,596.18408203125,545.573059082031,1415.79370117188,784.552795410156
1494,2338.408203125,114.906997680664,454.365173339844,46.5115661621094,346.077484130859,688.300231933594,456.129028320313,1438.17370605469,805.949035644531
1496,2331.25463867188,38.8942832946777,407.023803710938,47.2752380371094,455.468566894531,655.890686035156,387.155029296875,1322.54296875,798.430114746094
1498,2444.71411132813,153.768936157227,488.008819580078,68.0792846679688,427.6044921875,651.799255371094,393.262664794922,1266.77941894531,868.821044921875
1500,2462.8701171875,93.3835678100586,440.969085693359,33.8829154968262,424.834167480469,603.562316894531,480.548858642578,1321.62316894531,973.335998535156
1502,2485.615234375,66.7731475830078,374.445434570313,16.9944648742676,454.422271728516,579.086364746094,546.263488769531,1360.58911132813,975.175170898438
1504,2531.91088867188,-18.9201507568359,208.914703369141,18.3227977752686,366.2138671875,568.198059082031,460.562042236328,1361.25524902344,894.784912109375
1506,2321.2099609375,-23.3493747711182,-47.771785736084,-51.4589996337891,46.4752960205078,341.722564697266,11.5255155563354,1351.23364257813,703.286865234375
1508,2520.44970703125,121.848190307617,103.314315795898,73.6548080444336,103.328407287598,200.8642578125,187.537521362305,1508.46105957031,896.909301757813
1510,2767.03442382813,-8.08325099945068,395.985168457031,-42.2604064941406,297.382965087891,320.837585449219,471.0791015625,1748.296875,1011.9716796875
1512,2864.39111328125,107.423629760742,444.797668457031,36.2389297485352,362.934356689453,290.945465087891,562.343566894531,1895.73510742188,1040.89123535156
1514,2901.03295898438,54.4205780029297,475.11083984375,7.41415500640869,492.853973388672,314.244842529297,660.69970703125,1997.20129394531,1217.12365722656
1516,3111.67797851563,96.9595260620117,632.951599121094,-78.3650588989258,668.370483398438,150.127853393555,689.755981445313,1960.68041992188,1323.15734863281
1518,3153.53369140625,266.340179443359,692.81201171875,5.16902780532837,701.419982910156,203.301651000977,750.442626953125,2096.29833984375,1445.5986328125
1520,2991.8125,179.868057250977,449.697814941406,7.50050687789917,493.842926025391,226.694030761719,679.687866210938,2062.947265625,1294.78442382813
1522,3258.44946289063,226.023391723633,296.185516357422,27.5521659851074,623.398254394531,209.461837768555,553.474426269531,2631.29931640625,1635.19006347656
1524,3269.77514648438,370.393920898438,644.730102539063,68.4665756225586,840.756103515625,275.057098388672,810.981323242188,2829.86376953125,1818.13549804688
1526,3444.0673828125,281.209442138672,935.502746582031,-43.2275085449219,826.994262695313,362.076995849609,956.930603027344,2974.255859375,1969.19970703125
1528,3472.44702148438,291.749328613281,953.606811523438,15.4140586853027,914.6611328125,482.520202636719,1061.70288085938,3073.91918945313,2033.37341308594
1530,3598.91943359375,253.855819702148,896.33935546875,18.1967697143555,1053.2294921875,580.051879882813,1311.98889160156,3233.40454101563,2003.47497558594
1532,3706.2119140625,295.461639404297,850.433044433594,58.6015510559082,1109.23706054688,531.276245117188,1379.91784667969,3227.90673828125,2053.3408203125
1534,3837.31127929688,303.649200439453,1059.67736816406,64.036376953125,1201.99938964844,465.464263916016,1320.84033203125,3446.00659179688,2223.2578125
1536,3772.36450195313,246.406890869141,1147.81335449219,37.1551551818848,1249.51281738281,607.889831542969,1317.43615722656,3624.45629882813,2308.04663085938
1538,3633.00390625,-7.42333650588989,1005.17547607422,-87.1034545898438,1262.09997558594,543.032104492188,1260.14892578125,3519.01049804688,2265.9765625
1540,3740.7890625,126.367858886719,865.650512695313,16.7927150726318,1205.82861328125,390.258056640625,1517.10266113281,3763.8349609375,2231.18212890625
1542,4315.908203125,56.5587158203125,1087.01342773438,-42.1868057250977,1273.4912109375,389.386840820313,1800.18286132813,4090.666015625,2441.02294921875
1544,4177.23388671875,100.675170898438,1319.76403808594,-89.1436920166016,1345.41674804688,532.685546875,1689.46398925781,4183.38818359375,2502.98291015625
1546,3881.55541992188,215.669921875,1390.88037109375,-24.5839309692383,1469.75427246094,720.393127441406,1760.55847167969,4240.3076171875,2710.5791015625
1548,3850.86083984375,258.491302490234,1394.76574707031,14.1034231185913,1519.82312011719,766.906188964844,1688.27355957031,4310.1337890625,2835.8076171875
1550,3887.3056640625,347.991851806641,1410.19213867188,53.8177299499512,1600.88562011719,841.132385253906,1712.55517578125,4396.361328125,2821.85668945313
1552,3859.08740234375,406.504272460938,1448.62841796875,98.4750671386719,1695.20422363281,874.379455566406,1867.21948242188,4450.40185546875,2933.90649414063
1554,4006.46801757813,415.342102050781,1315.65612792969,33.2139663696289,1727.65649414063,866.413818359375,1937.47802734375,4516.30615234375,2992.595703125
1556,3996.06665039063,409.766784667969,1273.58618164063,16.0857467651367,1750.86743164063,820.622009277344,1898.18591308594,4511.1767578125,3086.61694335938
1558,3807.119140625,270.666625976563,1034.19885253906,-10.6579608917236,1686.07409667969,734.821960449219,1585.2607421875,4454.15869140625,3024.06762695313
1560,3915.53686523438,344.955047607422,1432.81555175781,75.6987380981445,1901.92272949219,914.394958496094,1936.82238769531,4893.46728515625,3219.72265625
1562,3764.583984375,466.435455322266,1565.26440429688,155.070434570313,1997.27490234375,1038.55163574219,2257.54150390625,4989.76025390625,3374.35546875
1564,3794.97778320313,443.148834228516,1624.609375,166.557998657227,2042.75378417969,1131.88525390625,2403.20556640625,5158.5810546875,3464.71728515625
1566,3664.43725585938,451.300994873047,1696.03857421875,150.93669128418,2176.90209960938,1115.72900390625,2475.197265625,5271.01171875,3525.55541992188
1568,3753.75756835938,393.555908203125,1666.04943847656,149.759796142578,2249.6064453125,1070.80786132813,2531.87353515625,5384.73046875,3522.32763671875
1570,3642.47900390625,415.277648925781,1774.35314941406,163.654724121094,2412.97241210938,1200.82019042969,2774.57348632813,5664.994140625,3641.14111328125
1572,3369.60668945313,469.590148925781,1907.50927734375,183.691513061523,2550.00854492188,1315.98840332031,3011.5185546875,5846.35693359375,3944.27075195313
1574,3323.10180664063,463.867950439453,1910.06457519531,195.641677856445,2587.103515625,1336.57214355469,3122.65771484375,5990.09521484375,4073.83203125
1576,3514.07739257813,452.777038574219,1955.2841796875,204.824783325195,2708.52099609375,1370.43518066406,3286.29516601563,6384.3701171875,4319.208984375
1578,3277.02514648438,576.717895507813,2276.2998046875,218.262954711914,3044.32055664063,1538.91467285156,3628.62939453125,6814.173828125,4548.13134765625
1580,3038.11328125,619.068603515625,2427.6064453125,243.185791015625,3209.45751953125,1661.83984375,3863.22583007813,7027.79248046875,4686.0634765625
1582,2924.2578125,636.207397460938,2525.7578125,250.861511230469,3311.94873046875,1745.52819824219,3963.43310546875,7233.31201171875,4877.15478515625
1584,2790.93920898438,618.627746582031,2559.44213867188,265.113311767578,3367.74755859375,1791.3359375,4008.4228515625,7336.81884765625,4901.7578125
1586,2703.27905273438,563.392517089844,2572.69067382813,278.226928710938,3351.59350585938,1815.47131347656,3993.615234375,7267.0478515625,4908.52734375
1588,2645.71533203125,546.851318359375,2535.56640625,259.104431152344,3276.3779296875,1751.56274414063,3894.44262695313,7117.1025390625,4745.107421875
1590,2592.61181640625,552.226745605469,2442.1787109375,271.776092529297,3133.11499023438,1658.85668945313,3744.2353515625,6880.08349609375,4498.05078125
1592,2498.6630859375,517.829711914063,2303.861328125,252.665115356445,2949.38793945313,1553.13330078125,3523.64575195313,6547.90771484375,4236.7978515625
1594,2462.77026367188,492.800476074219,2180.16381835938,216.211502075195,2796.5830078125,1443.890625,3306.6474609375,6205.048828125,3915.39306640625
1596,2408.00073242188,458.245361328125,2061.29833984375,191.263092041016,2647.95434570313,1339.01904296875,3119.47338867188,5809.87451171875,3611.10864257813
1598,2303.42065429688,399.927673339844,1954.30053710938,184.543533325195,2487.32299804688,1254.72387695313,2908.98193359375,5430.30322265625,3219.38037109375
1600,2279.05200195313,355.868774414063,1851.68481445313,182.081207275391,2338.63989257813,1187.80932617188,2727.34228515625,5170.45458984375,2880.89477539063
1602,2312.7236328125,301.003326416016,1769.609375,161.491241455078,2196.58642578125,1088.04516601563,2566.5625,4848.47119140625,2614.52197265625
1604,2221.08056640625,267.407135009766,1620.9345703125,162.60920715332,2066.48681640625,982.13818359375,2378.00122070313,4466.91015625,2338.44213867188
1606,2199.99877929688,269.118408203125,1505.33251953125,139.944854736328,1974.45568847656,880.485229492188,2232.74389648438,4191.94775390625,2151.888671875
1608,2212.35034179688,280.823791503906,1385.76098632813,84.9801635742188,1868.81823730469,804.28857421875,2122.57495117188,3969.84301757813,1947.1591796875
1610,2170.24731445313,251.848587036133,1289.04309082031,94.005256652832,1766.51391601563,728.382995605469,2003.59912109375,3777.5693359375,1769.66442871094
1612,2108.19946289063,241.011474609375,1213.40466308594,99.6653213500977,1668.88879394531,683.530029296875,1871.81298828125,3582.33837890625,1585.48901367188
1614,2093.66333007813,202.29035949707,1112.29028320313,71.5982360839844,1617.33251953125,626.576782226563,1804.3720703125,3413.05078125,1469.75146484375
1616,2236.94262695313,128.140594482422,1031.12658691406,31.2094135284424,1523.892578125,533.482482910156,1713.89672851563,3297.732421875,1401.98620605469
1618,2138.60961914063,67.9455490112305,1045.62438964844,65.4869155883789,1475.578125,503.929168701172,1647.82641601563,3240.39624023438,1264.31579589844
1620,2068.8876953125,49.4897041320801,1032.65942382813,63.3543128967285,1416.92224121094,524.96875,1601.66967773438,3154.6748046875,1217.96057128906
1622,2135.31713867188,33.3064346313477,967.910766601563,34.6465301513672,1356.86840820313,512.7236328125,1571.27416992188,3073.015625,1187.751953125
1624,2102.85083007813,72.4380874633789,1011.35998535156,39.0085182189941,1317.89575195313,474.528381347656,1489.70495605469,2991.80590820313,1061.53771972656
1626,2036.78601074219,97.7820816040039,984.743103027344,24.5954418182373,1300.49047851563,471.094390869141,1446.19262695313,2896.2490234375,1011.22045898438
1628,1980.55895996094,144.033142089844,924.054870605469,39.9357833862305,1296.482421875,509.773010253906,1420.77062988281,2821.17065429688,1003.86755371094
1630,1852.92150878906,277.334014892578,798.103088378906,81.5343780517578,1306.30358886719,498.161682128906,1365.26110839844,2721.5810546875,1007.57733154297
1632,1818.25048828125,307.682373046875,757.008850097656,102.591857910156,1307.130859375,476.855621337891,1328.96520996094,2655.3046875,974.758728027344
1634,1905.6953125,216.605758666992,817.156005859375,60.5399208068848,1285.19604492188,446.177398681641,1299.00146484375,2586.43334960938,914.814147949219
1636,2066.35131835938,65.0812454223633,1002.01995849609,26.5674953460693,1312.0205078125,430.053680419922,1265.21118164063,2630.36254882813,972.721130371094
1638,1893.33557128906,278.163604736328,909.195007324219,87.2392272949219,1372.42761230469,480.565307617188,1274.03308105469,2637.00903320313,1052.30078125
1640,1768.8779296875,586.55517578125,782.102233886719,111.13801574707,1404.13720703125,500.856994628906,1243.70043945313,2611.3359375,1090.07434082031
1642,1702.4931640625,794.543579101563,723.581237792969,120.765350341797,1398.73291015625,541.3779296875,1216.74951171875,2597.71826171875,1112.19250488281
1644,1709.78515625,718.171020507813,773.524719238281,101.238021850586,1380.19604492188,523.420654296875,1196.84948730469,2613.84619140625,1121.615234375
1646,1874.39660644531,425.251953125,1000.2060546875,55.9895553588867,1389.66162109375,484.767272949219,1175.40441894531,2735.82568359375,1087.99682617188
1648,1893.7041015625,302.484802246094,1036.05029296875,63.4724311828613,1472.62658691406,545.606872558594,1247.0751953125,2805.39794921875,1234.18823242188
1650,1821.60400390625,304.344787597656,930.97802734375,99.2735824584961,1520.86730957031,555.095703125,1223.03894042969,2785.24194335938,1170.22729492188
1652,1785.88757324219,127.035034179688,875.857116699219,84.5438690185547,1594.66064453125,439.069122314453,1126.42529296875,2750.72583007813,1077.19067382813
1654,1788.17150878906,232.44450378418,1117.07983398438,50.7297477722168,1511.47583007813,511.602508544922,1168.30065917969,2799.0771484375,1153.99584960938
1656,1652.6259765625,787.387512207031,830.952880859375,100.829299926758,1479.62963867188,569.264526367188,1228.74194335938,2834.18188476563,1161.59582519531
1658,1574.50366210938,1183.34326171875,745.261108398438,145.558441162109,1483.82849121094,597.979309082031,1210.43823242188,2835.65747070313,1175.73217773438
1660,1544.03686523438,1109.00842285156,731.864379882813,132.444442749023,1488.72302246094,589.177124023438,1201.00610351563,2814.33422851563,1149.84692382813
1662,1611.29626464844,785.563903808594,872.888793945313,120.017433166504,1472.03833007813,544.439636230469,1163.07397460938,2780.3759765625,1165.65869140625
1664,1563.91455078125,1030.44946289063,832.878845214844,176.820755004883,1410.04235839844,559.0537109375,1114.8251953125,2713.54711914063,1144.552734375
1666,1511.24426269531,1113.05480957031,767.406311035156,174.841339111328,1349.08996582031,523.356567382813,1105.31982421875,2672.00634765625,1099.14624023438
1668,1556.1748046875,733.027893066406,909.091186523438,99.0402679443359,1284.90747070313,443.483428955078,1091.10205078125,2621.42260742188,1065.14953613281
1670,1611.80310058594,287.899841308594,1012.94555664063,41.2553901672363,1170.95947265625,425.519439697266,1005.4404296875,2505.89233398438,1011.65325927734
1672,1557.73474121094,360.067749023438,887.620727539063,33.8767471313477,1117.28210449219,418.258697509766,942.63037109375,2387.59765625,907.124206542969
1674,1554.09936523438,288.683044433594,897.594970703125,14.8129234313965,1091.00927734375,389.998016357422,871.347961425781,2299.849609375,897.275634765625
1676,1522.27746582031,304.897033691406,833.746215820313,34.4884033203125,1054.24853515625,381.171569824219,839.779113769531,2240.74975585938,899.085876464844
1678,1466.90832519531,319.331665039063,742.416809082031,45.6011009216309,1028.51599121094,374.620727539063,831.52099609375,2169.17895507813,906.878356933594
1680,1496.05578613281,156.194137573242,750.136535644531,14.1307020187378,955.633483886719,370.842407226563,808.106811523438,2100.45336914063,869.943786621094
1682,1547.78247070313,75.0429534912109,708.063415527344,-0.0141689302399755,908.834716796875,330.022430419922,746.85693359375,1995.52185058594,821.327514648438
1684,1639.80163574219,22.4472999572754,641.644836425781,36.6567039489746,845.598022460938,242.829528808594,748.463073730469,1903.259765625,765.90087890625
1686,1589.06384277344,7.10457468032837,658.658874511719,13.4376487731934,842.200134277344,295.2578125,737.975463867188,1833.73779296875,752.779052734375
1688,1553.38635253906,-1.9063640832901,672.513549804688,1.66627299785614,816.615600585938,329.472778320313,684.996215820313,1762.99523925781,733.636291503906
1690,1540.00146484375,27.7828712463379,631.900268554688,16.5316295623779,774.744873046875,347.064880371094,692.388244628906,1683.84265136719,753.439636230469
1692,1494.46923828125,66.7594299316406,583.511474609375,4.92444849014282,743.281311035156,344.931091308594,696.569274902344,1626.3447265625,716.066528320313
1694,1476.97912597656,74.1711273193359,564.299560546875,-7.97485399246216,674.75,319.998016357422,650.787231445313,1576.79748535156,659.394226074219
1696,1547.93737792969,63.1836776733398,542.836120605469,-8.7718620300293,657.796447753906,269.884643554688,607.664733886719,1521.14477539063,606.805297851563
1698,1507.20202636719,50.1508827209473,397.110931396484,0.605026841163635,620.054382324219,209.479995727539,651.468139648438,1443.99633789063,527.800659179688
1700,1503.8818359375,-23.5359592437744,328.940551757813,-14.3574228286743,612.712280273438,239.509002685547,666.513549804688,1377.27685546875,508.085021972656
1702,1482.60949707031,9.25879287719727,437.346221923828,-1.13682997226715,666.178100585938,266.217529296875,668.820495605469,1355.0615234375,501.297271728516
1704,1521.0556640625,24.9552536010742,524.011474609375,18.0504779815674,666.618103027344,309.312103271484,657.460510253906,1345.63525390625,570.392150878906
1706,1510.19812011719,51.299144744873,540.035095214844,23.2238597869873,712.65283203125,329.73486328125,676.420654296875,1378.25866699219,565.997802734375
1708,1479.27233886719,38.1301231384277,528.783203125,43.1425857543945,753.12744140625,345.077606201172,736.569580078125,1405.02917480469,564.387817382813
1710,1458.0732421875,62.076114654541,537.442260742188,18.8466968536377,788.183654785156,364.750732421875,783.245239257813,1410.21801757813,554.872985839844
1712,1448.86791992188,82.9713668823242,525.370361328125,5.07430839538574,792.152221679688,390.761657714844,791.629638671875,1416.01159667969,565.998596191406
1714,1458.34436035156,61.5171356201172,495.923217773438,13.0707921981812,778.568786621094,329.725463867188,797.355651855469,1429.02551269531,572.822692871094
1716,1429.10021972656,11.4556846618652,422.66552734375,-4.63037824630737,722.955749511719,241.740539550781,676.637756347656,1385.845703125,541.838012695313
1718,1414.26403808594,18.3394889831543,408.176940917969,-12.7974987030029,662.386840820313,244.245681762695,673.841003417969,1355.52783203125,526.757080078125
1720,1394.00561523438,4.40740203857422,458.264099121094,-1.82733952999115,658.236633300781,287.365295410156,680.164916992188,1297.77905273438,525.579467773438
1722,1385.90637207031,28.2743949890137,443.1455078125,6.09442138671875,635.494262695313,311.382232666016,631.014038085938,1201.74462890625,486.449462890625
1724,1361.34326171875,62.8621139526367,429.043090820313,-6.10946750640869,630.421447753906,285.919677734375,597.168273925781,1154.58288574219,485.5791015625
1726,1322.83703613281,66.3167572021484,420.200561523438,4.09719371795654,617.808715820313,246.793838500977,583.717163085938,1089.41149902344,494.176788330078
1728,1323.673828125,11.6205720901489,383.837249755859,1.52164816856384,565.105895996094,239.749465942383,540.443664550781,1026.62866210938,476.701110839844
1730,1357.2265625,42.1320991516113,367.806610107422,-13.6455631256104,538.777465820313,224.4990234375,468.042327880859,928.394165039063,471.002899169922
1732,1354.79479980469,22.2865028381348,348.431671142578,-14.0333213806152,507.128845214844,175.081985473633,483.944122314453,821.262084960938,394.205963134766
1734,1378.02563476563,43.5267295837402,327.089202880859,4.9704704284668,481.046081542969,145.607406616211,385.115386962891,694.711303710938,405.481842041016
1736,1382.69677734375,11.9281759262085,307.305236816406,-1.96568357944489,426.062347412109,167.671020507813,320.047149658203,694.162719726563,369.709686279297
1738,1359.62377929688,-2.25510549545288,272.972229003906,-10.2563848495483,373.450408935547,139.718063354492,266.266815185547,691.143005371094,352.100036621094
1740,1303.4716796875,20.5430507659912,344.309143066406,5.91122055053711,369.634674072266,138.794036865234,297.514312744141,562.468811035156,319.367980957031
1742,1298.88793945313,55.2603988647461,324.653137207031,7.46523857116699,324.836822509766,155.270462036133,279.162994384766,460.461303710938,303.251434326172
1744,1337.06384277344,9.8838939666748,277.898223876953,22.3836326599121,336.533203125,138.894943237305,265.934600830078,409.770385742188,301.985198974609
1746,1356.8359375,-12.313328742981,212.307281494141,-11.8947200775146,313.017181396484,107.349105834961,240.344711303711,410.981323242188,264.341186523438
1748,1358.08813476563,-11.9256687164307,209.562789916992,8.55535697937012,302.138275146484,75.4528961181641,199.615814208984,413.604888916016,187.747772216797
1750,1354.66650390625,-15.6082286834717,233.691665649414,-1.51376807689667,296.547698974609,111.610916137695,151.992538452148,397.106170654297,173.162811279297
1752,1318.37658691406,7.06061267852783,246.352416992188,10.0599479675293,246.985290527344,134.482803344727,194.47444152832,397.14501953125,228.161697387695
1754,1282.64282226563,37.4322776794434,268.104461669922,16.4100914001465,258.701965332031,106.857650756836,228.444961547852,406.135955810547,197.030822753906
1756,1275.34790039063,26.1046180725098,284.677642822266,15.5246133804321,239.518188476563,89.6374664306641,253.502410888672,374.19384765625,172.693283081055
1758,1263.95056152344,3.28583574295044,265.850036621094,1.81887316703796,203.609191894531,84.4314727783203,219.908905029297,370.171295166016,183.512145996094
1760,1275.54321289063,21.4818363189697,184.099792480469,2.71610045433044,159.745208740234,39.2213554382324,142.147933959961,334.471008300781,220.98860168457
1762,1294.22265625,16.4419231414795,150.283645629883,27.5789604187012,156.941680908203,60.6583213806152,132.881988525391,298.023284912109,241.068481445313
1764,1298.09204101563,-13.9276247024536,164.125030517578,5.10410785675049,162.402542114258,76.4045181274414,143.725143432617,278.749816894531,229.070755004883
1766,1291.51306152344,-16.0443172454834,137.832717895508,0.17524890601635,164.928436279297,67.0612487792969,148.744400024414,290.035736083984,207.948440551758
1768,1263.90026855469,-4.41657829284668,94.8210830688477,-6.77770090103149,168.149169921875,101.629486083984,130.470748901367,319.301391601563,171.887298583984
1770,1284.10412597656,-12.9983682632446,81.229248046875,0.0651851668953896,119.276390075684,45.1999588012695,215.011032104492,348.662719726563,115.579727172852
1772,1295.29833984375,2.67173194885254,119.914108276367,-13.0684576034546,92.5364151000977,38.4959754943848,252.66015625,312.563781738281,164.23420715332
1774,1306.7314453125,4.00059366226196,91.2404022216797,-35.1057052612305,141.385101318359,20.4983539581299,239.993103027344,284.898834228516,176.376205444336
1776,1295.13391113281,31.1324825286865,77.1146469116211,-15.5282297134399,118.048698425293,83.2693939208984,204.4228515625,192.351867675781,197.175430297852
1778,1234.31750488281,66.0822448730469,47.3228645324707,-5.94795846939087,119.857368469238,77.333122253418,175.829147338867,124.637535095215,111.66227722168
1780,1216.56396484375,47.7871589660645,26.8914127349854,-17.6439990997314,116.432510375977,45.648307800293,136.516387939453,136.612991333008,119.90315246582
1782,1244.85009765625,1.48750054836273,77.4859161376953,11.0362243652344,122.160957336426,62.8795738220215,85.7527160644531,145.899475097656,107.234260559082
1784,1243.66979980469,33.3567733764648,48.7185668945313,10.6892538070679,96.4897079467773,84.1585388183594,96.0795745849609,101.744812011719,140.176834106445
1786,1252.96728515625,29.5589962005615,44.1532287597656,-26.7190742492676,86.3816757202148,78.7520599365234,29.5157585144043,156.311630249023,154.705596923828
1788,1180.74267578125,-16.4614353179932,45.4175415039063,6.46476459503174,128.10173034668,84.4888000488281,-10.4030742645264,204.452667236328,141.790435791016
1790,1148.22644042969,-25.1394500732422,52.8622779846191,36.3812255859375,148.169036865234,52.027271270752,-20.8347358703613,323.929962158203,52.6608810424805
1792,1145.39978027344,23.6435604095459,124.244766235352,91.8159484863281,105.553497314453,58.9239158630371,-42.327033996582,203.103118896484,99.673095703125
1794,1141.46667480469,47.7588272094727,171.822174072266,-5.58457517623901,98.2048873901367,-21.3688182830811,-67.2336654663086,163.603805541992,16.0614337921143
1796,1151.65600585938,134.621536254883,63.0254211425781,-2.17867994308472,38.6968994140625,18.8258285522461,-0.504859447479248,163.427001953125,75.4345092773438
1798,1078.53247070313,89.1210861206055,4.46996831893921,-23.2447357177734,63.2765159606934,47.6507453918457,-63.0464248657227,148.696334838867,112.035972595215
2688,1215.70092773438,64.8623275756836,36.528003692627,-34.6624603271484,71.9748916625977,57.9745941162109,-64.2407379150391,197.610641479492,129.35514831543
2690,1471.64831542969,19.5970726013184,96.3462524414063,-55.9672012329102,88.2055053710938,77.2382431030273,-66.4692306518555,288.881622314453,161.671569824219
2692,2118.46240234375,-94.79443359375,247.515106201172,-109.80721282959,129.22248840332,125.920104980469,-72.1009826660156,519.535888671875,243.339630126953
2694,2049.48193359375,126.935279846191,-67.0402145385742,80.0851440429688,160.940826416016,60.3853645324707,55.1890258789063,352.632904052734,207.020645141602
2696,2269.50610351563,100.00740814209,17.9738636016846,268.284210205078,500.631011962891,263.121551513672,-333.346405029297,434.011566162109,122.75984954834
2698,2393.68920898438,176.991714477539,97.6380004882813,43.7606506347656,356.415588378906,329.347412109375,-37.1145782470703,108.092697143555,218.409118652344
2700,2604.3623046875,11.9851808547974,198.409164428711,-117.797645568848,268.816772460938,53.5359687805176,112.878135681152,62.9072151184082,457.730010986328
2702,2739.01293945313,124.42813873291,35.8375053405762,17.3334541320801,-6.03256893157959,30.6366539001465,217.892288208008,335.680053710938,265.944274902344
2704,2643.82275390625,94.1560592651367,-52.4222183227539,240.656311035156,168.963302612305,64.0599212646484,257.904022216797,177.152221679688,171.004302978516
2706,2447.10791015625,-4.09318065643311,63.6481666564941,68.2549285888672,256.305908203125,19.8842220306396,106.021667480469,175.822631835938,227.213790893555
2708,2393.21142578125,49.2602157592773,-12.4774026870728,-24.0453643798828,221.606155395508,-13.974063873291,141.98307800293,214.333419799805,282.531555175781
2710,2356.11596679688,8.19046211242676,181.609252929688,-51.6194458007813,191.118911743164,-37.8306846618652,-80.658821105957,117.354583740234,242.352355957031
2712,2371.35693359375,-71.5894470214844,90.6163482666016,-18.1358108520508,270.903198242188,40.9502944946289,-15.067777633667,178.818664550781,218.197341918945
2714,2500.37084960938,51.8740730285645,87.4642333984375,22.8137855529785,158.359909057617,21.667724609375,40.4600982666016,72.5666198730469,159.929611206055
2716,2651.34741210938,22.2408790588379,21.2604942321777,55.7878570556641,145.836807250977,1.33134651184082,3.28517770767212,47.686279296875,267.221069335938
2718,2621.43701171875,43.5941047668457,51.3373069763184,54.3094749450684,113.938606262207,-12.0816116333008,117.483863830566,61.0736885070801,334.335754394531
2720,2590.36962890625,149.195098876953,89.0213775634766,5.80747509002686,80.160514831543,-22.6733894348145,50.576976776123,161.564514160156,357.167877197266
2722,2568.86450195313,68.5394058227539,56.1367645263672,-31.7646789550781,22.2666244506836,47.9883003234863,22.7358741760254,125.957611083984,249.126846313477
2724,2625.94311523438,-25.4910259246826,13.1218509674072,-37.8358955383301,110.888381958008,74.7425918579102,85.4237442016602,104.374900817871,172.857162475586
2726,2715.80810546875,-14.0461616516113,42.7879486083984,46.8866233825684,127.962966918945,38.3340454101563,-51.7531394958496,181.76904296875,249.644226074219
2728,2715.15600585938,-0.964880287647247,109.856750488281,-17.7125091552734,124.934524536133,-6.24214267730713,-8.78516292572021,258.741912841797,219.774703979492
2730,2662.31103515625,6.90176773071289,53.0938186645508,17.8885765075684,166.447280883789,50.831729888916,-28.3743896484375,241.68620300293,231.227523803711
2732,2729.18530273438,-14.10498046875,106.756912231445,-10.8714303970337,131.808059692383,87.5987319946289,28.3861484527588,182.649322509766,214.953369140625
2734,2836.392578125,28.2543048858643,135.173370361328,-2.16742277145386,173.462707519531,47.6324310302734,9.22747039794922,174.624847412109,273.929046630859
2736,2849.43017578125,46.9223136901855,128.194854736328,15.5645809173584,176.441192626953,-11.3766164779663,8.52169227600098,137.391052246094,267.784271240234
2738,2853.79760742188,96.5636596679688,149.120742797852,-14.919563293457,126.612945556641,37.1256828308105,15.1599407196045,125.585662841797,264.653076171875
2740,2831.5537109375,70.1568832397461,122.575988769531,-41.3676414489746,131.777435302734,67.9517517089844,146.448120117188,210.485977172852,307.857147216797
2742,2843.88549804688,22.7314720153809,70.3318023681641,-2.46059131622314,189.446929931641,16.7464351654053,57.4536895751953,300.273345947266,371.703186035156
2744,2851.66577148438,2.93788456916809,116.407768249512,-14.9046354293823,228.237182617188,87.2220687866211,46.8283958435059,253.529388427734,366.317779541016
2746,2869.6689453125,31.203649520874,140.276275634766,-21.1389675140381,241.003616333008,129.829666137695,125.352783203125,209.978164672852,330.125885009766
2748,2866.77026367188,31.7269916534424,115.638603210449,-2.01591372489929,251.068786621094,95.6421356201172,180.042251586914,226.983520507813,352.866180419922
2750,2848.68017578125,3.73958945274353,46.945011138916,19.0189189910889,204.35530090332,75.4425811767578,131.758209228516,237.510299682617,355.889068603516
2752,2859.52783203125,20.0058917999268,81.2530288696289,34.7105560302734,226.596817016602,72.0190734863281,87.5679702758789,271.124237060547,348.458923339844
2754,2845.83642578125,70.9657516479492,142.787979125977,25.2494983673096,251.075912475586,98.0943145751953,93.1627655029297,204.521606445313,322.703094482422
2756,2885.345703125,14.8878440856934,158.000961303711,19.6820487976074,250.659530639648,103.768196105957,93.033203125,136.664916992188,357.31396484375
2758,2930.33520507813,-9.27255630493164,126.982490539551,-14.7037343978882,262.164703369141,139.561386108398,56.7919845581055,156.985549926758,356.60302734375
2760,2881.1240234375,-10.0715131759644,66.4349212646484,-9.10144138336182,284.2978515625,88.0073013305664,53.6926460266113,154.493743896484,334.750915527344
2762,2867.9443359375,-13.5319671630859,63.9140167236328,-24.4391174316406,255.981109619141,109.313140869141,61.1450424194336,137.032516479492,367.725463867188
2764,2880.97973632813,2.41803860664368,51.5426025390625,-4.25449562072754,256.379211425781,122.191665649414,110.806098937988,135.185760498047,356.854339599609
2766,2874.57373046875,56.820442199707,102.297271728516,5.86964130401611,284.5869140625,106.417358398438,115.243003845215,174.794250488281,377.601806640625
2768,2925.81860351563,62.1792297363281,128.969436645508,26.224027633667,315.447479248047,98.5822296142578,130.356353759766,187.220489501953,414.808898925781
2770,2908.79248046875,25.3305397033691,140.75895690918,11.1298885345459,277.501983642578,86.4877166748047,137.064666748047,255.347747802734,364.761657714844
2772,2906.06494140625,2.90538358688354,137.455200195313,-5.72484636306763,236.823196411133,103.537147521973,144.774856567383,224.966049194336,347.431976318359
2774,2936.10375976563,58.462085723877,166.42106628418,-18.5621776580811,229.224105834961,149.146255493164,167.5537109375,187.630981445313,360.299224853516
2776,2948.62353515625,71.0536727905273,212.730758666992,1.29037797451019,280.413513183594,179.088439941406,188.179763793945,191.93830871582,379.814910888672
2778,2957.17700195313,34.1694641113281,174.431640625,20.5410003662109,299.750915527344,174.846313476563,185.254623413086,218.146682739258,399.721832275391
2780,2923.82690429688,13.6293678283691,155.008178710938,8.95074462890625,265.985137939453,158.626190185547,233.958648681641,247.034332275391,395.470855712891
2782,2921.81201171875,0.521732091903687,157.22639465332,5.56164979934692,249.995147705078,152.566390991211,247.096328735352,285.938140869141,415.287536621094
2784,2975.50439453125,72.1853942871094,209.568420410156,3.69994139671326,263.936828613281,129.136459350586,265.511169433594,325.927917480469,483.718627929688
2786,2973.76586914063,88.1876602172852,170.318298339844,-11.2843952178955,264.127685546875,140.949966430664,263.723785400391,300.342895507813,510.100006103516
2788,3014.5859375,76.3977890014648,173.811538696289,-15.6264114379883,282.782928466797,174.499877929688,263.95166015625,283.771606445313,547.134460449219
2790,3047.99609375,41.1515579223633,175.619125366211,6.79772233963013,275.156280517578,163.729690551758,323.580780029297,314.849700927734,540.941162109375
2792,3050.0888671875,16.9959545135498,158.587646484375,0.0188871864229441,309.786285400391,171.996841430664,287.470916748047,404.135650634766,595.003723144531
2794,3017.08178710938,4.33453035354614,180.3037109375,-10.4417486190796,339.502990722656,129.539047241211,235.98454284668,365.583679199219,574.657165527344
2796,3027.36547851563,6.94121503829956,178.409393310547,-21.9644775390625,340.320404052734,137.193695068359,245.583053588867,380.213134765625,562.67578125
2798,3065.24243164063,23.5541095733643,166.41423034668,-8.74870014190674,354.802429199219,162.29020690918,264.721710205078,433.611175537109,568.194519042969
2800,3082.19360351563,41.4704093933105,222.16828918457,-5.08538293838501,333.223205566406,188.673950195313,266.317474365234,445.375305175781,609.692016601563
2802,3099.8369140625,44.2725219726563,237.923126220703,13.3841981887817,350.994384765625,170.023101806641,267.956604003906,459.376342773438,646.745483398438
2804,3159.626953125,64.4099731445313,258.612640380859,17.215503692627,357.923309326172,183.505310058594,325.000762939453,484.261810302734,643.37744140625
2806,3145.75170898438,47.6462821960449,265.491912841797,-3.20480871200562,397.524444580078,192.483963012695,378.313995361328,492.513458251953,673.662048339844
2808,3138.466796875,54.5042190551758,277.486083984375,6.79092693328857,404.275085449219,207.888397216797,392.748199462891,486.186798095703,730.088684082031
2810,3181.58227539063,100.79711151123,323.586120605469,3.54558634757996,399.857086181641,249.462341308594,433.678527832031,484.232452392578,779.392028808594
2812,3221.00756835938,101.644393920898,313.484558105469,2.9800066947937,422.223693847656,269.3369140625,412.983825683594,512.513000488281,835.232971191406
2814,3242.36645507813,89.703971862793,342.771026611328,37.2994728088379,464.924255371094,317.814422607422,425.703491210938,540.847961425781,921.761474609375
2816,3265.31982421875,73.5717544555664,383.210906982422,41.0401077270508,511.864562988281,346.765777587891,440.128021240234,591.841247558594,972.859191894531
2818,3303.548828125,46.3461227416992,385.690307617188,31.1703319549561,554.445739746094,370.390014648438,466.829376220703,630.070556640625,1008.98474121094
2820,3297.92651367188,63.3001365661621,385.285461425781,35.2985534667969,576.860168457031,392.6787109375,551.104675292969,688.788391113281,1048.84802246094
2822,3273.21728515625,68.0557327270508,430.193359375,21.2250442504883,607.762573242188,423.686828613281,610.390991210938,765.446105957031,1105.73120117188
2824,3312.80346679688,82.86181640625,524.796997070313,33.5048942565918,619.49609375,467.176727294922,623.484802246094,841.891967773438,1219.60278320313
2826,3345.09350585938,108.821571350098,578.86669921875,51.0837478637695,664.00537109375,506.58544921875,669.171997070313,918.474243164063,1289.94274902344
2828,3363.74780273438,97.3030700683594,578.830810546875,38.9017791748047,717.549133300781,527.506225585938,754.939086914063,982.099609375,1359.37573242188
2830,3380.2294921875,90.2357635498047,628.256103515625,54.0740013122559,798.045471191406,565.974060058594,850.686645507813,1073.6630859375,1452.34289550781
2832,3395.78393554688,99.5497894287109,694.106811523438,76.4681777954102,879.125915527344,568.680908203125,922.234680175781,1154.99584960938,1596.15258789063
2834,3458.72265625,137.233703613281,704.784790039063,68.1833267211914,957.481567382813,578.771789550781,1034.45751953125,1275.81640625,1745.49670410156
2836,3501.20556640625,151.305419921875,765.752502441406,78.0583267211914,1029.79370117188,655.986206054688,1119.30163574219,1434.52697753906,1907.67602539063
2838,3498.01611328125,150.406585693359,861.3759765625,77.7897796630859,1091.81616210938,746.124389648438,1213.59716796875,1543.87341308594,2059.89575195313
2840,3524.35522460938,161.098205566406,1030.05017089844,54.6419067382813,1207.3515625,834.722961425781,1255.91101074219,1722.94116210938,2267.732421875
2842,3528.4736328125,160.384689331055,1162.6904296875,57.9831275939941,1332.73803710938,924.955261230469,1399.36511230469,1953.03381347656,2532.46752929688
2844,3650.79858398438,213.935195922852,1297.57507324219,120.972541809082,1456.98889160156,1021.81701660156,1592.04370117188,2177.99926757813,2854.34008789063
2846,3750.23364257813,229.024505615234,1430.99938964844,149.438095092773,1608.19836425781,1109.70727539063,1740.46044921875,2380.22998046875,3109.52319335938
2848,3823.85571289063,263.114532470703,1573.796875,183.694839477539,1798.92248535156,1243.55200195313,1891.35546875,2669.88012695313,3460.8642578125
2850,3926.87646484375,293.389984130859,1702.11633300781,196.624862670898,1919.80322265625,1369.97790527344,1996.42810058594,2916.15551757813,3692.08544921875
2852,3969.73266601563,286.221435546875,1731.33032226563,197.746643066406,1996.55065917969,1421.94921875,2087.92919921875,3072.37060546875,3809.0361328125
2854,4003.36694335938,299.231597900391,1777.44470214844,203.500595092773,2030.73327636719,1439.54064941406,2129.212890625,3149.40869140625,3937.7939453125
2856,4036.69311523438,311.994476318359,1863.45068359375,176.815093994141,2107.416015625,1459.44396972656,2133.04174804688,3159.43383789063,4026.81298828125
2858,4027.32885742188,285.35546875,1834.390625,174.413711547852,2122.88134765625,1467.10266113281,2158.240234375,3163.57177734375,4058.26708984375
2860,4020.78637695313,257.527404785156,1794.18176269531,178.966384887695,2066.41357421875,1440.51098632813,2104.07055664063,3140.69140625,3968.23779296875
2862,4005.76293945313,258.802612304688,1757.79541015625,169.017669677734,1995.88317871094,1388.22473144531,2099.60278320313,3097.98828125,3894.322265625
2864,4043.98486328125,257.482482910156,1768.7685546875,146.353729248047,1968.46008300781,1397.61389160156,2145.94848632813,3071.7998046875,3905.27734375
2866,4105.958984375,257.098999023438,1768.40356445313,145.942398071289,1945.02856445313,1397.38220214844,2133.04223632813,3036.40161132813,3830.7861328125
2868,4130.931640625,245.878646850586,1727.43469238281,163.860656738281,1899.5439453125,1370.20861816406,2132.86328125,3018.85009765625,3750.828125
2870,4188.4619140625,258.786437988281,1689.17553710938,129.052505493164,1829.81958007813,1324.33117675781,2041.6787109375,2954.99780273438,3713.64868164063
2872,4224.09521484375,210.285095214844,1645.56567382813,113.150505065918,1755.16125488281,1277.462890625,2015.23132324219,2886.9140625,3607.03247070313
2874,4210.3994140625,194.130966186523,1583.49401855469,110.293006896973,1683.2373046875,1250.74291992188,1900.0810546875,2741.671875,3395.15893554688
2876,4268.00439453125,189.552062988281,1561.91552734375,122.268661499023,1631.24719238281,1234.9931640625,1782.00708007813,2641.0810546875,3252.35888671875
2878,4267.87548828125,157.628540039063,1506.50573730469,109.27116394043,1605.65563964844,1138.443359375,1712.09924316406,2537.02734375,3187.09936523438
2880,4216.68017578125,158.916046142578,1464.55615234375,135.804397583008,1592.630859375,1076.1572265625,1664.1533203125,2537.94165039063,3051.8212890625
2882,4246.7685546875,173.54621887207,1459.5634765625,147.291015625,1616.90771484375,1069.27294921875,1661.83471679688,2556.4931640625,3045.6923828125
2884,4311.7451171875,137.715972900391,1495.95483398438,123.277763366699,1636.63549804688,1099.54028320313,1682.00463867188,2626.873046875,3142.23657226563
2886,4347.46728515625,170.595657348633,1548.48901367188,102.024894714355,1628.18933105469,1164.26196289063,1665.916015625,2638.02124023438,3215.21630859375
2888,4380.02978515625,177.132720947266,1546.02734375,116.029083251953,1670.74108886719,1242.33312988281,1685.57373046875,2701.75366210938,3307.42626953125
2890,4407.95068359375,213.164016723633,1565.12744140625,114.771430969238,1726.951171875,1249.62219238281,1696.81567382813,2736.5908203125,3398.10498046875
2892,4433.189453125,233.067428588867,1572.14379882813,138.59619140625,1718.50024414063,1259.6494140625,1751.67712402344,2843.29907226563,3489.611328125
2894,4567.607421875,252.469818115234,1638.97900390625,149.196166992188,1764.75732421875,1347.21765136719,1780.13781738281,2960.8427734375,3560.7998046875
2896,4648.97314453125,226.411972045898,1746.03308105469,140.333480834961,1821.63134765625,1370.79833984375,1893.89123535156,3067.81665039063,3703.47216796875
2898,4655.77734375,164.683044433594,1773.06079101563,141.297119140625,1851.7841796875,1367.92541503906,2002.44201660156,3141.4287109375,3854.89575195313
2900,4715.7705078125,164.25032043457,1817.09130859375,127.223342895508,1954.03332519531,1416.65173339844,2061.0654296875,3278.42602539063,4101.513671875
2902,4808.4658203125,153.846542358398,1867.92578125,109.545120239258,2022.37341308594,1494.52819824219,2140.17578125,3402.89501953125,4354.35400390625
2904,4879.38623046875,185.514984130859,1941.51086425781,136.019912719727,2087.55541992188,1591.98583984375,2181.70825195313,3554.40234375,4579.96044921875
2906,4955.671875,239.501251220703,2110.24682617188,152.005615234375,2196.50073242188,1653.16491699219,2244.37158203125,3728.80786132813,4862.90380859375
2908,4989.52197265625,264.040649414063,2242.44116210938,175.222946166992,2307.8486328125,1719.73876953125,2362.20190429688,3947.52319335938,5141.74169921875
2910,5084.6640625,279.099548339844,2371.77026367188,132.46989440918,2452.79638671875,1848.75805664063,2493.3427734375,4198.7421875,5515.48681640625
2912,5181.6240234375,342.014251708984,2497.01586914063,138.086456298828,2555.67211914063,1949.92492675781,2646.080078125,4488.29296875,5797.27734375
2914,5275.14208984375,382.416137695313,2663.47607421875,244.198425292969,2691.3994140625,2014.42944335938,2793.57568359375,4750.36865234375,6131.18115234375
2916,5460.2314453125,430.185455322266,2877.37255859375,339.726623535156,2832.70434570313,2112.64721679688,3051.61645507813,5111.18896484375,6610.498046875
2918,5615.072265625,396.927062988281,3074.97314453125,269.363464355469,3004.51245117188,2250.93090820313,3248.47875976563,5399.1279296875,7087.02978515625
2920,5730.82568359375,444.064300537109,3123.94409179688,289.55126953125,3092.31079101563,2372.1875,3399.72631835938,5683.31787109375,7583.6162109375
2922,5882.67529296875,496.945129394531,3202.83935546875,378.216735839844,3281.16870117188,2461.08056640625,3532.20947265625,5993.22021484375,8176.62744140625
2924,6117.3359375,591.513732910156,3330.45874023438,411.772521972656,3451.92993164063,2528.58251953125,3587.46459960938,6173.16162109375,8580.1220703125
2926,6090.173828125,631.030578613281,3449.76025390625,394.119140625,3486.3984375,2512.89599609375,3470.25317382813,6223.5595703125,8683.3271484375
2928,6060.64111328125,615.811645507813,3488.73901367188,373.153228759766,3505.71337890625,2582.74145507813,3372.77294921875,6162.94921875,8734.01171875
2930,6068.17919921875,630.741149902344,3386.84936523438,353.156860351563,3400.60107421875,2518.18286132813,3407.4375,5956.59765625,8637.40625
2932,6168.8447265625,683.491088867188,3341.59448242188,420.272613525391,3349.38134765625,2392.90307617188,3319.12548828125,5817.88427734375,8451.14453125
2934,6186.5078125,617.705810546875,3219.54223632813,360.537231445313,3305.52954101563,2343.98608398438,3197.51245117188,5661.93603515625,8251.8369140625
2936,6149.29345703125,523.345581054688,3179.95239257813,288.567932128906,3188.10791015625,2205.43823242188,3026.46484375,5491.541015625,7986.93505859375
2938,6035.41943359375,407.633819580078,3090.64965820313,231.524688720703,3011.71850585938,2132.72534179688,2828.359375,5250.54443359375,7518.10107421875
2940,5994.27294921875,434.426361083984,2887.87915039063,226.235595703125,2882.53100585938,2007.89892578125,2691.39208984375,5109.53271484375,7371.10986328125
2942,6001.6259765625,446.590087890625,2747.46435546875,147.311798095703,2692.7841796875,1883.28125,2607.78955078125,4960.28466796875,7195.61572265625
2944,6012.830078125,516.35009765625,2692.93505859375,115.46907043457,2566.77661132813,1759.19787597656,2431.96459960938,4828.095703125,6856.3330078125
2946,6060.9248046875,553.894348144531,2672.00708007813,110.816352844238,2553.65673828125,1687.38952636719,2348.26538085938,4785.2822265625,6678.2861328125
2948,5992.91650390625,444.133575439453,2536.283203125,152.46418762207,2488.16650390625,1754.57238769531,2266.51049804688,4674.818359375,6345.287109375
2950,6009.8994140625,344.029235839844,2451.103515625,172.593994140625,2419.24340820313,1769.57775878906,2230.44360351563,4443.609375,6288.072265625
2952,6058.03564453125,199.083557128906,2431.1748046875,193.746765136719,2378.9169921875,1599.91589355469,2005.32885742188,4192.3388671875,5969.06787109375
2954,6180.43115234375,305.226989746094,2441.87939453125,107.780174255371,2242.599609375,1530.35827636719,1764.02551269531,4014.138671875,5767.0048828125
2956,6166.45166015625,398.748474121094,2290.63330078125,49.8525810241699,2188.46362304688,1462.29931640625,1569.56127929688,3991.22998046875,5860.7470703125
2958,6227.7919921875,343.713500976563,2256.10766601563,-36.7212104797363,2179.13623046875,1544.15380859375,1614.32214355469,4018.39770507813,5841.26220703125
2960,6239.2431640625,312.124206542969,2255.05834960938,-18.7917137145996,2221.8427734375,1641.67395019531,1642.64367675781,3735.77905273438,5797.93212890625
2962,6382.57861328125,346.754302978516,2100.60302734375,35.0153846740723,1972.26147460938,1528.13549804688,1484.83374023438,3578.35131835938,5550.265625
2964,6558.8017578125,294.555541992188,1913.64111328125,28.9831085205078,1918.68505859375,1237.8359375,1315.23278808594,3531.08520507813,5451.8017578125
2966,6475.9833984375,290.015869140625,1708.93078613281,11.023045539856,1863.60876464844,1088.48022460938,1249.73608398438,2978.22509765625,5121.5654296875
2968,6289.3564453125,293.323669433594,1560.25903320313,81.3674240112305,1788.41589355469,997.111022949219,1008.9072265625,2834.89526367188,4490.75390625
2970,6631.640625,404.877746582031,1376.90100097656,79.1606826782227,1743.25073242188,896.986694335938,963.457885742188,2895.90161132813,4343.15966796875
2972,6758.85400390625,337.85986328125,1377.86376953125,-53.1908493041992,1615.71557617188,823.902709960938,1010.51831054688,2829.9951171875,4278.20068359375
2974,6167.4345703125,130.231643676758,1464.1962890625,-19.2802238464355,1350.44738769531,520.135803222656,1014.64031982422,2306.43530273438,3534.81591796875
2976,6045.17431640625,102.282424926758,1262.228515625,70.3892822265625,833.479431152344,361.86083984375,448.864288330078,1645.12414550781,3381.90454101563
2978,5976.7724609375,241.327163696289,1083.97094726563,64.2107543945313,793.492797851563,396.344268798828,399.760375976563,1342.81774902344,3194.92846679688
2980,6349.4755859375,319.486755371094,839.212097167969,156.212646484375,1156.89038085938,648.621826171875,745.190124511719,1772.69360351563,3159.92456054688
2982,6419.28466796875,104.234420776367,640.849487304688,147.281265258789,1117.82177734375,463.70849609375,845.16650390625,1761.92602539063,2466.63598632813
2984,6490.5361328125,-194.16633605957,880.812866210938,403.322692871094,1147.23522949219,870.678894042969,1779.67004394531,1059.83312988281,2224.17236328125
2986,5571.44775390625,576.693969726563,812.764526367188,192.658538818359,1250.6025390625,964.702819824219,1162.67456054688,198.817535400391,2448.66796875
2988,5242.53369140625,-106.236480712891,731.235656738281,125.102828979492,699.153015136719,440.694610595703,414.992492675781,-374.490509033203,2099.2099609375
2990,5320.35791015625,-751.959716796875,743.680541992188,248.544052124023,418.227233886719,-19.5363883972168,815.556640625,-943.056457519531,2401.5458984375
2992,3863.45068359375,80.8172378540039,-4.51721620559692,249.287658691406,304.611358642578,-62.970531463623,362.4755859375,-523.017883300781,1297.20617675781
2994,1525.14147949219,-678.460083007813,349.464965820313,451.524963378906,155.719802856445,190.688201904297,-232.815582275391,-694.036254882813,1115.06384277344
2996,1243.60729980469,-868.447143554688,598.216369628906,173.079895019531,-259.949096679688,321.379730224609,-81.4546890258789,-404.168151855469,1473.34692382813
2998,380.614288330078,-731.650085449219,728.539306640625,-65.1736068725586,252.540481567383,-368.669158935547,-420.789245605469,-483.9453125,1036.17504882813
