X value [cm⁻¹],IR Spectrum 10/OPTIR (mV) [],IR Spectrum 11/OPTIR (mV) [],IR Spectrum 12/OPTIR (mV) [],IR Spectrum 13/OPTIR (mV) [],IR Spectrum 8/OPTIR (mV) [],IR Spectrum 7/OPTIR (mV) [],IR Spectrum 6/OPTIR (mV) [],IR Spectrum 3/OPTIR (mV) [],IR Spectrum 2/OPTIR (mV) []
940,2.29365396499634,-7.27464056015015,11.355920791626,43.7024688720703,-7.92940282821655,50.8826637268066,33.0186195373535,43.6754760742188,8.0176248550415
942,12.231502532959,-18.3012714385986,-25.6070556640625,104.062324523926,16.8434467315674,46.8853530883789,26.0484962463379,74.8339385986328,4.80354356765747
944,7.17111301422119,2.66110157966614,5.29587316513062,73.3778076171875,13.3835668563843,48.6908073425293,38.4698867797852,85.210693359375,13.772388458252
946,8.70771026611328,9.67686653137207,22.0842876434326,34.6584815979004,12.6574983596802,62.9070434570313,27.5113296508789,103.108573913574,12.9140024185181
948,8.4644889831543,29.0878009796143,68.8101119995117,-3.55043959617615,21.8167266845703,67.0357971191406,19.6937694549561,134.277191162109,4.12654685974121
950,9.94974899291992,49.6495170593262,65.1217193603516,7.69193315505981,13.582986831665,96.2928771972656,35.237491607666,157.047454833984,13.6774826049805
952,12.5710897445679,49.708381652832,57.7623176574707,-2.15008521080017,7.1316237449646,79.4183807373047,27.9869556427002,130.472549438477,12.4090309143066
954,21.0912933349609,48.2020263671875,73.3539428710938,11.9862251281738,17.4865055084229,75.5884094238281,9.28690814971924,137.818908691406,4.20454788208008
956,13.2880182266235,41.877628326416,77.2295532226563,8.73454666137695,27.5772190093994,67.9709320068359,8.30356502532959,142.968856811523,12.0886096954346
958,9.18771743774414,64.8714828491211,50.4681243896484,18.7171115875244,29.6548748016357,62.8169174194336,16.3131103515625,151.186019897461,12.4454069137573
960,7.33155727386475,91.4724807739258,41.3937797546387,31.8799839019775,25.0336608886719,57.1713218688965,15.9097557067871,170.189270019531,7.38378286361694
962,4.73581075668335,76.4723129272461,55.4547958374023,9.12689685821533,15.1154689788818,59.2632446289063,16.8734016418457,176.632247924805,6.30363702774048
964,8.14746952056885,88.2539825439453,75.999755859375,11.8213529586792,23.2993335723877,62.8712577819824,26.1339263916016,200.134552001953,11.2014751434326
966,9.83885192871094,100.875297546387,91.3960037231445,26.3317337036133,24.9091110229492,65.724235534668,23.0847053527832,225.56086730957,17.0459651947021
968,20.2485408782959,97.5333862304688,97.8827896118164,8.01428031921387,31.2931537628174,70.6982345581055,26.5425395965576,238.441360473633,19.8109588623047
970,14.5716943740845,96.0461502075195,102.039611816406,8.90797996520996,36.8351783752441,70.9911956787109,29.3941650390625,260.561859130859,19.4018707275391
972,12.6420927047729,106.456642150879,126.578765869141,9.70762062072754,33.2373046875,69.5525283813477,32.8797073364258,268.672576904297,21.7298641204834
974,21.202356338501,116.716522216797,156.721557617188,23.029182434082,32.9998741149902,71.6706237792969,29.4498405456543,282.079650878906,21.375560760498
976,25.1255474090576,125.760322570801,158.815567016602,24.2383041381836,46.2461700439453,72.4943237304688,25.7603969573975,301.075958251953,24.9686431884766
978,28.230749130249,134.095245361328,167.14892578125,37.0991744995117,46.1921882629395,78.2240142822266,26.978006362915,313.910247802734,29.8445148468018
980,30.5308284759521,141.156692504883,177.350112915039,64.5598907470703,43.968563079834,83.6177673339844,27.5153675079346,327.795532226563,33.3256568908691
982,27.516695022583,146.87353515625,186.279022216797,65.8628463745117,40.9830169677734,81.956413269043,29.4398937225342,336.920928955078,34.7001304626465
984,26.2649269104004,142.276138305664,192.242767333984,94.7457427978516,40.1740913391113,79.0883712768555,32.2275085449219,348.013488769531,37.0373229980469
986,22.5751895904541,145.072128295898,200.799987792969,101.984176635742,42.6452903747559,86.3673400878906,26.7925052642822,375.305969238281,38.7915954589844
988,12.9520559310913,151.748321533203,211.863967895508,112.814224243164,45.1753768920898,94.8718490600586,25.8959922790527,387.419708251953,43.6709136962891
990,9.3980770111084,160.3525390625,224.580963134766,134.956985473633,42.2480163574219,105.925598144531,32.4235725402832,401.414184570313,47.3335838317871
992,18.4867496490479,159.623840332031,228.830184936523,141.382995605469,42.8377304077148,113.467323303223,35.4704742431641,410.516906738281,52.1780853271484
994,18.1413116455078,165.923568725586,244.150146484375,166.22541809082,45.2262687683105,117.97087097168,38.1178283691406,422.645141601563,59.8998146057129
996,17.0610237121582,180.327621459961,263.554351806641,203.102447509766,49.2527923583984,125.24821472168,37.6076698303223,443.417572021484,73.8433456420898
998,19.372428894043,199.634536743164,289.736389160156,219.535034179688,58.0220184326172,133.526458740234,42.2360534667969,457.926849365234,88.7573776245117
1000,18.5277252197266,209.235656738281,310.4228515625,253.231292724609,66.3428039550781,138.387817382813,48.140079498291,469.147125244141,105.600830078125
1002,18.6594753265381,218.265274047852,319.73876953125,274.580993652344,73.2174301147461,144.091018676758,49.594783782959,473.242919921875,122.421546936035
1004,22.5614776611328,226.447189331055,331.65087890625,294.043243408203,79.3757553100586,153.945510864258,50.162525177002,474.651611328125,132.521453857422
1006,28.8226623535156,248.91047668457,355.574584960938,323.004058837891,86.1013870239258,163.447570800781,50.4619979858398,481.004089355469,135.163497924805
1008,34.6111068725586,265.689514160156,380.191986083984,355.223175048828,95.2033081054688,176.995208740234,55.676139831543,492.272583007813,137.659484863281
1010,43.2146301269531,279.891448974609,415.573333740234,373.091003417969,104.948806762695,187.574234008789,61.4378471374512,498.556610107422,138.926666259766
1012,47.2721633911133,287.246826171875,435.477478027344,388.209014892578,109.230308532715,196.182205200195,66.815071105957,499.711120605469,140.419937133789
1014,53.7502975463867,293.408294677734,455.804046630859,411.712341308594,113.55150604248,208.988342285156,72.1523818969727,503.717224121094,142.695953369141
1016,59.2947196960449,303.51123046875,496.718048095703,425.020263671875,119.216850280762,221.064056396484,73.5816650390625,506.784210205078,144.535461425781
1018,63.3001441955566,313.540252685547,524.631225585938,438.9296875,121.386260986328,233.219848632813,79.5354766845703,510.809509277344,145.973770141602
1020,67.7479934692383,329.082427978516,550.853210449219,469.204681396484,125.338012695313,246.712173461914,85.4402770996094,514.062866210938,142.894302368164
1022,66.5407943725586,338.31787109375,581.587646484375,486.452301025391,124.639053344727,258.844696044922,89.4443359375,514.894592285156,134.222961425781
1024,68.2828140258789,350.682647705078,596.481567382813,503.644927978516,122.991195678711,270.194610595703,93.3806533813477,512.589477539063,128.016494750977
1026,70.7572250366211,359.471435546875,620.295288085938,526.875671386719,127.859184265137,279.505554199219,95.0165481567383,506.952575683594,119.363433837891
1028,77.2110824584961,363.419525146484,634.998718261719,545.641845703125,134.492233276367,288.335357666016,98.4597702026367,507.921020507813,115.636413574219
1030,93.5272674560547,363.846313476563,637.811889648438,556.608947753906,143.209060668945,290.947723388672,106.36767578125,498.013275146484,111.560852050781
1032,105.45238494873,362.337890625,648.482299804688,571.832153320313,149.339706420898,298.397888183594,112.679374694824,488.172241210938,107.730812072754
1034,123.197792053223,367.710479736328,664.794067382813,593.015502929688,157.967910766602,304.480621337891,118.570526123047,484.470581054688,108.58984375
1036,137.790374755859,371.090942382813,680.268615722656,605.144958496094,171.040588378906,308.215270996094,122.593421936035,480.121490478516,109.837867736816
1038,147.638046264648,370.29931640625,704.208435058594,611.996887207031,176.183044433594,308.203735351563,128.934188842773,474.189666748047,108.983840942383
1040,149.271011352539,363.056488037109,692.1943359375,614.66650390625,178.144500732422,301.088134765625,134.691665649414,460.593322753906,105.527145385742
1042,143.830902099609,362.116729736328,694.570739746094,615.314758300781,176.13410949707,298.621459960938,140.255142211914,457.490936279297,102.762672424316
1044,138.458557128906,363.623931884766,703.618286132813,617.500122070313,172.627319335938,294.548828125,142.938140869141,454.235046386719,101.588096618652
1046,130.330688476563,355.668609619141,688.336303710938,608.75244140625,167.813125610352,281.832366943359,141.142181396484,445.596038818359,96.9175415039063
1048,120.034133911133,335.196563720703,667.967468261719,585.895874023438,159.998550415039,267.92431640625,143.309768676758,444.091857910156,91.8666610717773
1050,118.51831817627,327.909637451172,648.12158203125,580.209350585938,152.037155151367,255.737869262695,140.522399902344,437.229949951172,86.356575012207
1052,116.69172668457,319.262573242188,622.961608886719,580.110595703125,145.445358276367,243.386215209961,137.2607421875,433.350128173828,80.7416381835938
1054,113.918495178223,309.66015625,605.249450683594,574.903076171875,142.31184387207,236.488174438477,136.183410644531,436.898376464844,73.4637451171875
1056,111.488975524902,292.329803466797,576.07275390625,557.286254882813,136.585418701172,227.631393432617,128.474578857422,429.533050537109,64.9867477416992
1058,108.858200073242,289.579742431641,552.075500488281,549.284484863281,126.682899475098,219.758865356445,125.583465576172,427.070709228516,58.9956359863281
1060,111.144821166992,280.778442382813,532.548217773438,544.95751953125,117.723602294922,207.642349243164,121.531723022461,422.520080566406,51.9754638671875
1062,110.039695739746,273.487915039063,516.447509765625,551.13427734375,114.175010681152,200.547149658203,115.578544616699,420.121185302734,48.2567367553711
1064,110.880302429199,270.852722167969,504.723968505859,551.968444824219,111.71516418457,196.448760986328,112.954093933105,417.8896484375,46.5570297241211
1066,115.334442138672,276.110076904297,496.894866943359,563.058227539063,110.032867431641,193.760818481445,110.47908782959,412.8564453125,44.8127326965332
1068,118.005073547363,283.345642089844,486.801147460938,576.640380859375,111.444328308105,194.084732055664,109.72802734375,414.015869140625,43.8729057312012
1070,118.145248413086,291.09619140625,483.6943359375,582.797607421875,110.893074035645,191.796630859375,108.727653503418,408.314819335938,44.6794738769531
1072,113.768547058105,299.908416748047,469.851654052734,574.654357910156,108.607223510742,187.866424560547,109.205535888672,398.835998535156,45.9532508850098
1074,102.936424255371,308.423400878906,457.094451904297,580.107543945313,109.760147094727,183.869049072266,106.016777038574,388.422546386719,47.7786178588867
1076,95.0205764770508,316.767761230469,452.918487548828,585.532104492188,111.563034057617,181.589324951172,103.547904968262,378.684387207031,48.2629013061523
1078,90.2945556640625,329.509460449219,445.894958496094,583.639709472656,110.10669708252,176.577835083008,104.373779296875,370.174987792969,48.0207824707031
1080,85.5391693115234,344.196136474609,436.076690673828,573.081970214844,106.685760498047,167.802352905273,104.476638793945,362.530487060547,49.1544456481934
1082,80.4315795898438,348.810333251953,421.294921875,553.652038574219,102.281379699707,160.300003051758,98.8290023803711,354.361022949219,47.597412109375
1084,74.0633697509766,348.102172851563,397.4287109375,523.474426269531,101.319190979004,153.112091064453,90.7758712768555,343.336883544922,45.0396423339844
1086,70.1777420043945,353.522491455078,387.795593261719,505.454071044922,98.7889404296875,149.076553344727,86.0041885375977,338.119537353516,44.6540107727051
1088,65.0776977539063,358.099761962891,373.811584472656,492.627868652344,96.1297073364258,145.918853759766,83.1943054199219,335.692779541016,44.3929138183594
1090,60.4876747131348,353.356628417969,359.84375,475.640716552734,95.5691223144531,141.574432373047,82.5919952392578,330.908477783203,44.0249481201172
1092,59.6889305114746,350.284912109375,344.214477539063,458.150115966797,92.9111099243164,136.253463745117,83.108772277832,324.727935791016,43.2737579345703
1094,60.3558387756348,345.735534667969,332.604431152344,444.423645019531,88.8646011352539,131.329803466797,79.0707168579102,320.713165283203,41.0157623291016
1096,63.7525100708008,341.762908935547,324.149719238281,435.637603759766,87.4079895019531,127.660034179688,76.502326965332,317.995086669922,42.9653244018555
1098,67.0490341186523,341.68505859375,315.148651123047,425.346984863281,90.8167114257813,127.563919067383,73.3049011230469,321.008361816406,45.1021766662598
1100,69.1252899169922,346.038665771484,316.805938720703,413.479949951172,94.0571975708008,125.598907470703,71.1212692260742,322.079895019531,45.2501106262207
1102,72.8504409790039,352.155914306641,312.063537597656,403.288177490234,93.6760787963867,124.90983581543,69.8317642211914,319.282806396484,48.6900634765625
1104,73.1756057739258,351.383728027344,306.305114746094,388.062957763672,92.0459060668945,122.092811584473,68.5329360961914,315.154052734375,48.873722076416
1106,69.7030944824219,352.400543212891,299.908386230469,382.256469726563,91.0880813598633,119.425003051758,65.5312728881836,315.956298828125,47.8995323181152
1108,68.4369659423828,358.249267578125,297.589141845703,377.488525390625,90.2598495483398,118.312110900879,64.653923034668,319.649963378906,46.5856018066406
1110,69.0838088989258,362.140655517578,302.338287353516,369.658721923828,87.9093399047852,117.797462463379,65.9811706542969,321.798553466797,45.3941879272461
1112,67.2052764892578,361.301208496094,304.0146484375,359.773498535156,85.8082046508789,116.894195556641,67.7971725463867,320.482330322266,46.1001472473145
1114,64.9355773925781,355.407440185547,300.901031494141,352.847900390625,84.3829956054688,113.879318237305,63.4483261108398,317.897125244141,42.9530715942383
1116,64.8978729248047,347.516204833984,299.667999267578,345.497467041016,81.1611633300781,111.865394592285,57.5695991516113,314.589172363281,39.2151641845703
1118,62.2116813659668,340.328887939453,292.784240722656,329.683013916016,76.398681640625,112.544288635254,55.5053634643555,310.978790283203,35.8349151611328
1120,60.3694953918457,327.666595458984,288.265472412109,314.730438232422,73.9936370849609,108.35139465332,56.052375793457,306.799224853516,31.5879688262939
1122,61.0387420654297,318.437866210938,285.073974609375,308.7373046875,74.9327926635742,105.145065307617,53.64111328125,304.708068847656,31.4926948547363
1124,61.7393264770508,315.048370361328,270.030883789063,296.147216796875,75.4407577514648,101.561882019043,55.6999015808105,297.922271728516,27.1780891418457
1126,60.495548248291,306.74658203125,262.947784423828,284.174468994141,74.2166137695313,100.635986328125,58.6180839538574,289.041717529297,21.5893936157227
1128,58.6666641235352,300.118957519531,260.155212402344,272.561218261719,71.9290924072266,101.58430480957,58.6670227050781,285.060241699219,19.7210063934326
1130,57.7216033935547,291.201538085938,254.090881347656,264.530944824219,71.3316650390625,99.1083068847656,59.639720916748,280.440338134766,18.1234970092773
1132,57.0136108398438,278.423156738281,248.665130615234,257.698516845703,72.9727630615234,96.4161071777344,59.9226875305176,275.288940429688,16.0974826812744
1134,56.108814239502,266.521911621094,244.269912719727,250.446823120117,72.5156326293945,94.5294876098633,58.1641387939453,265.108520507813,15.0227937698364
1136,53.3143196105957,253.619018554688,225.769744873047,242.944961547852,72.3710098266602,91.0035018920898,56.081111907959,252.793090820313,12.2413339614868
1138,50.2687683105469,244.752548217773,217.832321166992,229.103057861328,71.0889205932617,87.3922958374023,50.5188255310059,241.908386230469,11.8788223266602
1140,46.0312080383301,244.926116943359,217.502044677734,229.029571533203,70.9404220581055,81.8480758666992,51.0525016784668,234.196578979492,11.3958082199097
1142,44.6518936157227,241.490249633789,215.470733642578,224.842391967773,68.0848236083984,83.714958190918,50.5297050476074,231.814987182617,11.8864727020264
1144,42.4378242492676,237.222091674805,216.085357666016,217.142730712891,66.0769577026367,83.5070724487305,50.2489929199219,227.464599609375,10.317268371582
1146,41.9986801147461,243.655288696289,216.185073852539,209.267578125,65.5778045654297,81.2995758056641,52.368766784668,226.834518432617,11.0794439315796
1148,37.4844551086426,244.934616088867,216.597732543945,208.323623657227,64.7979202270508,80.7997741699219,57.6369552612305,227.503723144531,10.4033250808716
1150,35.4231643676758,241.547622680664,225.675399780273,208.21110534668,64.8114013671875,81.8801803588867,57.5358276367188,230.128112792969,9.91488170623779
1152,33.3703422546387,237.222030639648,232.72151184082,206.430267333984,68.4388809204102,82.6810684204102,57.964542388916,228.289321899414,10.4223155975342
1154,30.5628032684326,229.743438720703,227.338455200195,197.767578125,70.9923248291016,86.3155517578125,60.4603233337402,226.431884765625,9.74605846405029
1156,32.7212409973145,227.501419067383,218.608581542969,188.776916503906,68.8629760742188,89.4037704467773,61.9124221801758,229.648513793945,8.27641201019287
1158,30.0911769866943,226.662231445313,218.439376831055,178.617218017578,69.8275299072266,89.9100341796875,66.1394729614258,232.096252441406,9.98704814910889
1160,27.3425140380859,226.306823730469,226.65119934082,169.545761108398,68.3686218261719,87.7030029296875,68.6276626586914,228.481353759766,9.92452907562256
1162,25.6405448913574,225.492309570313,238.732971191406,169.485870361328,64.7329406738281,90.1567230224609,71.0515594482422,222.95637512207,9.54791736602783
1164,23.1360034942627,223.124847412109,242.213073730469,176.864379882813,69.2099914550781,93.7911911010742,70.1048736572266,216.157562255859,7.69849061965942
1166,24.3976039886475,225.453979492188,244.148818969727,183.243957519531,72.6055755615234,97.9713745117188,65.80908203125,206.514556884766,4.77429580688477
1168,23.2923889160156,227.294738769531,244.481750488281,177.412979125977,69.8223419189453,98.4193496704102,71.5304412841797,197.973815917969,4.21344614028931
1170,22.6953544616699,229.843795776367,240.724136352539,171.08821105957,68.1895141601563,91.2151260375977,73.0010452270508,186.324340820313,6.63024711608887
1172,18.7660179138184,227.721252441406,246.789077758789,171.768188476563,66.3681488037109,87.5393447875977,65.2915420532227,176.914794921875,7.19359540939331
1174,24.3642616271973,217.566024780273,251.544586181641,176.999526977539,62.3523788452148,87.1815414428711,59.5573234558105,173.340515136719,7.46352005004883
1176,27.0963363647461,214.315704345703,254.506546020508,178.942901611328,64.7465972900391,87.7364959716797,59.2225074768066,164.095657348633,5.64541625976563
1178,26.6894474029541,215.355133056641,250.877624511719,173.870132446289,59.1794929504395,84.0170516967773,61.6476745605469,155.651504516602,6.69936275482178
1180,29.5543785095215,213.713470458984,249.019332885742,176.269439697266,57.9520797729492,82.0758590698242,61.1450996398926,152.305206298828,6.25366163253784
1182,23.1246509552002,209.773208618164,250.974105834961,164.837829589844,63.1498680114746,83.9786224365234,66.7701187133789,149.197830200195,4.64996147155762
1184,24.7391910552979,197.656112670898,242.868606567383,156.642715454102,66.813720703125,85.0054626464844,68.0958633422852,140.617294311523,3.50004577636719
1186,25.8878421783447,204.995986938477,250.561218261719,158.601974487305,72.0777130126953,86.4307098388672,75.4951171875,130.750305175781,2.77051520347595
1188,34.5931167602539,202.629516601563,249.026245117188,169.675628662109,71.7324066162109,86.581787109375,71.6161804199219,128.990631103516,5.14932346343994
1190,32.319522857666,179.489196777344,226.037460327148,163.59748840332,62.306209564209,93.0621337890625,69.081787109375,122.39574432373,6.58419513702393
1192,29.2520790100098,171.650543212891,242.123992919922,153.081298828125,55.0081024169922,97.5900497436523,71.8683471679688,125.415161132813,2.75956296920776
1194,39.3219032287598,166.365951538086,256.721130371094,150.276870727539,58.0585556030273,98.6772918701172,80.3883590698242,130.82698059082,1.70462131500244
1196,47.6591033935547,156.688674926758,252.52995300293,135.724182128906,60.8423194885254,105.052139282227,87.1171188354492,133.602478027344,1.69693171977997
1198,53.1285095214844,144.981811523438,272.598846435547,140.518051147461,66.3179702758789,105.724807739258,85.0610275268555,132.509262084961,1.63433623313904
1200,47.6294555664063,147.926010131836,282.976287841797,127.030334472656,79.5489654541016,108.763442993164,76.1027755737305,135.673843383789,5.52098989486694
1202,39.1218872070313,143.729736328125,260.820709228516,92.5685424804688,82.0614547729492,106.34513092041,76.3606796264648,132.615646362305,9.43369007110596
1204,25.8788318634033,132.768035888672,260.538269042969,91.5150756835938,67.3064117431641,105.887603759766,79.3605346679688,132.463256835938,3.17118859291077
1206,33.2089538574219,137.576278686523,263.821319580078,135.597183227539,54.3662605285645,106.641372680664,80.5007476806641,133.445785522461,3.64947199821472
1208,31.7583160400391,135.517059326172,250.548370361328,103.677703857422,47.3969573974609,105.470336914063,67.7996597290039,129.288619995117,3.43320989608765
1210,24.4320983886719,125.057861328125,225.630920410156,92.1979522705078,56.0822639465332,89.4646224975586,57.8119468688965,131.036468505859,5.30847454071045
1212,25.3267669677734,106.712821960449,202.792129516602,80.6736297607422,60.9122276306152,88.7199096679688,50.6578788757324,146.091918945313,3.74699664115906
1214,26.2987976074219,86.7814559936523,177.978408813477,68.1527862548828,66.1598434448242,87.9108047485352,42.8851852416992,162.44921875,2.05049586296082
1216,27.3586769104004,65.0487213134766,150.92204284668,54.500316619873,71.8817367553711,87.0285720825195,34.4099998474121,180.284896850586,0.20066599547863
1218,33.3301887512207,72.2977294921875,175.136444091797,37.5538330078125,77.0886001586914,87.0377655029297,42.6603698730469,177.784759521484,0.162119910120964
1220,32.9663162231445,52.165210723877,175.061325073242,-15.7970695495605,68.2430419921875,97.7934188842773,54.4427909851074,166.515686035156,-7.27607202529907
1222,38.6492118835449,46.4284515380859,157.524856567383,-13.3921461105347,57.819206237793,111.210021972656,49.3237495422363,164.531661987305,1.07473921775818
1224,47.2208671569824,63.7767562866211,175.755294799805,19.0354022979736,64.9872360229492,113.082305908203,39.0948638916016,175.883773803711,0.575705528259277
1226,16.0099697113037,94.5005111694336,190.043350219727,27.7858867645264,65.4553146362305,103.293724060059,39.9543113708496,176.268829345703,-4.09297609329224
1228,14.5184450149536,88.0427474975586,189.594833374023,-0.204345226287842,79.6139907836914,94.6172103881836,47.518367767334,170.170196533203,-4.27864074707031
1230,34.4220352172852,100.052719116211,162.142425537109,3.3648726940155,67.6824111938477,98.7501754760742,48.136890411377,180.012130737305,-0.607426226139069
1232,35.2309646606445,72.7215957641602,178.599945068359,40.6010818481445,55.665584564209,104.813621520996,49.9787940979004,189.163513183594,6.13249015808105
1234,37.5758247375488,71.5673141479492,183.277252197266,36.7144470214844,58.7454147338867,99.102424621582,61.0131568908691,173.600601196289,5.6377739906311
1236,28.4484939575195,57.365104675293,159.83464050293,37.2144165039063,63.8393821716309,93.2619552612305,67.2226257324219,160.088729858398,7.10603475570679
1238,30.9836673736572,45.846622467041,157.896759033203,17.6309967041016,56.2732582092285,88.9586868286133,70.5946578979492,161.782989501953,5.57447004318237
1240,34.913402557373,46.5967063903809,173.721099853516,12.3626012802124,61.2439575195313,97.498779296875,79.5776519775391,171.211791992188,-4.87520456314087
1242,62.6213760375977,59.921142578125,197.407119750977,7.38767194747925,79.4749298095703,100.051376342773,51.3210411071777,175.16667175293,1.56133377552032
1244,83.3012542724609,73.1849060058594,200.16259765625,17.4441871643066,76.0590667724609,114.799171447754,57.9460105895996,170.250503540039,12.9754219055176
1246,80.6432037353516,76.1883239746094,206.166915893555,32.1097793579102,84.0178985595703,110.771659851074,63.9904975891113,175.25016784668,10.319372177124
1248,78.4730911254883,78.0000915527344,230.385299682617,27.8912506103516,85.9160537719727,114.545471191406,74.2644195556641,183.410202026367,9.73949337005615
1250,72.2246170043945,71.3668823242188,203.718002319336,40.4290351867676,98.0339660644531,119.966842651367,86.5457992553711,184.595779418945,17.8458271026611
1252,74.157844543457,84.8871612548828,191.123107910156,26.795581817627,95.6133575439453,114.594169616699,75.1102752685547,191.131134033203,12.6418781280518
1254,89.5502548217773,93.6192626953125,209.664352416992,32.722225189209,98.5842056274414,121.97191619873,63.6977233886719,193.942779541016,15.1333417892456
1256,88.0786514282227,100.573669433594,213.891128540039,14.8629426956177,94.9875106811523,122.559997558594,62.1429710388184,193.376922607422,18.772970199585
1258,85.9772109985352,103.93522644043,202.255828857422,2.42056632041931,87.2551422119141,118.744491577148,66.5693588256836,188.210968017578,21.4866752624512
1260,76.4883575439453,96.9134521484375,200.995651245117,22.7980155944824,85.6142120361328,116.514518737793,62.3169326782227,183.082473754883,20.4007339477539
1262,84.3442153930664,99.0665130615234,205.511260986328,30.984411239624,86.8265914916992,113.951858520508,59.4451675415039,185.969131469727,24.5428314208984
1264,80.5939331054688,94.3821716308594,204.89111328125,34.3090476989746,87.9357376098633,108.922439575195,60.6752891540527,193.714691162109,25.1326942443848
1266,78.2638244628906,104.374732971191,202.685333251953,41.2987174987793,91.1814956665039,102.555480957031,60.9168548583984,206.979736328125,28.0379810333252
1268,80.3343811035156,116.660362243652,204.967971801758,45.7345733642578,92.0656661987305,100.052024841309,60.0436210632324,234.541091918945,29.3687801361084
1270,82.5864181518555,126.604957580566,202.938552856445,59.7147445678711,92.2645797729492,103.977325439453,60.6761322021484,273.076080322266,27.1325397491455
1272,85.6931838989258,134.477386474609,205.143997192383,75.1642074584961,91.8770294189453,106.755432128906,62.0863647460938,312.597381591797,26.12158203125
1274,87.6766738891602,135.487808227539,208.997711181641,85.051155090332,92.8204956054688,106.841674804688,62.1224899291992,340.139404296875,29.3025703430176
1276,86.2348403930664,131.841186523438,213.772354125977,103.096076965332,91.1481704711914,108.303245544434,57.4304275512695,353.746307373047,29.1681957244873
1278,84.3812561035156,138.766189575195,220.657821655273,98.97216796875,91.268928527832,106.153274536133,56.4756774902344,359.530944824219,29.9637966156006
1280,85.3054046630859,143.963729858398,227.049285888672,106.773208618164,93.3968276977539,104.166702270508,55.8671684265137,358.116912841797,33.7675666809082
1282,80.9740753173828,147.48600769043,232.014572143555,122.986892700195,94.1051635742188,105.708000183105,55.0383567810059,353.362731933594,35.3394622802734
1284,77.8445281982422,151.732894897461,234.858901977539,113.914237976074,94.2764892578125,103.474174499512,57.8350524902344,346.072998046875,36.066234588623
1286,83.7260208129883,155.883605957031,242.496887207031,122.991485595703,95.1292572021484,106.023292541504,61.4180793762207,339.931121826172,36.9421997070313
1288,89.4562683105469,161.306976318359,253.764556884766,122.137962341309,97.7910079956055,110.348655700684,62.7828216552734,328.839172363281,36.629566192627
1290,93.3051528930664,161.722122192383,262.103912353516,114.176559448242,100.825668334961,111.763824462891,65.9697265625,319.438934326172,38.233814239502
1292,95.6013412475586,169.269775390625,269.558990478516,119.041397094727,101.436828613281,113.046913146973,65.3175811767578,308.436645507813,38.6033706665039
1294,94.2186965942383,175.546051025391,279.284240722656,128.914123535156,100.250350952148,115.365585327148,65.5507659912109,294.271209716797,39.8339958190918
1296,92.0589218139648,177.92594909668,288.461456298828,133.485229492188,103.874252319336,120.51252746582,71.8016586303711,281.969573974609,38.4662780761719
1298,88.6282958984375,180.143768310547,293.950256347656,136.746948242188,105.849578857422,120.819641113281,74.6167831420898,265.691955566406,36.3834609985352
1300,91.4022216796875,183.603103637695,291.045623779297,145.072814941406,106.18888092041,125.370407104492,76.4150085449219,251.982025146484,36.406063079834
1302,95.1394805908203,181.403930664063,288.31201171875,158.02082824707,110.21257019043,131.092864990234,78.2193908691406,242.400588989258,35.926441192627
1304,95.4929046630859,178.525665283203,290.178924560547,164.865615844727,108.315757751465,134.419662475586,80.4889678955078,235.963424682617,35.2293395996094
1306,93.803581237793,181.401138305664,280.433471679688,174.837265014648,109.000816345215,136.867767333984,81.9807891845703,231.02197265625,34.7080307006836
1308,90.0400466918945,183.930114746094,275.531372070313,177.864761352539,111.526351928711,138.362213134766,82.6960372924805,224.087982177734,34.8931732177734
1310,88.7053985595703,185.607116699219,272.584259033203,171.156967163086,109.895698547363,138.619338989258,82.0363159179688,216.629653930664,34.1982040405273
1312,85.7971115112305,186.270584106445,267.277038574219,176.437866210938,105.545448303223,138.846466064453,81.5397491455078,212.171798706055,32.9344673156738
1314,80.5160522460938,188.958755493164,270.096069335938,193.007507324219,104.533546447754,139.607864379883,82.6240997314453,208.586776733398,32.2768020629883
1316,80.5472793579102,194.028427124023,271.54443359375,194.090698242188,107.72966003418,141.285797119141,83.3598480224609,206.749984741211,32.3652725219727
1318,83.3695373535156,197.89826965332,269.645111083984,201.723373413086,109.408935546875,142.044006347656,85.2017211914063,205.030502319336,31.1034336090088
1320,85.0765228271484,199.253204345703,277.684112548828,212.290863037109,109.533180236816,145.187789916992,86.202995300293,205.589172363281,31.2054481506348
1322,83.5664749145508,207.004516601563,286.756072998047,216.671798706055,114.384246826172,150.804092407227,90.8546752929688,210.977432250977,35.3045539855957
1324,84.3719482421875,213.813552856445,293.152954101563,225.590057373047,120.611663818359,155.249084472656,95.486442565918,217.100357055664,38.3740615844727
1326,86.8059005737305,221.008865356445,301.141967773438,235.934799194336,125.354698181152,160.156951904297,98.6300659179688,225.090545654297,40.8850326538086
1328,90.4247970581055,231.665771484375,297.537750244141,244.014389038086,129.788299560547,166.221298217773,101.862373352051,229.193359375,43.799388885498
1330,94.2899322509766,241.92790222168,297.063629150391,254.697738647461,133.420486450195,172.395034790039,103.844886779785,232.115951538086,45.597785949707
1332,94.3445129394531,244.191619873047,297.0908203125,257.573944091797,135.633224487305,173.028350830078,106.771308898926,234.434371948242,45.4578399658203
1334,96.3803939819336,250.999084472656,300.032928466797,263.331176757813,136.470397949219,174.811172485352,108.848335266113,238.785797119141,45.6676979064941
1336,97.7846755981445,255.722747802734,304.715362548828,270.819427490234,135.824295043945,177.300582885742,107.641822814941,239.183181762695,41.3144378662109
1338,97.3723526000977,257.315368652344,306.509765625,276.236297607422,134.3857421875,176.899642944336,108.198799133301,232.966522216797,33.0146331787109
1340,101.133529663086,261.970764160156,316.290618896484,277.591400146484,134.6064453125,179.893508911133,116.016860961914,235.045333862305,30.9217777252197
1342,109.377487182617,274.052490234375,324.079925537109,282.753662109375,138.322265625,184.307586669922,119.198204040527,251.175964355469,40.4323272705078
1344,118.276473999023,292.050720214844,329.143524169922,295.20947265625,145.576461791992,191.177642822266,124.041801452637,270.829620361328,50.2517356872559
1346,125.734642028809,308.034515380859,340.800994873047,303.422515869141,151.192932128906,198.291885375977,129.607482910156,286.210906982422,58.1639709472656
1348,134.031463623047,325.936737060547,355.643188476563,321.020202636719,160.543273925781,207.785919189453,138.322616577148,303.373229980469,63.4017639160156
1350,140.946228027344,340.041900634766,376.89306640625,338.163024902344,171.859298706055,219.135635375977,148.198303222656,323.861602783203,69.1112594604492
1352,151.453689575195,348.847778320313,395.211944580078,355.771087646484,179.90315246582,225.900207519531,158.421905517578,342.188293457031,76.3817520141602
1354,162.514511108398,358.313720703125,409.111541748047,372.518920898438,184.893615722656,238.530288696289,174.471084594727,360.224426269531,84.221061706543
1356,174.629776000977,376.001922607422,424.527984619141,393.257995605469,201.497207641602,253.467147827148,191.239105224609,381.952270507813,93.6513137817383
1358,182.107543945313,387.467102050781,436.689270019531,411.941558837891,213.876068115234,263.334625244141,203.925445556641,399.836090087891,100.619911193848
1360,182.081970214844,387.824890136719,445.409393310547,424.074951171875,220.411209106445,270.106506347656,210.571624755859,405.125061035156,95.8565292358398
1362,178.947769165039,379.999786376953,460.699035644531,423.112579345703,227.110870361328,271.422576904297,209.212997436523,394.875244140625,82.2021102905273
1364,181.643585205078,381.810668945313,457.500793457031,428.795104980469,228.63069152832,269.669830322266,209.814819335938,403.748474121094,87.6014022827148
1366,178.410781860352,387.641998291016,443.700592041016,438.1943359375,224.352508544922,262.27001953125,206.694320678711,414.610382080078,95.1080627441406
1368,166.621154785156,381.068542480469,426.972717285156,430.475860595703,213.295547485352,251.547485351563,198.907791137695,408.993377685547,89.4244689941406
1370,159.774475097656,379.582702636719,414.680938720703,435.982086181641,209.175842285156,245.211669921875,195.569885253906,411.517303466797,91.8533020019531
1372,152.680297851563,376.255737304688,413.582702636719,437.244079589844,205.111328125,241.374954223633,192.166564941406,405.548309326172,85.2152252197266
1374,149.914001464844,372.141754150391,418.676574707031,429.622924804688,206.602569580078,244.048690795898,191.863723754883,388.847473144531,73.3105087280273
1376,160.180053710938,379.107055664063,426.254943847656,444.00634765625,215.703002929688,250.565994262695,203.110824584961,404.575775146484,81.2429351806641
1378,170.820892333984,384.434967041016,430.616302490234,460.875457763672,224.581390380859,259.740325927734,213.051559448242,423.642608642578,91.7314300537109
1380,179.067962646484,386.895782470703,422.055694580078,469.570831298828,231.291412353516,267.1572265625,223.212646484375,435.947296142578,102.706802368164
1382,185.936218261719,393.882568359375,415.703704833984,481.140686035156,242.639511108398,276.501647949219,234.334762573242,449.307006835938,111.447723388672
1384,183.16178894043,400.293762207031,416.884704589844,485.069915771484,243.946411132813,278.659057617188,234.339416503906,453.882110595703,110.360153198242
1386,166.25764465332,387.460693359375,413.772918701172,462.415069580078,231.10676574707,270.054534912109,223.235244750977,419.4326171875,91.2031021118164
1388,159.686767578125,380.504486083984,424.809814453125,457.46728515625,224.99040222168,261.795867919922,220.654815673828,408.272613525391,82.7364654541016
1390,162.987365722656,389.855895996094,429.187133789063,473.147338867188,228.340408325195,262.692138671875,225.345336914063,433.519805908203,90.1624450683594
1392,169.901992797852,401.04150390625,429.688018798828,481.713409423828,233.939376831055,270.074310302734,229.688674926758,452.018035888672,95.1633071899414
1394,172.530395507813,403.530334472656,439.992614746094,477.614227294922,241.016708374023,285.217559814453,236.822937011719,434.253051757813,81.2008361816406
1396,183.470336914063,405.915283203125,457.803405761719,493.938446044922,259.769958496094,310.255249023438,254.959121704102,456.961608886719,80.6767959594727
1398,193.640060424805,405.176727294922,472.337036132813,501.230010986328,273.538421630859,327.833831787109,263.913116455078,472.932159423828,80.8921279907227
1400,231.427856445313,428.281188964844,504.075927734375,534.507446289063,302.919647216797,360.917083740234,299.58447265625,550.656982421875,109.004257202148
1402,260.273864746094,452.121032714844,536.140197753906,567.329406738281,330.836791992188,392.125854492188,327.645721435547,621.798645019531,135.028762817383
1404,270.836853027344,462.196929931641,564.120910644531,572.439147949219,348.475158691406,412.417053222656,339.495697021484,634.494750976563,135.003662109375
1406,281.134246826172,468.220062255859,573.156555175781,586.892944335938,359.694793701172,426.751220703125,349.564300537109,654.442565917969,145.127624511719
1408,282.976379394531,468.525390625,573.0771484375,592.494262695313,358.624298095703,425.982940673828,352.512786865234,665.311645507813,151.610290527344
1410,277.044403076172,458.059661865234,582.308471679688,585.636108398438,342.037811279297,410.249694824219,335.6240234375,645.978088378906,145.25520324707
1412,262.215942382813,458.733581542969,590.291320800781,568.690307617188,323.442626953125,389.766693115234,317.313293457031,616.370727539063,135.019012451172
1414,239.457672119141,450.815093994141,582.257507324219,546.677978515625,301.008331298828,366.268737792969,297.82861328125,576.51611328125,122.217697143555
1416,220.70442199707,433.367889404297,573.486999511719,527.370544433594,280.292663574219,348.843505859375,275.769195556641,520.162475585938,99.0395889282227
1418,200.936111450195,414.811889648438,546.779907226563,490.418762207031,257.619110107422,325.390472412109,250.394027709961,452.417785644531,72.3308715820313
1420,160.721221923828,383.733062744141,520.871398925781,454.604553222656,218.330444335938,276.960235595703,214.099060058594,393.757781982422,55.6413993835449
1422,138.353973388672,357.862976074219,495.471374511719,419.389801025391,196.509307861328,251.476257324219,194.21875,372.384094238281,51.2940673828125
1424,125.222473144531,343.116485595703,496.274658203125,401.619354248047,179.976837158203,229.064193725586,179.753662109375,352.7783203125,44.5865936279297
1426,114.686790466309,337.140197753906,499.033935546875,405.764190673828,171.606582641602,217.553176879883,169.061676025391,353.353485107422,44.6535491943359
1428,102.088188171387,326.813232421875,497.550323486328,393.395324707031,163.956115722656,206.247009277344,157.631591796875,337.178924560547,41.183479309082
1430,95.6734390258789,327.455352783203,513.043334960938,392.885314941406,159.899597167969,205.803466796875,149.002532958984,315.255493164063,40.002815246582
1432,95.0271072387695,322.845306396484,536.680419921875,396.441528320313,161.9267578125,210.044158935547,153.147659301758,315.322723388672,41.1909332275391
1434,90.8342361450195,328.969116210938,552.356689453125,396.598297119141,160.427337646484,213.407592773438,152.192840576172,310.513824462891,37.7602920532227
1436,91.822868347168,325.380065917969,560.995361328125,399.066284179688,159.738250732422,218.093460083008,158.607864379883,289.533264160156,25.3081493377686
1438,98.0894775390625,321.167205810547,572.858154296875,387.959716796875,157.28385925293,226.043212890625,164.709625244141,295.234771728516,31.6182765960693
1440,104.645050048828,319.713745117188,591.541809082031,395.176879882813,162.576583862305,232.655609130859,165.890884399414,305.158874511719,38.0231323242188
1442,112.056449890137,324.781005859375,617.091613769531,399.825256347656,170.518814086914,241.087448120117,165.333587646484,311.429382324219,41.0856742858887
1444,109.551094055176,321.035552978516,630.030151367188,403.439758300781,172.741897583008,244.667129516602,166.078674316406,315.264831542969,41.1203689575195
1446,104.803085327148,313.128631591797,629.220642089844,393.770080566406,158.829208374023,242.656631469727,161.043518066406,305.243682861328,35.1190452575684
1448,113.466659545898,314.771820068359,629.133544921875,393.403717041016,158.139083862305,251.644683837891,164.702560424805,301.463592529297,29.3669166564941
1450,115.433563232422,293.830810546875,536.561340332031,375.697265625,166.356552124023,257.332824707031,159.2119140625,298.958648681641,33.2582473754883
1452,117.511650085449,271.706115722656,438.756530761719,356.990020751953,175.038482666016,263.342437744141,153.410903930664,296.312133789063,37.3695335388184
1454,119.710609436035,248.294464111328,335.262603759766,337.194580078125,184.225433349609,269.70166015625,147.272476196289,293.511688232422,41.7199592590332
1456,104.534637451172,237.799926757813,349.532012939453,317.652191162109,192.231704711914,278.385864257813,139.173919677734,285.560424804688,31.5620613098145
1458,106.099060058594,220.746276855469,430.026214599609,349.361541748047,205.067443847656,307.469635009766,154.72102355957,278.5791015625,20.071310043335
1460,124.284355163574,256.435638427734,451.353942871094,360.929016113281,211.897567749023,301.075469970703,160.879104614258,287.220520019531,36.3928375244141
1462,125.441818237305,260.255584716797,436.630889892578,344.488403320313,202.640808105469,292.067687988281,157.394149780273,292.285858154297,43.2148551940918
1464,121.96272277832,241.104873657227,426.695922851563,318.7412109375,194.982528686523,287.608032226563,149.974990844727,292.153045654297,40.6981544494629
1466,127.428283691406,238.852630615234,413.981292724609,298.856231689453,195.261993408203,282.584045410156,156.498229980469,289.015502929688,44.7521362304688
1468,128.635467529297,226.575042724609,389.436584472656,272.291412353516,191.130096435547,276.691253662109,157.312271118164,287.572540283203,48.7388076782227
1470,117.230926513672,201.739456176758,355.753295898438,253.875640869141,175.066986083984,272.019409179688,146.012176513672,272.589172363281,43.5540962219238
1472,100.083885192871,156.039260864258,290.577911376953,198.555221557617,137.386672973633,251.045715332031,117.127616882324,235.013702392578,30.7713737487793
1474,90.5018081665039,153.759429931641,240.428207397461,168.767593383789,129.422225952148,221.084671020508,100.312728881836,197.252853393555,28.2666034698486
1476,88.4492340087891,151.186096191406,215.548553466797,171.293304443359,129.057846069336,202.596374511719,82.0658264160156,189.617858886719,22.8067760467529
1478,81.0362777709961,135.100173950195,204.96858215332,166.469573974609,112.954162597656,185.266616821289,68.8921661376953,180.718475341797,21.7644195556641
1480,72.0239105224609,134.324081420898,208.459350585938,154.748489379883,101.411842346191,163.583450317383,56.5188751220703,174.543197631836,16.3496284484863
1482,57.7157211303711,128.266387939453,192.751174926758,137.097473144531,92.8831939697266,153.511856079102,45.5942916870117,164.272705078125,17.9844131469727
1484,50.0857162475586,116.717391967773,183.425338745117,128.470565795898,87.8193054199219,148.550003051758,41.8060455322266,158.128494262695,17.7994995117188
1486,38.6913909912109,101.695381164551,187.65087890625,100.047286987305,79.2705383300781,136.660430908203,40.5655517578125,150.171783447266,16.091667175293
1488,28.1677780151367,92.8034973144531,192.05924987793,62.6205596923828,66.0412368774414,124.662223815918,39.3085670471191,155.385498046875,13.3209924697876
1490,42.5326118469238,89.5262451171875,188.543487548828,77.4581680297852,71.9052352905273,138.372695922852,42.9375152587891,168.345077514648,15.0496950149536
1492,53.2555351257324,108.050933837891,181.490234375,86.0187149047852,78.142333984375,138.456832885742,46.04150390625,155.942352294922,19.249044418335
1494,51.2535629272461,115.329856872559,181.756530761719,84.9206390380859,77.7888259887695,137.394760131836,54.4832191467285,156.574645996094,17.2465553283691
1496,63.4166107177734,95.6664199829102,171.62434387207,74.7308807373047,70.7679977416992,125.487655639648,44.4096527099609,157.768341064453,17.5460777282715
1498,54.8926811218262,98.7784652709961,169.982269287109,68.1571578979492,69.7498016357422,125.605728149414,43.9422035217285,171.853271484375,23.4618244171143
1500,56.0796127319336,106.618507385254,176.422317504883,84.9714279174805,69.3325119018555,124.454513549805,56.1461601257324,172.807907104492,29.90114402771
1502,58.5700836181641,120.954383850098,186.073806762695,83.3632888793945,79.6110687255859,118.53759765625,62.0775527954102,169.42204284668,27.5566883087158
1504,65.9066467285156,128.403656005859,174.203674316406,67.9453659057617,79.6360397338867,119.898323059082,51.8292846679688,178.558654785156,23.6329612731934
1506,77.3255310058594,68.5471725463867,115.144233703613,88.8774108886719,42.750171661377,109.502960205078,7.06187200546265,152.826416015625,7.00786590576172
1508,50.7084465026855,67.8683395385742,171.664016723633,122.634452819824,45.250789642334,116.401260375977,11.1174411773682,142.499450683594,-6.46152544021606
1510,73.4523391723633,107.864685058594,237.922225952148,127.397033691406,71.6592330932617,125.677017211914,58.0649948120117,186.371109008789,1.88865494728088
1512,100.800926208496,114.102386474609,278.691314697266,124.344528198242,94.7979736328125,133.364486694336,80.654541015625,232.078140258789,10.1104345321655
1514,113.164375305176,127.613105773926,307.527618408203,109.148941040039,107.851005554199,145.547149658203,81.6437530517578,250.311004638672,19.2971115112305
1516,101.458435058594,116.249420166016,271.384887695313,114.494857788086,102.589698791504,125.211578369141,67.4866180419922,231.721923828125,17.0411434173584
1518,100.902351379395,105.823997497559,278.6259765625,99.4142837524414,105.528594970703,140.700317382813,63.5281753540039,244.555450439453,12.9365844726563
1520,82.2825698852539,80.7220916748047,292.824127197266,43.4339408874512,108.344024658203,133.379791259766,55.9805335998535,236.953399658203,5.87610912322998
1522,105.872550964355,143.800720214844,350.478149414063,35.4409866333008,135.631988525391,165.015411376953,75.7246017456055,280.371154785156,16.8316249847412
1524,139.92236328125,176.920379638672,368.966522216797,57.5225143432617,138.768249511719,179.094223022461,103.716949462891,312.715362548828,25.8584632873535
1526,160.706130981445,184.874954223633,398.445983886719,58.2684326171875,146.624084472656,191.648956298828,120.77995300293,327.463348388672,23.9716949462891
1528,179.263061523438,228.644393920898,465.662719726563,102.538063049316,171.791946411133,222.059814453125,139.408554077148,382.443878173828,36.461254119873
1530,184.609481811523,231.752731323242,472.807403564453,138.490417480469,185.459701538086,224.124389648438,138.599731445313,394.957611083984,44.4408149719238
1532,182.19905090332,215.263977050781,448.905303955078,147.670211791992,180.215072631836,224.219711303711,137.407638549805,379.335662841797,41.435173034668
1534,209.293075561523,233.059173583984,481.668365478516,167.817672729492,200.596832275391,239.491119384766,150.745788574219,412.078918457031,41.574405670166
1536,222.564804077148,245.760177612305,488.827880859375,185.919281005859,212.625289916992,253.369094848633,163.099090576172,445.036590576172,48.6735458374023
1538,217.204956054688,234.929656982422,478.991943359375,174.626403808594,213.791763305664,250.226531982422,170.530990600586,459.728790283203,45.4502830505371
1540,230.079406738281,213.97998046875,487.359741210938,117.19312286377,216.32633972168,249.625289916992,189.882186889648,475.780883789063,38.9093627929688
1542,251.080917358398,285.076171875,542.369140625,195.808517456055,244.990509033203,273.384338378906,185.355117797852,512.944213867188,43.8951416015625
1544,250.562469482422,287.876678466797,526.909606933594,220.273086547852,262.482208251953,291.886352539063,204.270721435547,525.414489746094,49.1679039001465
1546,255.663024902344,307.291870117188,527.7666015625,191.233551025391,251.618072509766,280.997039794922,200.622421264648,541.207458496094,68.6891326904297
1548,252.580627441406,316.149139404297,519.756469726563,175.075531005859,237.364730834961,270.976531982422,193.349044799805,539.098205566406,73.2695541381836
1550,256.179809570313,332.496154785156,526.88525390625,168.548049926758,235.629364013672,272.985687255859,197.321502685547,552.316589355469,71.7809448242188
1552,256.697784423828,320.448638916016,526.110778808594,179.386810302734,235.735687255859,275.42529296875,192.497756958008,559.429077148438,74.6759490966797
1554,255.514389038086,328.948791503906,547.409423828125,165.072463989258,239.299865722656,284.355499267578,197.093017578125,562.679260253906,72.7378082275391
1556,256.627990722656,328.990386962891,564.380249023438,174.968551635742,243.080551147461,288.610748291016,204.005249023438,564.34326171875,69.078987121582
1558,232.88395690918,274.474426269531,537.714965820313,148.367050170898,220.207824707031,290.312225341797,201.577514648438,540.83203125,48.8990707397461
1560,261.767639160156,340.196563720703,574.0673828125,213.785247802734,264.310882568359,306.4521484375,226.161239624023,580.099182128906,62.6334381103516
1562,275.385375976563,353.092712402344,568.139465332031,229.222702026367,275.451507568359,293.642272949219,225.789627075195,607.273681640625,85.4868087768555
1564,277.900482177734,358.572998046875,554.949890136719,206.741195678711,274.285064697266,296.145141601563,229.688659667969,618.662292480469,92.3079071044922
1566,288.222320556641,362.246459960938,549.555053710938,206.939437866211,283.922302246094,295.54248046875,230.579986572266,643.961669921875,101.605049133301
1568,288.482543945313,353.104095458984,537.788940429688,193.805252075195,284.711639404297,304.727416992188,226.326187133789,637.697448730469,99.4732818603516
1570,310.873931884766,363.276458740234,512.555297851563,200.205001831055,302.004180908203,309.047821044922,235.175003051758,651.219299316406,101.696411132813
1572,329.976501464844,373.531707763672,509.232055664063,230.112106323242,317.505126953125,307.745391845703,240.42854309082,698.632629394531,116.339752197266
1574,333.008666992188,372.779724121094,512.439636230469,222.117065429688,316.362091064453,316.202941894531,241.622116088867,710.050476074219,116.22981262207
1576,361.392395019531,390.039520263672,543.515075683594,219.913650512695,312.378540039063,353.038269042969,266.397125244141,720.372924804688,109.112251281738
1578,397.004028320313,402.519256591797,572.013244628906,240.243865966797,320.140869140625,354.731689453125,277.094329833984,779.188049316406,131.381942749023
1580,421.217468261719,406.423492431641,576.253784179688,248.916687011719,328.850463867188,348.670227050781,278.980865478516,829.011047363281,156.652801513672
1582,440.020385742188,411.39794921875,583.292541503906,264.419128417969,344.590942382813,347.919830322266,283.729339599609,857.969482421875,172.308380126953
1584,450.607940673828,421.799560546875,622.02099609375,278.697662353516,357.637084960938,342.691345214844,287.188903808594,868.670227050781,181.452682495117
1586,451.455718994141,430.983123779297,665.135192871094,294.55615234375,377.500152587891,339.271301269531,284.984436035156,864.601806640625,185.251586914063
1588,437.714569091797,435.128723144531,675.574645996094,309.12255859375,401.265991210938,338.067626953125,282.416778564453,846.196472167969,181.857330322266
1590,419.189422607422,439.417388916016,670.69970703125,320.754028320313,406.314758300781,335.507415771484,280.891510009766,821.411926269531,174.228530883789
1592,402.49951171875,443.430999755859,649.824401855469,335.832977294922,402.813171386719,330.73779296875,280.527862548828,800.42578125,167.811370849609
1594,376.523773193359,442.421325683594,627.607055664063,335.668487548828,375.577056884766,322.637573242188,278.308441162109,764.455139160156,153.235427856445
1596,354.021667480469,436.167236328125,628.353942871094,345.185699462891,350.900787353516,303.808380126953,268.37255859375,727.290771484375,145.907470703125
1598,334.142333984375,428.007598876953,625.649963378906,358.734680175781,333.66845703125,283.826416015625,260.312805175781,700.318176269531,142.609405517578
1600,313.526458740234,421.717620849609,614.211669921875,368.324737548828,315.557067871094,273.652069091797,253.237854003906,670.878967285156,132.927124023438
1602,295.446105957031,420.709625244141,600.06103515625,372.271942138672,306.644134521484,269.312713623047,249.003326416016,638.27294921875,120.465141296387
1604,281.454132080078,420.373352050781,573.964233398438,375.809936523438,291.693389892578,255.641677856445,239.547897338867,609.306701660156,112.842819213867
1606,266.276947021484,417.580841064453,566.440612792969,382.088806152344,275.159881591797,250.130905151367,233.181427001953,582.722045898438,104.653015136719
1608,245.444946289063,410.655639648438,559.049499511719,371.867034912109,245.706909179688,241.145935058594,229.223083496094,548.556518554688,94.1997222900391
1610,232.40446472168,407.60400390625,553.529724121094,364.083160400391,217.912841796875,228.422943115234,216.930297851563,527.707214355469,88.9424133300781
1612,218.636428833008,396.00537109375,539.723388671875,356.616180419922,215.996520996094,217.226486206055,200.010696411133,510.473449707031,85.5466842651367
1614,205.996292114258,380.824279785156,523.907165527344,342.882934570313,205.208282470703,211.417861938477,189.444671630859,487.693054199219,77.9399490356445
1616,196.05908203125,369.090728759766,529.230773925781,341.675903320313,200.072250366211,210.805450439453,181.919845581055,449.209625244141,62.9800224304199
1618,187.607330322266,359.690856933594,536.31005859375,329.303680419922,206.874328613281,200.560180664063,171.42919921875,432.3759765625,56.6521835327148
1620,179.372512817383,351.808166503906,524.043334960938,311.697845458984,202.125625610352,193.391815185547,163.411544799805,441.065399169922,57.7021713256836
1622,174.208862304688,347.320159912109,509.291351318359,311.459747314453,197.402465820313,192.502197265625,164.453918457031,431.710632324219,48.6763916015625
1624,174.350250244141,339.072387695313,499.078552246094,309.974822998047,190.342880249023,185.919097900391,162.213684082031,434.867919921875,43.5466079711914
1626,168.311416625977,327.142211914063,496.072052001953,299.638610839844,180.075714111328,179.352142333984,156.495559692383,440.026123046875,44.7955436706543
1628,162.964965820313,323.942810058594,497.183013916016,294.663848876953,173.709716796875,171.25276184082,153.726806640625,452.333282470703,44.4334106445313
1630,165.305618286133,321.619506835938,488.162475585938,291.011840820313,169.696090698242,164.730224609375,146.760925292969,471.601531982422,49.5540237426758
1632,161.73681640625,317.701385498047,482.320587158203,295.682922363281,167.136367797852,162.336410522461,143.178756713867,477.0888671875,48.3873710632324
1634,151.625564575195,306.430908203125,474.868103027344,305.807403564453,163.906311035156,158.857345581055,139.294494628906,456.705383300781,36.5474166870117
1636,147.729293823242,305.532470703125,505.846618652344,318.476135253906,156.115936279297,161.551284790039,140.572067260742,416.553436279297,19.9345645904541
1638,154.873397827148,317.151123046875,538.892150878906,328.253967285156,153.990921020508,165.773681640625,144.470993041992,439.059600830078,25.2447147369385
1640,158.670196533203,327.212493896484,548.291748046875,330.586761474609,155.39404296875,165.789978027344,144.98046875,464.558044433594,34.2756996154785
1642,160.214752197266,338.565093994141,561.093383789063,346.03662109375,152.830474853516,163.558303833008,144.261154174805,474.748016357422,40.1295051574707
1644,154.048873901367,338.400787353516,564.769775390625,345.444946289063,149.885162353516,163.486450195313,141.597229003906,459.676849365234,35.9874038696289
1646,152.245498657227,327.397827148438,602.217712402344,354.388641357422,154.546783447266,168.578109741211,139.531600952148,421.039001464844,18.4671401977539
1648,161.005310058594,340.390045166016,689.485656738281,387.963043212891,173.122329711914,174.369094848633,149.71989440918,408.337615966797,15.2395820617676
1650,153.7490234375,337.877807617188,681.30029296875,378.562316894531,175.627975463867,168.129638671875,148.541610717773,406.836975097656,18.6515159606934
1652,143.971771240234,320.552337646484,669.715637207031,370.222686767578,173.558044433594,163.38313293457,141.199813842773,388.917114257813,16.3773288726807
1654,164.161468505859,356.190185546875,740.223388671875,399.490264892578,181.899505615234,188.244247436523,158.924728393555,392.999542236328,18.9452743530273
1656,171.779525756836,364.241821289063,724.799621582031,401.787170410156,186.334976196289,183.000457763672,164.6787109375,438.687042236328,37.1544342041016
1658,176.233764648438,370.647674560547,711.011047363281,404.085662841797,190.798141479492,181.051956176758,163.83935546875,469.585144042969,55.8681716918945
1660,177.575561523438,369.11865234375,699.256164550781,401.529174804688,193.60205078125,182.533020019531,161.081878662109,479.718170166016,61.1756439208984
1662,180.213912963867,370.752044677734,710.171875,406.64306640625,195.045913696289,187.429336547852,161.315444946289,477.046447753906,52.3883628845215
1664,182.943984985352,372.373413085938,711.999206542969,415.774719238281,195.945266723633,185.139221191406,160.566345214844,490.852447509766,61.2823944091797
1666,177.891723632813,366.487243652344,678.842529296875,405.218719482422,193.280883789063,181.506072998047,158.088439941406,493.696838378906,66.198600769043
1668,167.967697143555,350.037261962891,645.076843261719,389.57666015625,183.374084472656,181.266143798828,156.01481628418,463.633819580078,50.6130561828613
1670,164.561218261719,331.048461914063,620.489807128906,377.080230712891,171.289535522461,181.931060791016,152.59489440918,428.888397216797,28.8326854705811
1672,161.47395324707,325.927886962891,617.1181640625,380.21533203125,166.564361572266,177.220794677734,149.645080566406,449.338104248047,35.4804420471191
1674,153.25910949707,323.979949951172,601.259216308594,370.905303955078,163.306945800781,173.732009887695,148.045394897461,439.792999267578,33.7809181213379
1676,148.83674621582,312.204864501953,590.389953613281,360.389312744141,164.967132568359,169.314239501953,143.009216308594,446.856140136719,39.0993766784668
1678,145.538391113281,305.771667480469,583.558715820313,356.209167480469,162.67741394043,169.62727355957,138.781631469727,459.386016845703,48.7260894775391
1680,138.720016479492,295.202331542969,577.42919921875,341.866149902344,162.372634887695,170.68147277832,134.555053710938,444.828460693359,44.8362236022949
1682,129.82682800293,280.894653320313,556.263977050781,320.685852050781,157.137588500977,164.698501586914,127.433937072754,424.824188232422,41.7718925476074
1684,118.73868560791,263.256744384766,529.444946289063,306.628570556641,140.479049682617,157.858657836914,120.56721496582,357.733673095703,25.0139312744141
1686,117.535736083984,250.645202636719,495.166107177734,306.36181640625,136.80534362793,152.806030273438,119.266761779785,334.907196044922,23.5776386260986
1688,112.199760437012,247.592407226563,462.3662109375,300.009094238281,132.814147949219,148.32893371582,111.881866455078,328.620880126953,29.8479976654053
1690,106.595375061035,248.228378295898,441.183929443359,296.117828369141,126.089942932129,141.274291992188,108.452835083008,320.99609375,34.2370452880859
1692,101.584976196289,247.327117919922,430.262237548828,287.190307617188,122.308807373047,133.272491455078,104.144966125488,310.814056396484,35.1599006652832
1694,92.0186157226563,230.507308959961,417.831817626953,261.41162109375,115.602027893066,127.064178466797,98.2570724487305,288.369598388672,31.133430480957
1696,85.1015930175781,220.165512084961,405.112274169922,253.872924804688,107.55940246582,126.380462646484,99.6977920532227,240.801940917969,21.6400718688965
1698,79.0245895385742,208.445602416992,387.491851806641,254.735153198242,94.5692977905273,119.26936340332,96.4512100219727,209.541427612305,13.9767055511475
1700,76.9717788696289,201.694717407227,372.622131347656,249.581970214844,90.1832809448242,119.379959106445,93.7876892089844,183.456420898438,10.1764888763428
1702,80.8005065917969,214.198608398438,362.698760986328,258.500701904297,95.0978546142578,118.548851013184,92.9318389892578,185.423980712891,12.8984069824219
1704,81.2768630981445,220.78938293457,359.243499755859,266.075927734375,99.0956497192383,117.257926940918,95.0237884521484,190.568481445313,12.9630193710327
1706,84.610595703125,229.26579284668,357.863311767578,276.003570556641,102.60082244873,121.173072814941,96.9321823120117,196.072860717773,18.6348323822021
1708,84.211669921875,233.570053100586,354.664001464844,268.777130126953,106.391273498535,121.579742431641,95.8828353881836,204.657180786133,25.428279876709
1710,85.9091873168945,233.112899780273,354.605316162109,258.354095458984,110.755508422852,121.359970092773,99.0686874389648,210.759918212891,28.9190711975098
1712,85.6509246826172,225.136215209961,349.300750732422,247.103454589844,111.591667175293,119.629821777344,98.0202178955078,207.77587890625,28.5944404602051
1714,82.7006149291992,214.591857910156,343.769683837891,243.070617675781,112.429458618164,116.137413024902,98.0493698120117,199.543273925781,22.6393299102783
1716,71.6852798461914,195.065673828125,321.83837890625,229.472183227539,109.228530883789,115.043762207031,91.7442321777344,190.714935302734,19.1785335540771
1718,80.0234375,190.207122802734,307.005981445313,232.829940795898,98.0420684814453,116.019805908203,86.2560653686523,180.36637878418,19.3598861694336
1720,82.1997222900391,188.698318481445,289.619293212891,209.379425048828,91.2512054443359,110.0498046875,87.3462142944336,183.939086914063,22.1426620483398
1722,82.9501037597656,182.533905029297,268.488922119141,195.34162902832,86.1421890258789,104.728515625,82.3714828491211,185.644866943359,21.319637298584
1724,78.8389129638672,175.236358642578,239.627243041992,184.071899414063,85.8696594238281,99.5751800537109,76.916862487793,184.555618286133,19.9722690582275
1726,69.263916015625,159.995559692383,225.16862487793,178.28466796875,85.6958999633789,93.4253082275391,72.5534591674805,185.35400390625,19.6821269989014
1728,63.6774749755859,150.418228149414,214.889846801758,166.134704589844,80.6813507080078,87.2513122558594,67.8304672241211,184.201751708984,17.4413051605225
1730,60.0118789672852,139.515365600586,196.650390625,149.014129638672,69.9142837524414,81.4373931884766,63.7744255065918,177.019119262695,13.1041040420532
1732,53.3541984558105,128.876892089844,182.722549438477,146.000640869141,60.1728820800781,77.0662460327148,57.378532409668,167.218475341797,9.76365280151367
1734,46.9173774719238,110.381271362305,164.986907958984,141.245040893555,45.9381942749023,69.9141082763672,50.3982124328613,151.835174560547,5.51062631607056
1736,43.0000228881836,107.76326751709,163.011901855469,120.423011779785,48.7558631896973,67.6937408447266,45.7438316345215,155.041366577148,5.56936693191528
1738,38.6012954711914,101.786231994629,154.674697875977,99.6095504760742,45.7081069946289,65.9243392944336,42.2410697937012,152.679656982422,5.83286476135254
1740,38.2153396606445,97.3791656494141,140.384338378906,98.2600021362305,42.2462425231934,59.0594482421875,39.8584060668945,152.255981445313,5.24913120269775
1742,35.8462753295898,92.2441329956055,125.955131530762,96.5378952026367,42.9466018676758,56.4093780517578,35.3852005004883,148.265274047852,3.55722117424011
1744,30.8008155822754,89.5119400024414,113.452911376953,84.6869125366211,43.0146942138672,50.3368530273438,35.9356803894043,144.235488891602,4.22121286392212
1746,27.1109619140625,77.4926910400391,106.541526794434,75.8616027832031,40.881534576416,45.4274482727051,30.4628810882568,140.767501831055,4.57625246047974
1748,22.819803237915,65.2705688476563,97.4719390869141,66.4029846191406,35.8023300170898,46.4351959228516,24.1074237823486,137.131851196289,5.25645685195923
1750,18.4558429718018,64.4249267578125,91.8225936889648,46.3436164855957,30.3746337890625,42.7751884460449,23.9024620056152,135.444305419922,2.78577351570129
1752,17.8738059997559,61.8225898742676,94.7702560424805,51.4557800292969,30.0655784606934,41.7036209106445,25.6789054870605,138.252487182617,2.36699438095093
1754,15.3522052764893,68.6032104492188,98.6321411132813,50.1298828125,30.8991775512695,40.9105758666992,23.360279083252,135.087371826172,2.28713917732239
1756,12.5939960479736,66.8235778808594,97.6502304077148,48.9716567993164,31.8749942779541,40.5927810668945,19.8113899230957,130.156311035156,0.202970027923584
1758,8.72554397583008,65.5737457275391,95.06005859375,48.029411315918,26.4920978546143,41.1121978759766,18.6436862945557,127.127838134766,0.423705875873566
1760,4.5845947265625,65.6625595092773,85.4684753417969,41.4109649658203,24.1996669769287,37.2741889953613,15.5616178512573,121.115051269531,0.578560650348663
1762,12.4277610778809,66.3611450195313,88.9470062255859,40.4985313415527,23.0732650756836,38.035327911377,18.2604942321777,116.080429077148,-0.259210795164108
1764,14.8696556091309,67.2200393676758,87.9762115478516,44.5683479309082,22.4297275543213,39.5110969543457,16.6836719512939,109.546401977539,2.26225280761719
1766,13.1874027252197,61.4775428771973,81.3951187133789,46.2483711242676,20.9321746826172,39.0067863464355,16.5181140899658,101.832336425781,2.36523723602295
1768,11.2386884689331,55.8500556945801,73.722785949707,46.2632522583008,22.5578327178955,32.9701499938965,18.0772342681885,99.2639999389648,0.809160888195038
1770,9.0779504776001,45.2391586303711,72.7233428955078,43.9993171691895,25.8737277984619,28.30393409729,16.3296680450439,98.2727203369141,1.77223002910614
1772,7.09687042236328,40.8208198547363,82.4251708984375,40.1208267211914,21.4486560821533,28.2541751861572,11.8902149200439,91.3551483154297,4.10974216461182
1774,12.7295942306519,45.5883255004883,84.9383544921875,32.7398147583008,20.0777244567871,28.5445804595947,17.2848701477051,83.9060897827148,3.42101788520813
1776,10.7435064315796,55.4314765930176,89.5558395385742,29.0604400634766,18.494421005249,29.3025150299072,13.4599599838257,80.8246917724609,1.84723496437073
1778,10.1120042800903,62.1678848266602,81.8385772705078,29.2238883972168,18.9988460540771,25.7804279327393,12.506254196167,77.8319549560547,0.62167626619339
1780,12.279088973999,47.5898361206055,84.1490783691406,22.3485641479492,11.653356552124,27.1462249755859,9.26786231994629,70.3680038452148,0.693247735500336
1782,8.63923645019531,40.7902450561523,80.5399780273438,22.1907386779785,12.1747131347656,21.8655071258545,7.98265743255615,66.7096099853516,1.48337352275848
1784,8.11462497711182,40.5635604858398,64.3025665283203,14.8424711227417,14.2248210906982,20.3416118621826,10.029465675354,62.9167022705078,1.29195189476013
1786,6.66373538970947,38.4133491516113,53.5546722412109,16.6053352355957,16.7997531890869,21.6631622314453,7.012939453125,51.797607421875,1.73070228099823
1788,2.68497180938721,34.6104354858398,46.6357383728027,19.5578346252441,16.1030960083008,18.1263065338135,4.75450849533081,46.2321281433105,3.41266298294067
1790,3.18609547615051,30.4784812927246,44.3643760681152,2.70065546035767,12.3069067001343,17.1469230651855,3.8766918182373,34.2065620422363,1.27484428882599
1792,0.559124410152435,40.6287269592285,23.3648662567139,-5.21367788314819,13.2072019577026,20.5134048461914,2.58928656578064,24.9706211090088,2.31143379211426
1794,-0.888590216636658,32.9707832336426,10.6921768188477,10.8085594177246,6.6326003074646,20.3615036010742,7.86195278167725,19.0319423675537,2.52274894714355
1796,-6.36628675460815,21.9332885742188,4.52678251266479,20.617919921875,9.98279190063477,19.6535873413086,6.72755098342896,11.4998025894165,3.78106832504272
1798,-2.37237405776978,4.75315284729004,9.53302192687988,2.10401797294617,10.4479637145996,17.5176239013672,13.9747161865234,14.7570343017578,1.78062844276428
2688,-2.67381238937378,6.31732845306396,9.73258018493652,3.58758974075317,8.84000301361084,16.171895980835,16.1058597564697,12.1589956283569,0.0857440978288651
2690,-3.25252532958984,9.32028484344482,10.1156997680664,6.43580913543701,5.75298023223877,13.5883188247681,20.1973075866699,7.17119073867798,-3.16815567016602
2692,-4.81686401367188,17.4377098083496,11.1513242721558,14.1349449157715,-2.59168243408203,6.60454320907593,31.2570686340332,-6.3115611076355,-11.9639110565186
2694,-13.1379261016846,-11.3725595474243,-8.74782848358154,45.323486328125,-0.298151463270187,13.5053634643555,15.0366916656494,-0.88926374912262,-8.08551502227783
2696,-36.1600112915039,14.621901512146,18.57666015625,2.06837391853333,8.79879283905029,11.7885913848877,10.0392732620239,-7.16928863525391,0.444382905960083
2698,1.12295389175415,-24.3922214508057,30.6908855438232,-1.74638688564301,16.7711009979248,-3.05271935462952,10.7537288665771,13.2476091384888,7.34228372573853
2700,0.021910285577178,-21.1842060089111,31.6676979064941,22.3019142150879,11.0424547195435,1.69276428222656,23.0433349609375,5.39707279205322,7.65619039535522
2702,8.19792556762695,-3.01701235771179,-3.35168147087097,15.2464017868042,15.5349740982056,-1.075350522995,18.1151466369629,10.0002479553223,-0.832780241966248
2704,9.52923202514648,11.4915170669556,-5.76528120040894,9.54988479614258,9.3181848526001,-6.20781993865967,7.36438989639282,12.3608236312866,3.95980882644653
2706,10.3824472427368,0.179898828268051,3.97881674766541,8.5213737487793,4.2502589225769,-6.87717199325562,-7.18460369110107,16.2130756378174,9.98282432556152
2708,0.978240728378296,19.4728927612305,-8.64738655090332,1.95887279510498,7.1332573890686,5.61436939239502,-1.98370957374573,12.5390272140503,3.4497401714325
2710,4.85729169845581,17.8406295776367,-8.75141429901123,11.7136030197144,4.91165733337402,7.15689468383789,3.15515613555908,4.56672334671021,0.547493875026703
2712,9.05999374389648,-9.10912132263184,-5.65441417694092,15.6685266494751,1.41037976741791,0.438146680593491,10.0276145935059,8.84491348266602,2.39875650405884
2714,12.1913356781006,10.6289348602295,13.7662744522095,20.3638534545898,5.00923919677734,0.148282095789909,13.2446556091309,15.7521715164185,3.96772313117981
2716,12.6250200271606,24.7224445343018,19.3949356079102,-9.04805469512939,6.00600051879883,3.89003396034241,10.6135931015015,18.1546859741211,2.23208403587341
2718,5.15132761001587,24.1746349334717,1.70945417881012,-3.28001022338867,9.25253200531006,7.81931686401367,9.33558940887451,25.8665351867676,3.50325894355774
2720,1.69086611270905,17.1613731384277,16.3359413146973,-7.39476728439331,12.1873683929443,7.95472383499146,4.05627536773682,20.241325378418,0.494567960500717
2722,12.3101768493652,5.05540180206299,18.7881011962891,10.2242164611816,9.10023880004883,12.2775993347168,2.08126425743103,18.4144554138184,0.361251324415207
2724,18.2582759857178,2.69807243347168,9.15627098083496,21.4016075134277,5.50312280654907,10.2289667129517,9.73901176452637,21.2861557006836,3.60113096237183
2726,17.8791103363037,10.7588109970093,16.4369106292725,7.54721117019653,7.44705772399902,10.0868721008301,6.19220352172852,25.9859600067139,2.15337061882019
2728,11.9129447937012,26.1077136993408,24.2893333435059,-1.03020596504211,9.24237823486328,11.3157577514648,14.2016820907593,32.3337211608887,-3.65967965126038
2730,7.96633434295654,18.0659885406494,15.1867218017578,5.58549880981445,10.4212732315063,8.29270839691162,11.5075712203979,36.1258430480957,-2.12310719490051
2732,10.7516689300537,3.21793675422668,29.063648223877,-4.18520641326904,8.92038440704346,8.56536388397217,12.1363258361816,37.4229927062988,-0.593124389648438
2734,7.14730453491211,11.9598007202148,34.3961486816406,4.3092041015625,9.80395412445068,15.7361145019531,10.3922271728516,40.1799354553223,-2.44474697113037
2736,0.649368226528168,26.5480995178223,37.025764465332,-4.40361499786377,11.1966066360474,18.8336982727051,7.84462308883667,31.7918128967285,0.445190757513046
2738,12.5613088607788,28.9436168670654,32.1852188110352,2.61393427848816,10.2411985397339,22.7901363372803,13.0930881500244,26.1170711517334,0.324822187423706
2740,13.3159694671631,22.9062442779541,22.4733257293701,0.599524199962616,13.4664535522461,18.9850444793701,6.70776271820068,27.7923107147217,1.63752257823944
2742,12.8979635238647,16.2793636322021,25.0786285400391,3.09590864181519,12.4595441818237,16.597339630127,4.11572122573853,32.3669967651367,2.66789674758911
2744,15.6673231124878,17.6429042816162,28.8697090148926,0.519090414047241,9.70201969146729,15.171088218689,1.63859724998474,31.8513011932373,2.63201475143433
2746,11.8894214630127,15.0836906433105,36.6175079345703,3.25835537910461,11.9591112136841,14.4343795776367,2.95900368690491,28.7756443023682,2.10829949378967
2748,10.5939359664917,25.8572101593018,33.3848266601563,-0.611792922019958,12.7141628265381,11.8587827682495,6.78217840194702,27.0589408874512,-0.993414163589478
2750,21.3815860748291,29.7686214447021,30.2604312896729,-4.39109516143799,12.4470062255859,13.634596824646,6.14379119873047,23.7675037384033,-0.811965048313141
2752,20.9109230041504,29.9188022613525,25.7886924743652,7.07227516174316,12.0912714004517,14.5612239837646,6.84020566940308,22.3251571655273,1.99964249134064
2754,16.5610256195068,32.7945404052734,34.2671356201172,-0.321015447378159,13.2460479736328,15.2102270126343,2.63764142990112,25.3695049285889,-1.13114595413208
2756,11.6926918029785,28.644416809082,36.3098182678223,4.01701641082764,15.4939975738525,14.6478900909424,3.51648235321045,30.1315574645996,2.86254668235779
2758,15.0153093338013,29.6433410644531,36.3152465820313,3.22719192504883,15.7230377197266,15.7930097579956,6.97626304626465,31.6203498840332,3.3985390663147
2760,22.1440982818604,26.8026008605957,33.1132736206055,12.8907842636108,19.1202297210693,15.8485860824585,6.0390453338623,31.0006484985352,3.18023419380188
2762,17.027624130249,29.0651111602783,27.2098026275635,11.3885507583618,16.4640769958496,15.5908584594727,7.21408224105835,26.4126796722412,1.62500810623169
2764,17.3211822509766,33.1487274169922,30.3255882263184,5.23257160186768,13.86789894104,18.08203125,5.81917238235474,27.5096302032471,2.66071033477783
2766,13.7009925842285,32.5897521972656,34.2159118652344,6.1290283203125,14.2819499969482,15.6861658096313,4.64597797393799,26.6775131225586,1.98525524139404
2768,16.0935287475586,33.5868110656738,37.214241027832,-1.44050967693329,16.1574897766113,17.4185047149658,7.03802061080933,27.9796581268311,2.81147837638855
2770,16.9507827758789,25.868143081665,37.3847389221191,-5.17568969726563,16.4071846008301,19.0051155090332,7.35110425949097,31.9907455444336,2.23281478881836
2772,16.9032096862793,28.2762622833252,33.8483734130859,-3.35856413841248,15.278980255127,17.4467639923096,6.86600589752197,32.9033851623535,3.28130102157593
2774,19.8626556396484,28.8946571350098,32.5267562866211,5.15652847290039,17.0390663146973,14.4570693969727,6.81898927688599,30.3034820556641,2.48844480514526
2776,18.4409866333008,32.3295936584473,31.4180908203125,10.5558271408081,15.9957618713379,19.2991008758545,8.73215293884277,29.1854515075684,2.34452557563782
2778,14.2629909515381,29.2950592041016,37.2131729125977,6.45618915557861,16.6308727264404,19.0443305969238,6.9511547088623,31.2451019287109,2.0198826789856
2780,17.161060333252,31.0781745910645,41.3531265258789,2.94107484817505,15.6187343597412,17.0661888122559,4.89158868789673,31.9159965515137,3.13988852500916
2782,20.8065719604492,32.0305709838867,47.4124488830566,6.21393060684204,17.4907245635986,17.632926940918,3.31256771087646,35.6358985900879,3.84520626068115
2784,22.9567241668701,37.2583122253418,49.0919418334961,8.76016616821289,20.70973777771,19.6508922576904,4.19966840744019,36.1571884155273,4.95165252685547
2786,23.7526588439941,37.4850616455078,53.4308319091797,10.0263967514038,25.8551788330078,20.1054363250732,7.57122993469238,35.7834548950195,4.6054368019104
2788,23.6972103118896,42.9308090209961,50.7799224853516,10.7640295028687,29.0638065338135,18.8263988494873,9.95932292938232,38.2160034179688,4.47779512405396
2790,24.1454925537109,42.258846282959,52.9811172485352,6.23061227798462,26.0436153411865,19.3525199890137,12.8744745254517,42.0971336364746,4.40963077545166
2792,20.8192119598389,42.1973648071289,56.5318298339844,-0.142409086227417,24.5876712799072,21.6277751922607,11.9497013092041,42.0058097839355,6.443199634552
2794,21.4179210662842,42.8209991455078,56.0142936706543,4.57495498657227,29.1335144042969,24.0008430480957,7.85442209243774,45.9085235595703,6.99436235427856
2796,27.6193752288818,48.5961608886719,53.2845001220703,3.27645635604858,31.2554454803467,23.1668453216553,5.71546649932861,50.197681427002,8.655686378479
2798,29.0405406951904,53.1529846191406,57.4582862854004,0.00626505631953478,32.985237121582,23.8090705871582,7.70312356948853,50.9211692810059,7.46457767486572
2800,27.6464862823486,57.191089630127,61.3003997802734,5.743812084198,30.1592082977295,26.877649307251,9.53998279571533,54.6460609436035,6.27325582504272
2802,31.8267078399658,57.4374732971191,61.937370300293,8.45362663269043,29.209903717041,27.4046669006348,9.31348323822021,57.5812072753906,4.96506118774414
2804,36.6503601074219,58.8192901611328,62.49072265625,7.36367988586426,29.5258159637451,26.1262531280518,7.84319591522217,56.9557952880859,7.24361801147461
2806,33.9692764282227,63.5630264282227,73.3095321655273,0.663473904132843,27.4299125671387,27.8771915435791,11.4405288696289,60.7607765197754,7.97954940795898
2808,36.5714149475098,68.011116027832,76.1409912109375,0.525154709815979,27.8067302703857,30.8176975250244,15.0793285369873,64.3611297607422,6.82579278945923
2810,39.4301986694336,68.0724639892578,81.0996322631836,1.65709972381592,28.2613658905029,30.8068790435791,15.2313413619995,67.6130447387695,6.45516157150269
2812,40.0352172851563,66.1902923583984,80.0853500366211,10.1518287658691,32.0564270019531,33.8614768981934,14.3629522323608,68.9519424438477,7.86899042129517
2814,38.7585906982422,65.4618530273438,79.3780822753906,2.89308714866638,36.0666007995605,38.6659202575684,15.1792945861816,72.3124237060547,9.03293228149414
2816,39.1486587524414,69.7276916503906,89.5635375976563,1.42217969894409,39.8753204345703,41.4578170776367,16.0201244354248,78.5570755004883,9.98101043701172
2818,48.1691131591797,79.0537796020508,100.862869262695,2.19814777374268,46.4755439758301,42.2495231628418,16.8389663696289,87.3820877075195,10.2095861434937
2820,55.8514251708984,85.43359375,111.96647644043,4.41701126098633,55.0029106140137,46.8524360656738,19.6323432922363,93.8662414550781,10.7562990188599
2822,60.7886657714844,83.4264144897461,127.183654785156,11.9357042312622,61.5729789733887,51.5250968933105,22.0837745666504,99.7524261474609,9.64932823181152
2824,68.3767395019531,85.8600082397461,135.100769042969,12.2677593231201,66.6159591674805,52.0612907409668,24.3298015594482,106.292015075684,13.8768358230591
2826,69.8889007568359,94.6690063476563,143.957366943359,8.96147918701172,72.4082489013672,55.6184539794922,24.3968467712402,111.723289489746,16.2963581085205
2828,77.3024368286133,98.9690551757813,154.474075317383,13.597146987915,74.1135406494141,62.5276527404785,25.7668190002441,120.527633666992,15.8651609420776
2830,82.3215789794922,104.997619628906,164.712966918945,9.04110336303711,78.8702850341797,67.4865036010742,26.4191875457764,129.2529296875,16.0922412872314
2832,93.509162902832,112.788627624512,183.04963684082,13.0999708175659,84.8915863037109,73.1068115234375,30.5335350036621,137.25129699707,17.6189365386963
2834,104.596092224121,130.729141235352,203.076797485352,18.0906524658203,87.5700302124023,78.7605133056641,34.9283294677734,145.860977172852,19.586784362793
2836,118.136451721191,147.964736938477,232.558746337891,21.1834106445313,95.7160110473633,87.5430221557617,39.7327041625977,156.623840332031,21.866720199585
2838,134.646575927734,166.812789916992,270.194641113281,32.1624221801758,102.550277709961,97.3688125610352,41.8099746704102,174.155685424805,25.8460998535156
2840,155.328796386719,191.082824707031,306.760925292969,49.1834564208984,110.565452575684,108.795639038086,46.0314025878906,195.211685180664,32.390567779541
2842,179.738525390625,213.071029663086,363.165252685547,79.8255386352539,121.62858581543,121.599731445313,48.2800025939941,219.702667236328,37.5180854797363
2844,206.850967407227,241.156555175781,434.968444824219,111.674499511719,139.728210449219,135.19287109375,54.4425888061523,249.144927978516,41.913459777832
2846,234.266296386719,279.726135253906,511.036651611328,149.256362915039,165.658660888672,149.462783813477,61.393196105957,281.324768066406,47.6838722229004
2848,264.570587158203,315.832366943359,596.706481933594,178.661727905273,198.208862304688,162.357025146484,72.2072448730469,308.018280029297,52.814094543457
2850,288.568359375,351.376708984375,685.272338867188,214.041244506836,225.751510620117,172.669998168945,82.3867111206055,335.550750732422,59.6632957458496
2852,316.274841308594,390.733917236328,760.820861816406,250.153427124023,245.175872802734,185.840393066406,85.3723373413086,360.936187744141,64.5536880493164
2854,333.166412353516,404.635375976563,801.705993652344,256.23828125,257.624176025391,193.699478149414,88.7438583374023,376.413818359375,68.2359771728516
2856,338.154663085938,410.835723876953,803.219360351563,253.185287475586,262.787811279297,192.438079833984,93.4225540161133,381.376708984375,69.5580215454102
2858,337.826934814453,409.9677734375,783.988342285156,241.064346313477,254.798721313477,188.494567871094,93.6503829956055,378.597900390625,69.065559387207
2860,342.623352050781,402.86767578125,757.328674316406,217.197189331055,257.292785644531,193.670486450195,94.5252075195313,378.101806640625,69.453857421875
2862,349.533203125,382.307952880859,711.770446777344,201.515274047852,251.46125793457,195.453216552734,94.6217346191406,372.668853759766,66.5386810302734
2864,354.080718994141,364.626251220703,676.6474609375,191.155731201172,243.296997070313,195.145385742188,93.0840759277344,367.097808837891,65.0940475463867
2866,351.465606689453,354.017364501953,644.044616699219,181.533813476563,226.082443237305,194.82991027832,92.482048034668,364.270477294922,64.1204376220703
2868,351.453399658203,349.295227050781,613.6982421875,182.241607666016,210.607925415039,192.379821777344,93.8951721191406,360.375152587891,63.725944519043
2870,345.273040771484,334.084594726563,581.541564941406,176.100952148438,202.929779052734,188.344009399414,94.5909118652344,349.499664306641,60.943286895752
2872,340.013824462891,326.209259033203,554.720397949219,182.168319702148,197.411193847656,189.306503295898,94.687629699707,339.404357910156,57.0280647277832
2874,324.14501953125,316.846038818359,537.705505371094,166.202392578125,195.799331665039,187.009140014648,93.3117599487305,329.924224853516,52.3075866699219
2876,316.033660888672,308.222717285156,513.6005859375,159.212265014648,199.105834960938,182.193817138672,89.5019073486328,319.817352294922,49.5482330322266
2878,306.213836669922,296.753265380859,495.474761962891,154.159194946289,202.301864624023,176.434585571289,86.3514251708984,307.387603759766,46.4041748046875
2880,299.209320068359,287.469665527344,494.369689941406,149.093795776367,209.616180419922,172.965530395508,84.6162948608398,300.715759277344,45.6738510131836
2882,295.685028076172,283.199676513672,502.322540283203,143.854873657227,211.296936035156,175.483627319336,81.2400970458984,295.358673095703,46.0512275695801
2884,302.897094726563,293.269256591797,519.904724121094,150.659271240234,210.26383972168,180.522918701172,84.8135070800781,297.320251464844,45.0988922119141
2886,307.543365478516,304.473724365234,543.393188476563,146.90315246582,213.566711425781,183.894256591797,88.0244827270508,303.543609619141,45.2764320373535
2888,307.457489013672,305.290588378906,559.00048828125,157.146392822266,213.578628540039,188.249282836914,97.225341796875,306.315002441406,47.5865478515625
2890,309.962310791016,308.717987060547,570.6953125,162.541519165039,224.242492675781,192.874557495117,99.0333023071289,309.69384765625,47.1707649230957
2892,325.783599853516,318.863708496094,600.231994628906,157.460723876953,234.979965209961,202.432983398438,98.0924530029297,318.582275390625,50.0631637573242
2894,338.392364501953,336.316650390625,638.650512695313,170.0888671875,238.581924438477,208.502777099609,103.616165161133,329.809356689453,52.0193824768066
2896,346.332916259766,342.474914550781,660.732849121094,175.378555297852,221.670532226563,211.203796386719,107.467880249023,336.748931884766,51.843433380127
2898,346.646301269531,362.293975830078,702.46533203125,175.631301879883,212.879516601563,220.459228515625,115.788551330566,349.548309326172,54.1609764099121
2900,366.54150390625,379.193237304688,748.907470703125,204.172210693359,217.855865478516,231.818145751953,117.951705932617,365.522613525391,57.7043304443359
2902,407.517272949219,396.051452636719,784.83642578125,232.343444824219,234.850112915039,247.701248168945,128.703308105469,382.391998291016,61.8843612670898
2904,419.610687255859,410.6826171875,832.229736328125,258.409545898438,251.350708007813,257.24853515625,134.768295288086,399.067687988281,65.5877304077148
2906,439.520111083984,433.136688232422,886.949462890625,273.590270996094,264.949371337891,263.748046875,135.656646728516,418.884216308594,68.9935836791992
2908,471.422302246094,468.261352539063,966.162658691406,281.004974365234,306.61669921875,285.797027587891,144.464950561523,440.669372558594,72.1865234375
2910,497.159606933594,498.203918457031,1038.58947753906,308.012786865234,347.433563232422,308.614837646484,152.021759033203,463.252319335938,77.2384643554688
2912,540.8388671875,542.103332519531,1120.71203613281,345.378723144531,377.665618896484,327.972015380859,164.781463623047,493.001037597656,85.1982879638672
2914,565.220275878906,583.192321777344,1237.06567382813,386.372039794922,410.839050292969,350.570556640625,180.050018310547,529.25048828125,88.939338684082
2916,599.681640625,617.404052734375,1344.68957519531,404.327697753906,445.698516845703,371.168334960938,190.856201171875,563.668701171875,91.6231231689453
2918,644.224670410156,666.401611328125,1453.80883789063,420.472839355469,476.216949462891,397.5849609375,205.919403076172,599.964477539063,98.8087158203125
2920,662.725463867188,697.123413085938,1524.47009277344,440.730621337891,491.796539306641,416.212219238281,219.445999145508,640.149169921875,105.176979064941
2922,688.776428222656,743.786865234375,1588.70080566406,443.01318359375,506.509979248047,423.25927734375,229.303329467773,677.642883300781,112.464134216309
2924,719.777893066406,796.8251953125,1685.98364257813,487.636596679688,526.159484863281,448.204559326172,245.853744506836,717.650573730469,114.522048950195
2926,747.163513183594,824.673217773438,1727.12231445313,523.119567871094,523.892517089844,458.138122558594,255.227752685547,744.688720703125,120.81315612793
2928,727.633666992188,823.602294921875,1674.74645996094,472.388732910156,503.645111083984,445.129852294922,247.531936645508,740.094055175781,122.29850769043
2930,734.744140625,831.922241210938,1652.89477539063,437.784912109375,478.164306640625,440.944061279297,241.47802734375,735.556640625,118.59553527832
2932,705.500366210938,785.328857421875,1540.84533691406,411.925628662109,442.089019775391,423.107025146484,227.505340576172,694.300842285156,109.20516204834
2934,674.80078125,759.226806640625,1440.32861328125,402.736511230469,420.065002441406,410.746490478516,214.095840454102,662.359558105469,107.318939208984
2936,631.212768554688,719.70947265625,1358.4150390625,368.325408935547,398.213470458984,386.441528320313,201.800704956055,635.623596191406,100.242729187012
2938,618.170166015625,708.640808105469,1325.4599609375,352.191650390625,404.907562255859,384.457550048828,194.308898925781,643.859069824219,95.2226409912109
2940,592.697265625,672.78173828125,1245.22448730469,334.585510253906,414.406890869141,372.2724609375,191.039657592773,630.61865234375,91.1430511474609
2942,580.843872070313,643.910400390625,1178.64660644531,283.013763427734,411.649475097656,370.638031005859,188.26301574707,607.3359375,93.4683380126953
2944,578.138427734375,646.631408691406,1147.83703613281,245.128646850586,407.935638427734,367.991668701172,196.470855712891,592.912963867188,90.7881774902344
2946,573.651123046875,624.74267578125,1127.58764648438,256.999816894531,403.899932861328,361.444702148438,187.643157958984,577.17041015625,82.3058471679688
2948,538.012756347656,583.194213867188,1076.53125,212.341033935547,407.190979003906,349.887512207031,191.082641601563,552.84619140625,86.1634368896484
2950,516.445739746094,576.054565429688,1042.40893554688,196.202514648438,392.563293457031,342.460754394531,190.832015991211,551.633666992188,83.5568389892578
2952,514.763000488281,564.734008789063,996.288391113281,162.267913818359,375.626739501953,330.024017333984,183.15055847168,542.285705566406,84.3682479858398
2954,487.024078369141,532.901550292969,950.262878417969,114.269386291504,351.42626953125,314.566436767578,164.236175537109,515.913879394531,79.434684753418
2956,450.1982421875,500.793426513672,916.760620117188,88.9995574951172,334.980346679688,297.248748779297,136.974044799805,492.073486328125,72.8535919189453
2958,439.002807617188,524.43115234375,906.992004394531,77.6602249145508,325.682098388672,288.274383544922,131.966735839844,479.608764648438,79.0760269165039
2960,432.261352539063,539.275573730469,906.934387207031,73.482292175293,313.826232910156,297.910949707031,137.379928588867,473.022064208984,78.1766586303711
2962,406.968170166016,509.110900878906,790.57080078125,64.5360794067383,293.265838623047,288.884094238281,141.715042114258,447.265899658203,61.5773582458496
2964,375.135589599609,471.937927246094,713.767944335938,38.6572036743164,278.292877197266,275.810180664063,146.807144165039,426.597808837891,55.2988395690918
2966,355.336517333984,421.710601806641,678.884643554688,35.268180847168,276.37646484375,253.93782043457,135.126907348633,407.848571777344,57.5883712768555
2968,317.899932861328,336.712738037109,607.784362792969,28.2243518829346,245.351226806641,219.752258300781,119.856430053711,367.08984375,52.5935897827148
2970,264.953704833984,293.832427978516,515.787048339844,28.0713996887207,200.023620605469,189.791030883789,102.299049377441,316.724945068359,41.3024139404297
2972,220.643188476563,252.633209228516,421.135894775391,57.1889419555664,179.561767578125,175.392974853516,91.1642303466797,289.022827148438,35.1069450378418
2974,203.652694702148,225.615539550781,374.379608154297,34.5522804260254,155.568176269531,175.906036376953,71.7924652099609,269.487945556641,36.7956199645996
2976,215.145263671875,223.153656005859,378.906982421875,13.3914442062378,164.837554931641,180.85627746582,80.0961456298828,290.671264648438,34.4427680969238
2978,212.658782958984,225.511108398438,295.830078125,-26.6988754272461,168.353530883789,178.781478881836,84.9904098510742,274.620452880859,38.1839218139648
2980,190.977401733398,161.080612182617,264.932220458984,-40.036922454834,158.971557617188,156.69303894043,62.4787445068359,210.079177856445,9.61379528045654
2982,108.668258666992,134.543563842773,274.988525390625,19.6759052276611,150.293884277344,109.686256408691,40.5126724243164,202.556289672852,-1.84776866436005
2984,91.9385375976563,58.6283378601074,189.415161132813,-57.4124069213867,116.73307800293,69.7046432495117,16.6857357025146,167.70866394043,20.1514072418213
2986,60.2549514770508,36.0868186950684,47.8424797058105,-9.6071662902832,78.4008026123047,64.1562881469727,-5.65728664398193,98.1345672607422,4.56684875488281
2988,13.27610206604,83.3938598632813,64.6396102905273,-12.8128728866577,57.778491973877,67.6615753173828,17.5066432952881,62.5585174560547,-12.7978534698486
2990,-10.4587783813477,83.833854675293,9.03664493560791,82.4591903686523,45.9404335021973,30.7710971832275,30.258129119873,57.7429504394531,4.5578875541687
2992,-26.7609062194824,-59.750057220459,12.5842866897583,19.1545562744141,27.6393604278564,-19.0188388824463,-17.5817985534668,61.2119598388672,15.6185398101807
2994,-24.284387588501,-63.5008735656738,68.4685440063477,-33.7626266479492,25.564281463623,21.0364818572998,-8.21342849731445,23.0455131530762,5.66207027435303
2996,3.73709559440613,-27.0326728820801,99.9024887084961,-57.2464981079102,20.5326919555664,-59.3772201538086,61.6777420043945,21.6532974243164,-15.2234907150269
2998,-23.4763107299805,-71.8149490356445,39.7944374084473,-74.1547622680664,23.9820861816406,-29.901517868042,3.9025444984436,9.16051006317139,-27.3889942169189
