X value [cm⁻¹],IR Spectrum 4/OPTIR (mV) [],IR Spectrum 5/OPTIR (mV) [],IR Spectrum 6/OPTIR (mV) [],IR Spectrum 7/OPTIR (mV) [],IR Spectrum 8/OPTIR (mV) [],IR Spectrum 9/OPTIR (mV) [],IR Spectrum 10/OPTIR (mV) [],IR Spectrum 2/OPTIR (mV) [],IR Spectrum 1/OPTIR (mV) []
940,52.7392921447754,26.0158920288086,31.6056461334229,75.9432678222656,81.6633758544922,31.2528247833252,45.1602973937988,45.997314453125,-6.99722957611084
942,47.250862121582,22.0293922424316,35.1357154846191,63.9978866577148,87.5301208496094,21.9437866210938,70.3880996704102,53.8428115844727,1.40296673774719
944,27.429328918457,-1.1849217414856,18.6092357635498,49.2445831298828,107.46231842041,33.6141929626465,66.9722061157227,26.6506500244141,9.4186487197876
946,34.9951515197754,-11.4995155334473,13.8886814117432,62.3902969360352,122.016395568848,22.8206329345703,64.8239898681641,15.4911642074585,10.6390790939331
948,34.7211799621582,6.35223770141602,4.22759771347046,72.680305480957,142.781951904297,9.52230358123779,58.7915267944336,25.5638885498047,9.17301082611084
950,52.5551834106445,17.0851554870605,-8.67118644714355,63.7349548339844,150.39030456543,25.1240921020508,50.137825012207,28.9028854370117,6.28170680999756
952,37.0754890441895,11.5289859771729,6.34786224365234,69.6391372680664,145.051910400391,45.5439910888672,46.8124847412109,26.6574535369873,0.0688013061881065
954,32.8771514892578,0.503896296024323,15.9239978790283,74.1193237304688,161.756698608398,43.8431358337402,58.5481300354004,26.7260398864746,2.09263062477112
956,35.0534057617188,-0.26083642244339,16.4627838134766,76.8724136352539,145.100204467773,43.0893020629883,70.16552734375,25.4343948364258,0.793979406356812
958,33.1930313110352,3.11979722976685,15.5316619873047,82.1506195068359,140.249694824219,46.7756729125977,78.294319152832,18.0450115203857,-1.0700364112854
960,30.6064376831055,14.4503202438354,6.98373174667358,82.9595336914063,140.252304077148,44.529369354248,84.70654296875,23.8227653503418,3.54331254959106
962,26.1977958679199,18.498441696167,3.91121554374695,89.5856170654297,151.492065429688,47.9842376708984,78.3402481079102,24.1025581359863,3.1786003112793
964,28.2997455596924,10.404125213623,10.5558891296387,96.8072967529297,154.044738769531,50.2800788879395,75.4726867675781,21.5531711578369,2.15245580673218
966,26.2713813781738,7.59646415710449,6.62861967086792,94.6233444213867,158.610305786133,52.8800773620605,88.080451965332,15.7941608428955,0.0706512182950974
968,26.9874382019043,4.03790950775146,10.0765571594238,100.574920654297,171.266510009766,56.7939453125,89.8210296630859,16.5194320678711,0.146918505430222
970,33.5647277832031,9.37845039367676,14.0012435913086,111.516868591309,177.571960449219,63.6924247741699,90.1792678833008,19.221155166626,1.90259325504303
972,34.0209884643555,19.9540576934814,25.2504920959473,117.042945861816,190.852828979492,68.7699584960938,83.3109893798828,14.9399843215942,1.91987073421478
974,27.3893947601318,24.5634078979492,37.443790435791,117.887573242188,182.547637939453,63.827335357666,86.4021682739258,14.5159034729004,0.224440529942513
976,24.18359375,23.1098899841309,45.8181381225586,116.75269317627,173.631683349609,70.1940689086914,96.1818542480469,20.845947265625,1.1294447183609
978,23.695728302002,22.3961372375488,55.484489440918,120.311943054199,178.632186889648,76.8269271850586,102.12174987793,22.1888122558594,3.06506991386414
980,19.3984909057617,22.9329719543457,65.7486267089844,123.641166687012,179.052200317383,80.8761901855469,101.778541564941,21.5508346557617,3.02297186851501
982,20.2077255249023,29.4230403900146,70.0432357788086,127.741905212402,186.781723022461,85.2913589477539,101.619964599609,24.0333557128906,3.43038702011108
984,18.9958724975586,33.3938179016113,75.1570434570313,131.365020751953,187.566421508789,84.6545104980469,103.056510925293,29.4806289672852,4.04102087020874
986,22.0172004699707,37.8930969238281,83.8652954101563,133.51676940918,190.775100708008,88.2714157104492,102.027236938477,31.9222412109375,2.77787923812866
988,23.3097686767578,39.8848457336426,99.9980545043945,138.96240234375,200.524780273438,96.4551391601563,94.9359741210938,31.890775680542,2.81277370452881
990,19.3478412628174,42.8354988098145,114.205757141113,142.541381835938,206.101943969727,98.4510955810547,92.7517700195313,32.4250602722168,3.63752555847168
992,13.468864440918,47.6731338500977,124.621543884277,145.556579589844,209.355316162109,100.232246398926,94.0888977050781,35.5912132263184,4.99935245513916
994,12.4430932998657,54.1625595092773,138.071090698242,152.633529663086,216.375335693359,97.6727142333984,97.1304626464844,35.6006698608398,5.07765054702759
996,11.4200048446655,54.7260208129883,146.121002197266,159.137283325195,218.887710571289,99.9684524536133,95.0220031738281,34.691047668457,5.38632822036743
998,8.68844509124756,57.3622703552246,157.442001342773,167.383239746094,218.485458374023,104.085151672363,93.7062377929688,33.3836212158203,4.91415786743164
1000,8.07424736022949,55.7394714355469,170.698287963867,178.290618896484,223.218231201172,110.36954498291,97.2551498413086,34.4208106994629,5.96858692169189
1002,9.24194812774658,56.5709762573242,182.331512451172,186.650680541992,227.588104248047,113.3486328125,97.9668731689453,30.9781761169434,7.06510639190674
1004,7.84434413909912,56.5284614562988,188.939147949219,191.869277954102,234.591186523438,117.103446960449,105.965049743652,31.0597667694092,7.57089567184448
1006,11.6931238174438,58.1940956115723,195.319000244141,196.652114868164,238.091583251953,119.681381225586,126.336692810059,31.7778568267822,8.09206962585449
1008,15.0420637130737,62.5372848510742,202.744995117188,206.995635986328,249.508316040039,123.010520935059,146.461791992188,30.759973526001,7.50558805465698
1010,18.5530967712402,67.2217559814453,205.315582275391,218.576232910156,259.213348388672,124.284042358398,163.150756835938,32.7456665039063,8.24322319030762
1012,24.6079216003418,68.4776458740234,205.192642211914,226.727874755859,262.744171142578,125.45191192627,173.498092651367,34.2149810791016,9.55232810974121
1014,32.3049926757813,66.6684188842773,204.622406005859,237.981628417969,265.717071533203,125.983749389648,180.540115356445,35.1778144836426,10.2946462631226
1016,42.5992965698242,67.9874877929688,204.516845703125,250.678421020508,267.296997070313,127.961311340332,200.670059204102,39.1150054931641,11.4516363143921
1018,53.1545791625977,68.839973449707,198.603073120117,260.107513427734,269.069183349609,129.139892578125,213.056365966797,41.689868927002,11.7384042739868
1020,63.7475051879883,70.7986907958984,196.967864990234,271.106018066406,269.051666259766,133.475036621094,226.511291503906,46.0252075195313,13.6214981079102
1022,73.5013122558594,71.8276748657227,196.001876831055,280.495086669922,269.088470458984,136.229385375977,245.971176147461,48.774341583252,14.9640293121338
1024,83.4822158813477,71.1587905883789,196.685150146484,285.014007568359,270.55126953125,139.752731323242,260.754821777344,50.7490081787109,14.196572303772
1026,90.4312896728516,70.5849838256836,183.620513916016,290.14599609375,260.650970458984,140.248748779297,276.577880859375,55.1559600830078,15.7511672973633
1028,95.7726669311523,69.2672348022461,175.066589355469,293.479064941406,251.640640258789,140.80158996582,289.819671630859,56.7446556091309,17.7200241088867
1030,102.043151855469,71.3460388183594,162.727767944336,300.816558837891,248.28581237793,138.730377197266,318.191925048828,53.9701538085938,17.1926231384277
1032,111.972663879395,72.9406814575195,154.895233154297,307.048095703125,243.108871459961,137.56884765625,346.966247558594,58.5014114379883,16.3284797668457
1034,118.116683959961,71.895393371582,145.78010559082,310.143218994141,242.263702392578,137.633819580078,362.003723144531,62.2821044921875,16.8693809509277
1036,123.295074462891,67.9271774291992,136.943252563477,315.937866210938,237.331695556641,135.209930419922,372.459320068359,68.8270645141602,18.7717113494873
1038,129.310424804688,67.891960144043,128.54443359375,316.902130126953,241.0673828125,134.867004394531,371.267242431641,73.4496765136719,19.3819122314453
1040,132.862167358398,62.7768859863281,125.656288146973,315.809356689453,246.399810791016,130.528823852539,369.359680175781,75.073616027832,20.0134906768799
1042,130.015640258789,59.7197189331055,130.140808105469,309.641723632813,245.572265625,125.421806335449,368.863311767578,78.9979248046875,20.1218032836914
1044,131.263381958008,56.3298225402832,128.386901855469,304.691009521484,246.193054199219,124.061706542969,374.351440429688,80.7826919555664,19.3202667236328
1046,132.740264892578,55.9044380187988,129.526184082031,301.927520751953,242.172470092773,122.759544372559,377.032196044922,83.8487167358398,19.0146026611328
1048,134.124359130859,58.6653823852539,139.166168212891,296.598236083984,237.904830932617,120.382263183594,383.283782958984,85.8869094848633,18.980001449585
1050,132.487548828125,56.729663848877,137.775787353516,289.190856933594,232.442901611328,120.908233642578,374.629638671875,83.9838790893555,19.2047557830811
1052,133.637512207031,54.8851089477539,131.082672119141,282.295867919922,226.811004638672,118.799659729004,351.746856689453,82.6359786987305,18.4877223968506
1054,131.890243530273,52.2781410217285,125.416999816895,273.658599853516,223.15983581543,113.565269470215,341.0986328125,82.8162307739258,18.3357925415039
1056,133.213882446289,50.914119720459,120.196800231934,267.892761230469,221.130416870117,112.724159240723,337.105438232422,81.9319458007813,15.8470373153687
1058,132.993469238281,47.0029640197754,118.252563476563,262.445281982422,213.918045043945,114.231964111328,343.490600585938,80.8052749633789,14.7360792160034
1060,135.321563720703,42.7753028869629,119.484703063965,259.885406494141,205.323638916016,112.627365112305,342.813079833984,79.8736114501953,15.3277816772461
1062,136.384490966797,40.3493385314941,120.032974243164,262.701538085938,203.263259887695,110.417282104492,345.214172363281,77.9819030761719,15.4600925445557
1064,134.566131591797,39.9436416625977,118.067024230957,265.401519775391,201.835876464844,108.36051940918,355.0048828125,78.8204803466797,16.4202480316162
1066,137.994705200195,37.2674903869629,123.232513427734,266.368408203125,199.922592163086,105.269226074219,367.243499755859,82.634635925293,15.106879234314
1068,142.143493652344,35.2477836608887,123.192268371582,273.268127441406,201.110443115234,102.267463684082,378.220092773438,84.6952972412109,14.9109182357788
1070,143.750991821289,33.8372268676758,122.108497619629,271.413024902344,201.140045166016,99.6629028320313,390.247802734375,87.7821426391602,14.1230840682983
1072,148.108322143555,32.6748085021973,126.494209289551,264.371795654297,198.371444702148,99.9416885375977,402.965240478516,90.7767562866211,14.5472164154053
1074,150.516372680664,31.3711776733398,128.663619995117,262.028503417969,196.096374511719,98.4234085083008,415.937255859375,94.1239929199219,15.0772228240967
1076,153.377944946289,28.1203479766846,125.21411895752,259.584136962891,192.977157592773,98.469482421875,423.358551025391,97.2217178344727,15.7024641036987
1078,155.166137695313,28.5508632659912,123.470275878906,252.793914794922,192.054351806641,97.9396057128906,426.053131103516,98.3047180175781,14.7784719467163
1080,151.657684326172,29.2839202880859,120.683448791504,239.861557006836,188.312774658203,99.5701904296875,416.952392578125,99.4812698364258,15.2728710174561
1082,149.248550415039,23.5996513366699,117.238349914551,232.361892700195,184.647384643555,103.211051940918,404.951263427734,100.839042663574,15.8801069259644
1084,146.721878051758,22.1566181182861,114.961669921875,224.131134033203,178.469451904297,100.99781036377,388.0546875,100.379356384277,17.1344680786133
1086,141.247940063477,22.928165435791,107.230850219727,219.64762878418,175.837280273438,99.5744018554688,375.220428466797,99.5926742553711,17.024019241333
1088,132.503692626953,22.3531227111816,99.3774185180664,215.022689819336,172.365737915039,97.9704666137695,363.133575439453,100.743049621582,16.6164608001709
1090,126.948043823242,19.4634780883789,93.9641418457031,210.653579711914,171.057113647461,96.3808670043945,348.807983398438,102.496482849121,15.9200162887573
1092,121.175117492676,17.5519714355469,93.2335433959961,206.713333129883,174.499282836914,95.4178771972656,342.480163574219,102.351371765137,15.8456678390503
1094,116.23917388916,15.5003328323364,96.0802612304688,203.12060546875,171.704132080078,94.4274673461914,337.629455566406,103.254028320313,16.0398750305176
1096,110.178123474121,13.203236579895,92.1453552246094,195.305282592773,169.112609863281,92.9867858886719,332.079620361328,103.795555114746,16.0684871673584
1098,102.521911621094,11.9741773605347,87.6228256225586,188.911392211914,164.883438110352,94.9644012451172,325.778381347656,100.658134460449,15.2144947052002
1100,97.8500366210938,11.8759670257568,83.8194198608398,185.750610351563,166.935821533203,93.2429275512695,320.227874755859,99.9796752929688,15.7127122879028
1102,94.0837554931641,8.49825286865234,82.7094268798828,182.8583984375,170.265380859375,91.8718185424805,321.009826660156,100.371559143066,15.6748390197754
1104,93.7627410888672,6.63295364379883,83.3939056396484,181.510711669922,170.401885986328,91.2297439575195,317.464996337891,97.609375,15.4122533798218
1106,90.433723449707,5.48556995391846,81.6209716796875,179.513381958008,167.478302001953,89.1772613525391,314.681427001953,97.7862167358398,14.5917644500732
1108,84.1342468261719,6.95173263549805,77.9745483398438,173.861968994141,164.842681884766,85.3500061035156,311.998291015625,97.3980712890625,14.4347238540649
1110,79.6553039550781,6.25467777252197,73.9027404785156,172.510635375977,165.959838867188,80.1721878051758,307.152526855469,94.951301574707,13.5913457870483
1112,77.605354309082,4.31227111816406,74.7896957397461,169.540008544922,169.151641845703,78.7258834838867,307.202941894531,93.964729309082,13.1446199417114
1114,78.5720596313477,1.89292466640472,78.3354721069336,162.936889648438,166.343231201172,76.7773742675781,304.801635742188,89.6399993896484,11.9162197113037
1116,78.8807907104492,3.98873162269592,87.9988021850586,158.187026977539,167.85791015625,76.2937698364258,299.618377685547,85.508903503418,11.6386556625366
1118,75.9069976806641,2.79891681671143,93.9236068725586,155.346496582031,171.975463867188,74.5637130737305,286.705963134766,82.7053451538086,11.3059568405151
1120,77.0267868041992,3.70159316062927,99.6788558959961,151.301834106445,175.71337890625,72.5079803466797,270.891662597656,81.2100601196289,10.9725999832153
1122,77.3981475830078,6.54471254348755,105.131942749023,146.927886962891,182.441345214844,72.8856735229492,268.624206542969,80.2075881958008,10.511305809021
1124,77.416877746582,3.59922695159912,105.095672607422,144.887664794922,191.986480712891,71.8163299560547,267.110321044922,77.2190322875977,10.454478263855
1126,73.9694595336914,4.95597362518311,107.617660522461,147.144485473633,196.471405029297,72.1696472167969,265.789855957031,77.3228073120117,9.21565341949463
1128,73.7344589233398,7.49197483062744,109.360534667969,147.360900878906,199.431915283203,73.7392730712891,268.436767578125,76.218505859375,8.74472141265869
1130,75.0955123901367,6.10001850128174,109.890998840332,146.97314453125,202.715896606445,75.3028564453125,269.668792724609,74.1993408203125,8.8653507232666
1132,74.6352615356445,4.83899974822998,111.390869140625,143.893814086914,206.742080688477,75.5586395263672,272.031158447266,72.958869934082,9.00808620452881
1134,73.4339599609375,3.08174538612366,107.519340515137,138.637054443359,210.095306396484,74.3755798339844,267.411804199219,71.4152374267578,7.66720008850098
1136,74.2016830444336,6.9328989982605,102.093124389648,136.752182006836,211.223022460938,72.717399597168,265.667114257813,69.5225296020508,8.29831314086914
1138,73.3237915039063,10.3124866485596,99.2679061889648,130.608215332031,206.466033935547,69.57275390625,255.495758056641,66.429557800293,8.86555671691895
1140,71.1498413085938,10.0700931549072,96.9356689453125,124.434394836426,209.432357788086,65.656135559082,251.618148803711,61.9303169250488,8.38737010955811
1142,69.5229721069336,10.3534669876099,96.9898529052734,121.554100036621,215.693618774414,68.126335144043,252.866226196289,60.0690612792969,7.94271945953369
1144,69.4161911010742,11.8287944793701,97.9587097167969,121.908782958984,215.289169311523,69.781867980957,245.721298217773,59.6359596252441,7.50404596328735
1146,69.5067138671875,14.4938688278198,95.7672805786133,120.339096069336,217.285064697266,66.8734893798828,237.262512207031,60.2904586791992,8.70545101165771
1148,76.3395233154297,16.7732639312744,95.0847854614258,118.972549438477,214.770141601563,66.8668975830078,236.37223815918,60.0736618041992,6.88058376312256
1150,77.4125061035156,18.0843315124512,97.9675445556641,120.32283782959,216.911666870117,68.9193420410156,234.697418212891,59.0488204956055,6.14319705963135
1152,81.9602355957031,14.6709613800049,111.422866821289,125.223350524902,226.385284423828,71.6788177490234,233.286529541016,60.8719902038574,5.80334424972534
1154,91.7012786865234,16.0757942199707,123.562774658203,133.459426879883,232.315872192383,72.7572937011719,237.974365234375,62.5880737304688,7.87348985671997
1156,100.8310546875,17.984302520752,136.126220703125,141.986267089844,236.810821533203,73.511100769043,239.495513916016,65.4711456298828,8.74192905426025
1158,98.2402114868164,16.9108829498291,146.446807861328,144.772827148438,241.780410766602,72.5208740234375,244.057907104492,70.0426635742188,9.94050216674805
1160,99.8544616699219,16.0856513977051,144.817962646484,143.85139465332,244.787948608398,71.7640380859375,240.860397338867,70.3687591552734,8.8722677230835
1162,99.7752456665039,21.2160453796387,137.595108032227,144.268737792969,254.057891845703,72.7387161254883,233.822891235352,68.3040390014648,7.04892873764038
1164,99.6136703491211,23.6724033355713,125.573890686035,139.54719543457,250.052734375,72.2194519042969,225.134643554688,65.5967254638672,5.80237770080566
1166,97.9959259033203,29.8943653106689,114.520713806152,132.633636474609,251.630035400391,71.6011276245117,220.376861572266,63.5849418640137,6.22743558883667
1168,92.3076782226563,39.2380867004395,105.851760864258,122.758232116699,260.508117675781,70.5451278686523,214.97917175293,62.8955841064453,7.43932580947876
1170,84.6900253295898,39.9202613830566,94.6678161621094,112.513961791992,264.314971923828,69.4585723876953,217.473892211914,60.8298835754395,7.3848614692688
1172,78.1866226196289,36.8262710571289,87.8296279907227,108.788269042969,265.936431884766,68.4886093139648,214.088668823242,59.5308990478516,6.29553318023682
1174,75.7432708740234,30.1053104400635,87.4218063354492,110.423072814941,268.954223632813,64.9836273193359,215.787887573242,58.5727920532227,7.78718376159668
1176,76.4104537963867,34.4007415771484,89.1785507202148,105.27156829834,275.518310546875,59.7874145507813,218.875991821289,51.1160011291504,6.94797992706299
1178,73.7863922119141,33.995979309082,87.7817764282227,99.2482376098633,276.052520751953,61.2354316711426,209.25993347168,48.4701881408691,6.08743476867676
1180,76.2979888916016,29.751184463501,79.4641723632813,91.2392654418945,274.865264892578,63.295337677002,200.785034179688,48.6372375488281,6.20366716384888
1182,75.2345657348633,28.7239723205566,73.9648132324219,88.7943420410156,282.942169189453,61.2163200378418,199.273193359375,51.9045295715332,4.83458662033081
1184,75.6455154418945,30.8275489807129,73.7067108154297,88.2814025878906,290.977661132813,57.077205657959,210.779052734375,54.7776641845703,5.43336391448975
1186,74.7641067504883,33.2524948120117,69.3627853393555,81.3718490600586,293.787048339844,51.3873252868652,210.899215698242,52.2583503723145,3.38747310638428
1188,76.7090606689453,33.8449249267578,65.8567428588867,80.3619689941406,295.686096191406,50.5294532775879,207.57080078125,46.9385643005371,5.21498441696167
1190,79.529167175293,26.0649604797363,62.5706024169922,83.1943511962891,304.131958007813,51.1892547607422,208.654495239258,42.9243354797363,6.26758670806885
1192,79.1409301757813,30.3903560638428,56.8172988891602,78.4053115844727,332.177642822266,51.2283554077148,217.254531860352,46.7505569458008,1.41646647453308
1194,93.4413299560547,33.1479263305664,56.5764389038086,80.1813201904297,343.902923583984,55.7096939086914,218.942764282227,51.38427734375,2.94002413749695
1196,94.6152725219727,27.9641723632813,49.0029487609863,78.5657958984375,340.528472900391,56.8944091796875,215.844100952148,55.6006355285645,7.66250228881836
1198,98.4921875,36.299129486084,45.2688293457031,80.1052780151367,350.425567626953,54.5586433410645,212.459854125977,53.4386901855469,5.41858386993408
1200,91.3384857177734,48.2370071411133,46.9949340820313,84.4711685180664,367.295288085938,53.5025024414063,203.841842651367,47.258056640625,6.14477777481079
1202,85.4289779663086,39.8681907653809,51.7132110595703,80.3898162841797,362.168975830078,50.1757011413574,189.759292602539,41.2127990722656,7.23966884613037
1204,84.3837661743164,34.1469192504883,42.6406936645508,78.9139785766602,337.92529296875,42.2828598022461,157.374725341797,40.447078704834,4.79611015319824
1206,67.9409332275391,41.2068824768066,33.7141380310059,73.7109985351563,322.125946044922,42.0992317199707,151.095489501953,36.5278434753418,1.91335046291351
1208,66.6866989135742,46.5263290405273,40.3531188964844,73.6701965332031,307.620086669922,31.6042003631592,123.939346313477,36.8492126464844,-0.83069258928299
1210,59.0096130371094,34.777172088623,38.4748382568359,74.224609375,308.135192871094,22.3954696655273,129.941116333008,38.184253692627,-3.6663670539856
1212,56.739917755127,39.715202331543,44.5192337036133,70.2783889770508,293.588928222656,20.6711559295654,121.182579040527,33.6597900390625,-1.15958750247955
1214,54.1303634643555,45.3926315307617,51.4687004089355,65.7412719726563,276.864532470703,18.6886520385742,111.112564086914,28.4578495025635,1.72254824638367
1216,51.0984420776367,51.9889755249023,59.54296875,60.469799041748,257.433258056641,16.3852710723877,99.4126739501953,22.4139518737793,5.07117080688477
1218,38.6074180603027,51.213062286377,51.1481475830078,63.6965560913086,275.441131591797,19.9504222869873,98.6281509399414,23.3109092712402,6.19805383682251
1220,41.3106307983398,29.5155696868896,42.2226028442383,42.4437828063965,266.455749511719,11.8393135070801,96.2691955566406,27.2885189056396,9.06863975524902
1222,33.5616722106934,51.6175956726074,54.4275436401367,39.3494911193848,265.463500976563,20.9656314849854,103.351783752441,49.2995185852051,4.14286327362061
1224,31.2954559326172,56.5421028137207,33.0831604003906,55.3332672119141,285.236114501953,26.9354553222656,124.896499633789,47.4968757629395,7.31140851974487
1226,35.5881042480469,65.0062713623047,39.4166221618652,55.5103912353516,282.988433837891,19.257532119751,107.784378051758,30.3011436462402,10.6018543243408
1228,42.3533096313477,58.6567764282227,46.6692810058594,54.4860191345215,283.269927978516,25.1247406005859,116.424606323242,23.928882598877,6.62667465209961
1230,47.898494720459,49.5809593200684,54.81787109375,50.0632743835449,300.016845703125,24.3915996551514,111.707778930664,25.9830284118652,8.82082176208496
1232,45.2712707519531,59.0397148132324,40.0148811340332,40.6171531677246,289.664367675781,16.8585777282715,103.282890319824,34.3783111572266,3.93626809120178
1234,45.2836875915527,44.7777633666992,54.8783416748047,43.7341995239258,290.40234375,20.1499805450439,102.007102966309,33.2809371948242,3.77868103981018
1236,49.8507347106934,53.2078514099121,53.972110748291,32.6650695800781,303.720489501953,19.6880798339844,111.582496643066,40.2311744689941,2.26955389976501
1238,54.2179412841797,70.6889724731445,49.3673095703125,39.1043014526367,333.640228271484,19.4361610412598,114.755241394043,49.9244117736816,-1.89440441131592
1240,44.3071823120117,77.5468597412109,50.385440826416,62.937915802002,350.231597900391,27.0456504821777,132.338409423828,60.6473999023438,-0.566737115383148
1242,42.0137100219727,73.2390213012695,49.4493293762207,60.1953353881836,348.819641113281,31.3267269134521,127.258903503418,56.1079177856445,2.68876934051514
1244,44.5547294616699,66.1377868652344,34.53515625,52.625602722168,330.362487792969,32.6017951965332,117.537322998047,53.1379623413086,1.35854196548462
1246,48.1863136291504,52.681526184082,33.0469284057617,62.7132186889648,326.991821289063,35.8346099853516,111.967697143555,51.7987213134766,4.49380970001221
1248,51.5103569030762,57.3841438293457,60.4821128845215,69.0848236083984,333.505249023438,45.0402450561523,116.361511230469,58.0568618774414,1.9618912935257
1250,52.3953514099121,59.1603012084961,55.6537132263184,71.1022186279297,337.953521728516,39.4083480834961,112.943328857422,58.6767196655273,3.12675309181213
1252,50.6537971496582,69.4503555297852,42.4093971252441,68.2217864990234,333.996246337891,34.3283576965332,117.67024230957,54.5005226135254,6.10095024108887
1254,52.4562835693359,72.2626342773438,45.0336532592773,64.7442855834961,318.137573242188,34.1477088928223,118.502586364746,53.468391418457,5.23149061203003
1256,56.833625793457,75.3221664428711,53.8346824645996,68.3894119262695,324.353271484375,33.2840805053711,118.548362731934,56.8581809997559,4.01363897323608
1258,48.9456596374512,75.4440078735352,55.6306838989258,74.5661163330078,329.586822509766,31.5190563201904,121.693099975586,52.4359550476074,4.94412612915039
1260,47.5665664672852,75.8000335693359,47.5403747558594,70.0828094482422,330.254608154297,30.4105281829834,121.734916687012,55.4385108947754,5.41068744659424
1262,48.7488822937012,81.4535751342773,44.3496284484863,68.2623825073242,325.539276123047,33.2641487121582,115.322967529297,59.0951347351074,5.03071308135986
1264,45.9175720214844,83.7563323974609,48.1698989868164,69.7073364257813,328.171600341797,36.8503303527832,116.368690490723,58.3053207397461,5.05343437194824
1266,42.1012992858887,81.7423934936523,49.3820152282715,68.4371795654297,327.570678710938,33.5320663452148,124.010223388672,55.6183242797852,3.62558197975159
1268,42.6024055480957,83.0587768554688,50.6750907897949,66.1287155151367,331.151611328125,29.9516220092773,122.14241027832,51.1623077392578,2.77379727363586
1270,41.4885177612305,84.0224151611328,45.19775390625,66.2723083496094,338.394104003906,25.7978649139404,116.930168151855,51.8261833190918,4.56411981582642
1272,36.7424468994141,87.2570724487305,48.2636337280273,65.417236328125,339.838500976563,22.8204898834229,118.919723510742,52.8160362243652,5.64491558074951
1274,38.853199005127,87.3751373291016,53.4287376403809,67.339225769043,338.384948730469,22.1930046081543,124.479400634766,55.7154808044434,4.7237401008606
1276,42.9199905395508,86.8314895629883,50.0810050964355,69.590690612793,340.730194091797,23.9398231506348,131.931701660156,55.5326805114746,3.780033826828
1278,44.9280166625977,88.5102767944336,55.6519203186035,69.8551864624023,340.818298339844,24.53098487854,131.974411010742,53.9465179443359,4.58384990692139
1280,48.3631477355957,89.3273391723633,58.849925994873,71.1500015258789,343.431549072266,19.7966556549072,138.70426940918,56.9585418701172,4.09556102752686
1282,47.856559753418,90.6876602172852,56.7529258728027,71.2975311279297,346.756896972656,19.4423370361328,149.330841064453,57.2442321777344,4.06278085708618
1284,49.6068153381348,93.6421051025391,58.9864807128906,73.6698150634766,349.821716308594,19.8267707824707,153.170684814453,55.1134376525879,3.52866578102112
1286,51.3307037353516,93.7788238525391,61.4546203613281,73.5957946777344,348.993408203125,20.7436714172363,161.401107788086,54.5778121948242,3.61091423034668
1288,53.3727416992188,92.4119338989258,63.6007652282715,74.7740783691406,352.11669921875,19.9075756072998,172.423553466797,58.9482650756836,3.96746945381165
1290,54.704402923584,93.2100143432617,61.7987899780273,77.0109634399414,357.197814941406,18.4040946960449,178.140014648438,60.1021537780762,4.98799133300781
1292,57.5942993164063,97.1638336181641,65.6034240722656,80.1714630126953,362.885803222656,20.5852069854736,192.214080810547,62.3696784973145,5.23757314682007
1294,64.5618591308594,101.59375,73.3326568603516,82.6527481079102,362.135528564453,21.8082218170166,208.631896972656,65.3332443237305,4.36208534240723
1296,67.0381469726563,107.687057495117,78.4879150390625,82.098762512207,361.563903808594,23.7801380157471,222.328765869141,68.4170150756836,2.7268226146698
1298,69.321403503418,111.151504516602,84.4806976318359,84.8463363647461,369.321929931641,25.0195922851563,234.444152832031,70.1342315673828,4.19230365753174
1300,73.8621292114258,115.231254577637,88.1474533081055,88.9167327880859,375.313415527344,26.0603313446045,247.324493408203,76.6619873046875,5.0092625617981
1302,81.8870086669922,118.802749633789,94.3792266845703,96.3939437866211,381.682342529297,26.5207824707031,258.898345947266,79.4102401733398,4.21697044372559
1304,90.3901443481445,124.497261047363,99.8505020141602,102.748054504395,386.323181152344,28.5791301727295,273.044830322266,80.7461547851563,3.37424802780151
1306,96.5340805053711,131.840774536133,105.183403015137,107.426345825195,386.825531005859,31.2767143249512,279.930328369141,85.5970916748047,3.87791013717651
1308,100.422538757324,135.287124633789,113.784851074219,109.143692016602,390.508148193359,30.6932849884033,278.646942138672,86.8561477661133,4.02699661254883
1310,100.975234985352,137.28532409668,118.165077209473,110.745429992676,391.425018310547,32.1542701721191,284.645904541016,87.6936569213867,5.33806562423706
1312,102.29997253418,139.889083862305,121.643135070801,111.617057800293,392.4111328125,29.9425830841064,289.380523681641,88.5902786254883,4.58857488632202
1314,104.853927612305,141.188537597656,124.646095275879,112.84058380127,393.085388183594,29.633752822876,293.185668945313,90.040771484375,5.57829761505127
1316,108.01692199707,143.3857421875,132.568374633789,115.80541229248,392.266876220703,32.2145385742188,303.210205078125,91.6764678955078,5.69693660736084
1318,116.584396362305,150.307083129883,140.03662109375,118.046455383301,403.057708740234,34.8233757019043,312.792114257813,93.0861892700195,5.43878555297852
1320,123.517677307129,157.251327514648,145.544097900391,124.304504394531,409.629699707031,37.6497611999512,334.562591552734,96.1779022216797,5.54053020477295
1322,130.14860534668,162.843322753906,151.35986328125,129.936370849609,415.684600830078,39.334114074707,369.113098144531,103.053657531738,6.02116966247559
1324,139.669387817383,171.831954956055,159.237838745117,136.9296875,426.385803222656,38.9639053344727,391.148834228516,110.598503112793,7.42649412155151
1326,146.629348754883,181.386535644531,165.979629516602,147.540740966797,437.64208984375,39.8031883239746,419.788482666016,118.059646606445,8.42333889007568
1328,152.553680419922,186.197250366211,170.640029907227,156.473480224609,444.633941650391,41.3102569580078,446.613739013672,123.094802856445,9.63558006286621
1330,158.572891235352,188.714630126953,177.33430480957,162.118927001953,451.849578857422,42.6825675964355,459.037506103516,128.994277954102,11.5640811920166
1332,163.906158447266,191.01676940918,177.799728393555,161.817764282227,454.620941162109,46.0256156921387,470.238830566406,130.798004150391,11.5927505493164
1334,160.771331787109,192.282043457031,171.909210205078,161.031127929688,452.430084228516,47.3374328613281,473.442047119141,128.625106811523,11.3500995635986
1336,155.946197509766,188.43212890625,162.450073242188,157.778182983398,451.779418945313,44.9322509765625,457.946838378906,125.58235168457,11.083197593689
1338,151.963943481445,180.237533569336,156.515365600586,151.606979370117,456.910766601563,43.1295547485352,440.767028808594,120.062316894531,10.6849040985107
1340,155.383758544922,183.106063842773,160.208404541016,153.04670715332,470.382202148438,44.0407638549805,462.445190429688,120.351493835449,11.388204574585
1342,162.780456542969,193.045272827148,161.2080078125,160.859878540039,482.560424804688,46.5287704467773,520.370666503906,125.195289611816,12.8948040008545
1344,169.0947265625,203.787933349609,160.786758422852,166.125518798828,488.122863769531,49.9927444458008,556.952270507813,130.382171630859,15.7690649032593
1346,177.389083862305,217.23762512207,168.07731628418,174.852203369141,498.417144775391,51.1693458557129,599.614074707031,138.335357666016,17.3115825653076
1348,186.817657470703,231.99560546875,173.498840332031,186.356948852539,519.866394042969,53.902286529541,660.464599609375,146.248138427734,18.2278995513916
1350,203.192016601563,256.700408935547,185.739654541016,204.451477050781,537.784484863281,59.3546943664551,717.935668945313,157.255065917969,19.5814876556396
1352,223.05110168457,289.772003173828,205.911697387695,227.08088684082,549.456420898438,63.2039184570313,758.268920898438,171.637619018555,21.8700618743896
1354,246.357543945313,326.753204345703,228.95491027832,249.939544677734,573.439208984375,69.047981262207,791.43701171875,186.002517700195,23.4237995147705
1356,277.865356445313,376.570159912109,259.800598144531,274.167297363281,580.589782714844,76.4065017700195,843.148254394531,207.883712768555,25.5584831237793
1358,305.539123535156,429.242462158203,292.736724853516,298.207092285156,581.124145507813,80.3716888427734,887.491271972656,227.698043823242,27.4805545806885
1360,318.204925537109,438.748168945313,307.246398925781,312.299835205078,622.162780761719,85.8645477294922,878.233581542969,235.242233276367,27.804084777832
1362,310.416412353516,409.684265136719,297.853668212891,308.840728759766,658.167114257813,89.2631378173828,845.833618164063,228.871292114258,24.7578754425049
1364,300.578918457031,413.081115722656,290.046661376953,303.766998291016,624.286987304688,89.7763366699219,862.929016113281,222.348098754883,24.3893070220947
1366,284.912292480469,411.956237792969,277.276519775391,294.778747558594,590.874633789063,86.0238952636719,839.167541503906,214.1494140625,24.6639595031738
1368,269.649230957031,391.489807128906,264.437622070313,285.939025878906,585.761474609375,84.9897613525391,783.292724609375,201.284576416016,23.5821990966797
1370,260.606201171875,388.2509765625,264.249633789063,282.233581542969,564.750549316406,84.0343551635742,765.580627441406,195.657989501953,23.8274478912354
1372,257.216339111328,372.823822021484,261.560150146484,279.254058837891,578.55810546875,85.9219741821289,723.927795410156,194.048446655273,22.8250503540039
1374,263.195129394531,358.713470458984,265.182739257813,278.640899658203,610.131530761719,89.3560562133789,708.514099121094,195.797317504883,22.1332511901855
1376,282.380554199219,377.461883544922,287.148529052734,288.167694091797,606.736328125,97.5440521240234,771.126586914063,206.436737060547,24.3552856445313
1378,303.617797851563,404.780487060547,313.712890625,304.946105957031,608.879455566406,106.471618652344,844.935119628906,221.445907592773,26.2424049377441
1380,323.922149658203,452.145843505859,348.851959228516,330.200225830078,583.873962402344,114.799453735352,925.45654296875,238.66911315918,28.8636474609375
1382,339.222778320313,494.538757324219,377.893188476563,347.655639648438,569.81982421875,119.370803833008,1010.18133544922,250.099990844727,30.9502506256104
1384,335.212860107422,495.675384521484,384.817962646484,346.750457763672,585.09130859375,118.539337158203,1042.03112792969,250.790161132813,30.3633041381836
1386,313.541259765625,434.865020751953,368.937591552734,326.368835449219,646.552124023438,115.317008972168,942.015747070313,239.605163574219,25.6907634735107
1388,301.683685302734,388.722961425781,355.0439453125,311.975189208984,673.408447265625,121.912956237793,972.827514648438,230.085098266602,23.3070220947266
1390,306.037536621094,384.100250244141,360.099395751953,318.909057617188,683.392578125,131.918853759766,1048.46313476563,232.31901550293,24.4272918701172
1392,316.586181640625,383.494964599609,374.677856445313,329.615051269531,719.569030761719,143.798110961914,1084.49084472656,237.973419189453,25.1090335845947
1394,332.233947753906,369.890167236328,396.770812988281,344.873474121094,821.109985351563,159.060333251953,1054.88342285156,249.196182250977,22.9652156829834
1396,368.397430419922,388.912658691406,447.328399658203,372.957794189453,915.913391113281,191.15885925293,1168.52880859375,272.018157958984,23.0933170318604
1398,413.209350585938,409.281890869141,495.923858642578,402.159362792969,1001.56390380859,218.423385620117,1238.21179199219,294.729125976563,23.9172382354736
1400,487.171722412109,504.888580322266,575.125549316406,459.288055419922,1045.33813476563,259.933288574219,1337.13293457031,333.834838867188,29.2923774719238
1402,542.007690429688,585.161437988281,644.225341796875,498.21875,1098.2451171875,285.910125732422,1460.61108398438,364.012847900391,32.3522644042969
1404,576.538757324219,602.6025390625,685.006042480469,521.396484375,1200.255859375,304.560729980469,1398.30603027344,385.847351074219,30.7749042510986
1406,611.281860351563,656.909423828125,727.643310546875,545.132019042969,1204.4765625,317.523834228516,1370.15173339844,406.921020507813,31.0219459533691
1408,618.376770019531,678.980712890625,740.29296875,547.946228027344,1186.70690917969,313.176849365234,1256.02075195313,411.701416015625,31.5223865509033
1410,585.799194335938,640.410217285156,702.095520019531,529.57080078125,1175.96545410156,298.671264648438,1369.1669921875,396.072174072266,29.1925830841064
1412,548.192504882813,587.107666015625,650.4912109375,501.911682128906,1148.65686035156,280.995635986328,1509.27331542969,375.229034423828,27.8874359130859
1414,504.399932861328,516.186889648438,587.261596679688,457.76220703125,1121.61352539063,258.333801269531,1437.87133789063,348.200317382813,23.0071983337402
1416,448.05419921875,431.909332275391,525.700256347656,415.54443359375,1112.89636230469,233.641235351563,1157.31726074219,317.137115478516,17.0263423919678
1418,392.847930908203,347.896575927734,469.801849365234,367.906555175781,1064.83325195313,204.330642700195,869.482238769531,279.498626708984,10.0916786193848
1420,336.263580322266,274.637756347656,395.254638671875,311.843353271484,961.154541015625,175.804107666016,703.532775878906,236.600082397461,8.0976448059082
1422,311.219940185547,243.729125976563,361.065887451172,287.382019042969,903.016906738281,158.734954833984,620.110229492188,219.046615600586,8.52454948425293
1424,291.883819580078,216.75732421875,324.76513671875,264.455841064453,843.304992675781,139.978988647461,544.54443359375,195.542739868164,7.60626935958862
1426,276.338012695313,201.868942260742,301.711120605469,249.488296508789,800.098083496094,125.63956451416,488.284729003906,181.333404541016,8.46122455596924
1428,267.930114746094,190.872177124023,292.145355224609,242.816833496094,774.851013183594,115.104156494141,433.230560302734,178.68359375,7.21906661987305
1430,269.632843017578,179.342071533203,273.894927978516,233.598693847656,739.15478515625,109.553321838379,385.945922851563,171.845626831055,5.05180406570435
1432,272.791870117188,173.711944580078,269.409881591797,235.685852050781,729.819396972656,105.98673248291,370.259429931641,168.959518432617,4.61124420166016
1434,268.358978271484,174.937438964844,268.337890625,235.386245727539,728.798095703125,103.79859161377,359.118988037109,167.584487915039,6.45256423950195
1436,265.520935058594,171.272445678711,261.623962402344,228.91471862793,729.267517089844,101.630149841309,317.016448974609,161.886215209961,6.31362342834473
1438,274.607025146484,167.948287963867,264.496398925781,231.299133300781,746.358093261719,111.841011047363,315.792846679688,168.751876831055,5.61791372299194
1440,282.884399414063,172.868713378906,266.612152099609,238.795593261719,768.724243164063,111.047103881836,330.997955322266,172.858978271484,3.42326688766479
1442,281.346008300781,176.065704345703,262.372985839844,237.210296630859,777.31591796875,110.484619140625,332.760467529297,174.897598266602,3.01861953735352
1444,280.315948486328,175.823852539063,262.007141113281,239.966873168945,793.546447753906,115.377922058105,329.622406005859,177.745590209961,1.65887212753296
1446,278.794372558594,171.117385864258,253.043701171875,242.40251159668,794.552429199219,112.260375976563,313.70361328125,176.836135864258,0.193845435976982
1448,284.863586425781,171.192657470703,254.777130126953,235.070190429688,825.446960449219,109.106620788574,309.87744140625,177.636077880859,-0.920456111431122
1450,311.040100097656,172.862747192383,236.06755065918,232.137680053711,825.419982910156,119.197105407715,345.884185791016,180.850555419922,1.06072604656219
1452,338.461181640625,174.612213134766,216.468368530273,229.065734863281,825.391662597656,129.767364501953,383.602935791016,184.217864990234,3.13610792160034
1454,367.217834472656,176.446899414063,195.914611816406,225.844192504883,825.361999511719,140.852462768555,423.158813476563,187.749176025391,5.31257152557373
1456,356.291961669922,165.918380737305,206.593322753906,232.824859619141,837.242980957031,136.113891601563,430.049346923828,192.521102905273,1.37503731250763
1458,372.799530029297,177.526306152344,194.577453613281,239.769592285156,910.011047363281,147.1875,454.701843261719,197.333847045898,2.22744655609131
1460,379.677978515625,192.233810424805,198.099105834961,247.131164550781,923.129272460938,166.084777832031,462.021423339844,195.1474609375,3.89239501953125
1462,379.028198242188,192.427352905273,191.089416503906,247.014129638672,914.501647949219,163.072647094727,468.294219970703,197.264038085938,7.62910175323486
1464,383.648468017578,183.859237670898,193.746520996094,250.787994384766,914.643615722656,161.315200805664,459.534301757813,198.347244262695,7.99038743972778
1466,363.515228271484,180.683822631836,200.169006347656,243.697326660156,892.001098632813,165.243515014648,443.466125488281,196.011032104492,7.79099798202515
1468,342.264739990234,179.379989624023,193.773208618164,231.036605834961,845.51953125,157.898803710938,422.813415527344,191.134353637695,8.88544750213623
1470,322.092864990234,178.59635925293,187.519927978516,217.844635009766,812.319152832031,151.33464050293,398.602111816406,177.841064453125,9.0424222946167
1472,294.432800292969,163.414596557617,179.524337768555,201.021179199219,790.065673828125,139.212875366211,381.183837890625,160.811630249023,9.50001430511475
1474,257.686706542969,138.399765014648,161.557693481445,162.607025146484,686.322082519531,124.040382385254,315.642242431641,130.825286865234,12.3825092315674
1476,213.845184326172,114.476837158203,130.267379760742,143.740325927734,619.840026855469,108.169174194336,257.436218261719,115.37232208252,14.3248043060303
1478,178.970504760742,102.43204498291,120.019172668457,127.556167602539,566.26220703125,89.3690414428711,234.116073608398,101.002311706543,17.9486789703369
1480,158.317626953125,90.0457916259766,117.430686950684,114.069465637207,531.679565429688,74.8263092041016,218.518493652344,89.9649124145508,18.5478630065918
1482,140.097778320313,76.6581649780273,105.985366821289,98.2257080078125,487.367279052734,71.564094543457,191.322830200195,75.0842971801758,20.0654106140137
1484,126.360443115234,73.1248245239258,95.8282928466797,91.1778030395508,479.63525390625,70.8300933837891,171.46484375,71.219352722168,19.5608253479004
1486,112.165008544922,64.7674789428711,95.4091262817383,82.5037536621094,473.650146484375,64.1722717285156,160.434509277344,67.2543411254883,19.3835048675537
1488,94.2747344970703,60.5732002258301,88.522087097168,68.4766006469727,469.995635986328,62.778491973877,165.308151245117,61.2218856811523,15.7186908721924
1490,77.9726409912109,56.7306823730469,86.1696014404297,62.5196571350098,487.869567871094,67.4773712158203,163.304580688477,52.6957740783691,8.68997287750244
1492,87.0893325805664,62.2365112304688,88.4063873291016,72.7749404907227,514.1416015625,71.0588684082031,149.177810668945,58.5848846435547,7.3316068649292
1494,92.6095199584961,66.5077438354492,86.9804458618164,77.8483810424805,517.222473144531,73.3873977661133,145.719818115234,67.6455383300781,6.04234838485718
1496,93.0243988037109,62.4665832519531,80.9722442626953,68.3736114501953,531.302795410156,70.1264266967773,161.67399597168,68.2645111083984,3.87938857078552
1498,89.2836990356445,52.9802856445313,85.3243789672852,57.1933441162109,547.672973632813,71.634765625,172.855926513672,68.532829284668,2.89706325531006
1500,85.341552734375,52.9589881896973,86.8056411743164,70.7695083618164,564.192565917969,77.6484298706055,167.596237182617,71.6741943359375,3.60467505455017
1502,93.2835311889648,60.0585670471191,83.1907577514648,72.343994140625,583.16357421875,80.1622467041016,155.405426025391,72.9462814331055,3.48806428909302
1504,84.9878616333008,62.86669921875,81.6640319824219,66.6881866455078,572.977478027344,72.0366897583008,137.96272277832,65.0254669189453,3.39705896377563
1506,62.7109718322754,49.8281555175781,58.6396484375,40.2467651367188,530.965759277344,56.6628570556641,112.820182800293,53.5524978637695,3.90412664413452
1508,62.3333396911621,40.1301803588867,70.1464920043945,47.3501663208008,582.80322265625,72.2676315307617,140.614410400391,72.6399154663086,11.2314786911011
1510,80.4974899291992,57.5070915222168,78.6903991699219,69.8154602050781,634.678283691406,86.1034622192383,159.785522460938,75.9178009033203,-0.613444566726685
1512,88.9677276611328,56.080883026123,75.6215744018555,79.600456237793,683.565307617188,100.129058837891,164.982315063477,79.6374053955078,5.61856985092163
1514,96.8733825683594,57.7651824951172,86.9458465576172,88.1593399047852,699.242004394531,103.03596496582,147.475082397461,89.2932586669922,9.42010498046875
1516,93.5834045410156,56.3281021118164,93.6436767578125,81.2586288452148,693.548156738281,94.7507858276367,131.156723022461,93.8887252807617,2.0258572101593
1518,107.631629943848,75.8645095825195,86.5325775146484,94.6523590087891,774.866149902344,141.594055175781,185.705657958984,99.8230895996094,3.24353885650635
1520,100.909255981445,71.2380599975586,48.092227935791,95.5639114379883,783.340454101563,145.385757446289,208.188873291016,83.9529342651367,-3.35254883766174
1522,115.613075256348,74.1764602661133,85.4506759643555,77.1628341674805,794.790710449219,172.356704711914,217.57682800293,96.988151550293,10.8211631774902
1524,134.901062011719,99.9632797241211,120.578048706055,80.2700042724609,853.09521484375,171.088104248047,235.351547241211,121.402191162109,9.0939359664917
1526,142.097808837891,112.427490234375,119.241928100586,95.5517807006836,894.311096191406,189.916091918945,277.509643554688,138.403930664063,7.82034349441528
1528,150.417266845703,106.615272521973,110.193115234375,116.127708435059,926.913696289063,209.732788085938,298.696716308594,153.881820678711,9.6068115234375
1530,146.091262817383,98.4799270629883,101.450263977051,125.174659729004,941.029968261719,222.775650024414,315.030578613281,166.041076660156,8.06197357177734
1532,148.255859375,95.6627197265625,91.9600524902344,131.26838684082,977.142639160156,221.10954284668,325.323516845703,169.984680175781,8.97051048278809
1534,163.709671020508,101.082496643066,94.5127334594727,131.655334472656,1036.57885742188,242.961120605469,343.403778076172,185.130294799805,12.3137321472168
1536,161.311187744141,112.949974060059,96.6699676513672,133.097732543945,1038.80297851563,252.396682739258,346.518127441406,186.116668701172,13.4365615844727
1538,156.954010009766,109.804237365723,80.5362701416016,120.390907287598,1021.55743408203,234.580718994141,336.595550537109,177.251693725586,8.57569980621338
1540,163.146255493164,80.380989074707,92.6177673339844,125.824234008789,1099.66235351563,234.570343017578,322.118713378906,184.878616333008,3.52395820617676
1542,173.755355834961,112.118827819824,109.268409729004,157.584365844727,1207.09069824219,269.84814453125,364.684844970703,207.905120849609,12.4291296005249
1544,176.198303222656,127.470657348633,123.514251708984,162.110946655273,1204.35559082031,288.8876953125,392.178924560547,222.404556274414,17.415153503418
1546,179.373962402344,136.98908996582,118.646697998047,155.813903808594,1139.53503417969,304.389709472656,400.879058837891,217.670715332031,16.1697273254395
1548,181.357421875,138.76203918457,117.139999389648,156.004623413086,1135.89575195313,310.854888916016,414.366333007813,218.110260009766,18.4457607269287
1550,178.089599609375,140.910949707031,115.232513427734,156.879470825195,1143.86096191406,317.436462402344,413.608520507813,224.796585083008,21.400821685791
1552,176.193603515625,148.898742675781,115.077796936035,154.627777099609,1161.99572753906,329.071197509766,416.985778808594,227.815124511719,22.3843173980713
1554,177.731506347656,148.519439697266,113.70809173584,152.741027832031,1175.00512695313,322.637939453125,407.227447509766,229.659194946289,20.0209827423096
1556,180.285766601563,145.770568847656,118.936103820801,153.710433959961,1185.11254882813,317.718414306641,386.837005615234,234.557342529297,16.3267040252686
1558,165.478439331055,122.490783691406,116.504585266113,126.815071105957,1162.646484375,286.386413574219,341.951538085938,223.198089599609,11.8806734085083
1560,202.298034667969,169.037063598633,124.961715698242,158.953369140625,1258.55834960938,351.14208984375,398.632995605469,255.902633666992,20.2943000793457
1562,211.291381835938,182.755920410156,131.461471557617,175.170608520508,1286.0107421875,385.406951904297,454.040710449219,262.691650390625,23.8822975158691
1564,219.620544433594,188.0390625,127.676361083984,180.684219360352,1302.12365722656,392.864929199219,484.876220703125,271.722717285156,24.6888980865479
1566,222.164016723633,199.281631469727,139.248077392578,188.347717285156,1320.03955078125,420.169403076172,542.452758789063,282.555358886719,25.5532932281494
1568,226.251205444336,204.560440063477,150.015365600586,192.550109863281,1341.78942871094,416.460357666016,566.579895019531,293.644683837891,25.154483795166
1570,248.023406982422,220.91682434082,168.387619018555,209.721984863281,1427.93347167969,466.239929199219,656.854614257813,316.096710205078,26.9460773468018
1572,259.238586425781,244.005035400391,180.979217529297,225.535415649414,1492.50341796875,525.764831542969,813.829895019531,343.645324707031,28.0674514770508
1574,273.05078125,261.737548828125,193.942535400391,245.077407836914,1561.13342285156,534.733032226563,870.577331542969,369.251556396484,29.2463302612305
1576,313.684722900391,296.060241699219,210.995056152344,271.529510498047,1684.07885742188,550.185180664063,884.294677734375,404.941467285156,32.3087387084961
1578,329.102813720703,330.888031005859,200.279876708984,284.493591308594,1711.18737792969,658.246765136719,1288.8837890625,440.289123535156,38.6759872436523
1580,322.987060546875,361.655914306641,190.876388549805,299.8212890625,1707.54504394531,743.412841796875,1633.55773925781,481.57958984375,41.1251945495605
1582,315.531860351563,389.781677246094,183.021575927734,317.553344726563,1624.93701171875,781.922546386719,1746.6640625,515.686401367188,43.7551422119141
1584,307.714172363281,405.958862304688,174.358047485352,330.308959960938,1465.9287109375,794.039245605469,1955.97448730469,536.492492675781,45.1603736877441
1586,307.400512695313,412.493438720703,167.838973999023,336.982208251953,1339.18664550781,798.670654296875,1842.01782226563,546.204650878906,45.4414710998535
1588,312.760803222656,407.924285888672,171.39631652832,338.765594482422,1246.61950683594,784.901123046875,1658.60412597656,536.528991699219,44.7057418823242
1590,321.577911376953,389.301116943359,181.696838378906,335.742980957031,1201.50549316406,751.532897949219,1560.64135742188,509.476196289063,42.0669479370117
1592,319.582061767578,362.334716796875,186.107635498047,326.186462402344,1147.20910644531,706.575073242188,1418.40856933594,474.812347412109,38.7088394165039
1594,314.78662109375,329.953399658203,193.419052124023,311.1845703125,1116.31469726563,648.40234375,1215.7294921875,433.075378417969,33.5517845153809
1596,302.768951416016,299.5263671875,188.76953125,290.172912597656,1041.53869628906,603.215698242188,1071.31591796875,394.696380615234,29.6697387695313
1598,291.338104248047,271.942291259766,183.182632446289,278.911743164063,967.434692382813,561.41064453125,964.739990234375,365.254669189453,27.8688926696777
1600,277.193939208984,247.327270507813,180.893997192383,267.816314697266,946.740539550781,509.735260009766,855.09912109375,335.144348144531,26.3174819946289
1602,265.928131103516,227.601043701172,175.95637512207,251.759170532227,957.211303710938,463.738586425781,768.374572753906,308.036865234375,24.87744140625
1604,249.459899902344,208.124313354492,171.079055786133,233.915817260742,927.835083007813,433.343627929688,708.679138183594,280.890380859375,22.6995449066162
1606,235.04753112793,194.894500732422,167.430938720703,217.078750610352,914.192993164063,398.015045166016,639.627868652344,256.252838134766,20.3715229034424
1608,224.835601806641,181.212112426758,159.544128417969,201.708618164063,909.119262695313,368.786712646484,585.421752929688,237.266357421875,17.7103538513184
1610,207.537078857422,165.462478637695,158.002044677734,190.95491027832,881.350708007813,348.526702880859,556.640747070313,219.068649291992,16.4671840667725
1612,190.351516723633,157.204788208008,157.449645996094,182.256256103516,850.93994140625,330.823059082031,525.087890625,204.539855957031,15.1157636642456
1614,176.888961791992,150.95329284668,150.388549804688,172.885528564453,825.810180664063,303.834777832031,482.458770751953,194.144348144531,13.5963106155396
1616,164.667144775391,141.951293945313,150.957595825195,160.043487548828,804.487426757813,272.898712158203,427.971099853516,180.220153808594,12.4583950042725
1618,156.336563110352,134.829223632813,154.196258544922,147.388381958008,783.169738769531,261.211486816406,393.447235107422,166.565765380859,13.3415069580078
1620,151.601791381836,130.901473999023,151.682113647461,145.878173828125,772.514770507813,253.358596801758,380.201232910156,160.604537963867,12.5012655258179
1622,145.065277099609,130.615356445313,144.174514770508,144.975051879883,766.974609375,244.061706542969,362.217224121094,157.594696044922,10.3617858886719
1624,139.489776611328,132.05598449707,141.974700927734,140.831161499023,751.847229003906,236.669906616211,352.543212890625,146.65608215332,9.9946117401123
1626,138.180053710938,133.393188476563,142.823028564453,139.716567993164,739.990112304688,232.878280639648,339.870361328125,144.004318237305,11.5408964157104
1628,135.602401733398,132.81999206543,139.046615600586,136.701858520508,725.338928222656,231.915069580078,324.421234130859,142.504272460938,12.951229095459
1630,132.282470703125,134.69465637207,138.861694335938,138.178558349609,709.6318359375,229.713745117188,328.913024902344,141.917388916016,12.2115879058838
1632,133.430374145508,134.934692382813,142.383422851563,137.476821899414,700.63134765625,225.147430419922,327.791900634766,141.802749633789,11.9402513504028
1634,136.796752929688,133.096084594727,137.907653808594,135.893157958984,705.680358886719,224.363677978516,319.372619628906,142.167526245117,10.4460458755493
1636,135.574371337891,132.829940795898,138.060012817383,129.824798583984,706.27880859375,226.071075439453,304.252014160156,141.260620117188,10.704418182373
1638,136.390533447266,141.251678466797,144.073654174805,132.14241027832,675.416320800781,228.960372924805,308.566040039063,139.796920776367,12.5591764450073
1640,136.501754760742,147.389434814453,143.340209960938,136.235549926758,648.818054199219,227.609634399414,317.938171386719,139.805404663086,12.4516668319702
1642,139.595428466797,151.908264160156,144.04621887207,138.193908691406,633.545227050781,231.289932250977,329.224731445313,142.814529418945,13.4169149398804
1644,140.854827880859,151.137283325195,142.185195922852,137.464859008789,639.023315429688,233.030639648438,325.611541748047,145.600296020508,12.6467819213867
1646,146.311508178711,152.091049194336,144.847229003906,139.388275146484,667.618591308594,228.806442260742,320.837066650391,148.722854614258,12.2570238113403
1648,150.838912963867,159.31135559082,149.402374267578,145.164093017578,685.830139160156,239.625885009766,337.152770996094,153.398849487305,15.7940645217896
1650,147.51953125,155.819351196289,145.931167602539,147.936996459961,690.38330078125,243.645050048828,350.211517333984,153.25520324707,15.9493179321289
1652,142.220520019531,142.826751708984,133.718673706055,149.836853027344,710.588623046875,243.389892578125,352.547760009766,142.482559204102,14.1454401016235
1654,151.603744506836,161.96159362793,135.786865234375,146.102203369141,720.696166992188,271.023956298828,370.606170654297,149.849655151367,13.9871044158936
1656,151.895248413086,166.901596069336,144.353210449219,146.940139770508,652.257751464844,280.331146240234,388.377624511719,156.76530456543,13.8146457672119
1658,148.111694335938,166.858154296875,146.032653808594,150.006988525391,596.369445800781,287.860778808594,422.396362304688,159.750289916992,14.6115169525146
1660,144.746734619141,167.28678894043,142.622528076172,151.339721679688,619.740966796875,289.893402099609,436.765777587891,163.65071105957,15.116325378418
1662,139.760192871094,163.666870117188,137.395385742188,148.297500610352,676.911071777344,287.99072265625,424.090393066406,165.258987426758,15.3311491012573
1664,140.425262451172,158.858734130859,134.699737548828,143.171356201172,678.622619628906,302.357940673828,450.301574707031,164.823211669922,14.5246276855469
1666,138.560134887695,155.945449829102,128.511871337891,140.338470458984,682.331176757813,303.025177001953,454.288970947266,163.774826049805,13.4762401580811
1668,134.983520507813,151.444610595703,122.791305541992,134.921478271484,724.664611816406,290.007263183594,422.617095947266,157.800827026367,12.8753519058228
1670,124.359809875488,145.331069946289,117.652969360352,128.616790771484,785.441040039063,281.490234375,398.219818115234,151.432235717773,12.9258003234863
1672,117.478309631348,140.582000732422,111.519798278809,122.977409362793,786.340270996094,287.772155761719,406.44189453125,146.573486328125,12.2371711730957
1674,114.769889831543,137.505187988281,105.034393310547,115.987243652344,794.280944824219,283.366821289063,393.943054199219,142.298934936523,11.8281106948853
1676,111.311767578125,133.616882324219,103.808631896973,110.040885925293,794.92431640625,295.32080078125,409.270446777344,138.216018676758,11.7789144515991
1678,111.53434753418,130.740829467773,103.851112365723,111.294914245605,794.699584960938,292.341430664063,412.2724609375,135.409301757813,10.7452373504639
1680,106.49479675293,128.636520385742,101.933715820313,110.565986633301,794.664367675781,275.830627441406,401.688354492188,133.632659912109,10.0496873855591
1682,99.5169982910156,124.107543945313,98.4111404418945,105.676544189453,790.973693847656,256.803466796875,387.884246826172,132.042144775391,9.57546424865723
1684,93.4482116699219,111.330665588379,87.9880447387695,90.2216339111328,768.761047363281,235.99592590332,347.718841552734,119.839569091797,8.36374473571777
1686,94.146354675293,111.577865600586,88.2812271118164,90.9789657592773,741.311096191406,230.082412719727,321.331146240234,112.358825683594,8.81508636474609
1688,91.2147369384766,111.856330871582,85.5938415527344,91.6348876953125,707.861389160156,217.865829467773,298.791717529297,107.747749328613,9.30548858642578
1690,90.1846771240234,104.975799560547,79.8926773071289,89.4519500732422,676.633483886719,209.037887573242,288.943176269531,105.992538452148,9.49183750152588
1692,89.1434097290039,99.2554626464844,75.4841766357422,86.0879135131836,647.510070800781,196.995254516602,285.822113037109,101.884819030762,8.95673179626465
1694,82.4325866699219,92.0273818969727,69.5653686523438,81.6681671142578,614.536804199219,177.980087280273,269.401947021484,95.9214096069336,8.72943592071533
1696,77.1918792724609,87.4650497436523,68.23095703125,77.6880187988281,575.919799804688,163.482986450195,243.668502807617,87.5988922119141,8.80582237243652
1698,70.4804611206055,90.4698638916016,60.2906608581543,71.8143463134766,571.348754882813,157.259399414063,229.330184936523,84.2637023925781,4.27915906906128
1700,71.218994140625,87.6468734741211,56.4020957946777,65.7637252807617,556.595153808594,147.103958129883,213.078674316406,85.9156494140625,3.26863503456116
1702,76.9472122192383,85.4736480712891,62.3189849853516,70.1349487304688,537.327758789063,143.610534667969,213.081039428711,84.9441909790039,7.04367351531982
1704,76.9580841064453,85.2742691040039,64.4990386962891,72.1330261230469,529.573120117188,140.314392089844,214.445907592773,84.5962677001953,9.08556461334229
1706,81.3991012573242,88.5356216430664,70.4321517944336,75.9822769165039,536.894470214844,145.966415405273,219.669799804688,87.114013671875,9.19768333435059
1708,81.3936538696289,92.2657470703125,74.280517578125,78.2475662231445,533.675354003906,151.379684448242,219.532653808594,87.814094543457,10.0397567749023
1710,84.1659088134766,96.9171371459961,71.4916763305664,79.2181091308594,526.567260742188,150.332855224609,222.61213684082,87.0064926147461,9.02782249450684
1712,84.8017196655273,94.7375640869141,73.4914016723633,80.0264434814453,516.05322265625,143.5322265625,219.196640014648,84.7479705810547,8.13591575622559
1714,83.0114974975586,92.9179534912109,72.7855987548828,75.7741851806641,510.175445556641,131.955657958984,210.371139526367,80.6901168823242,8.10576438903809
1716,75.67236328125,93.9961318969727,73.388671875,69.2761993408203,502.147369384766,124.046394348145,200.036575317383,75.117073059082,7.29842329025269
1718,75.5492172241211,93.024772644043,68.0201263427734,68.437873840332,474.161682128906,121.350036621094,179.536483764648,70.4629135131836,8.22479152679443
1720,77.8020858764648,87.8702392578125,67.7255020141602,69.8796310424805,448.987640380859,119.905319213867,177.162734985352,72.2037734985352,7.55109453201294
1722,74.2873229980469,84.8616943359375,65.9480819702148,65.8700714111328,427.059112548828,110.809074401855,170.753540039063,70.1362380981445,7.12618398666382
1724,71.2416687011719,85.9537887573242,60.225772857666,64.1447067260742,405.120330810547,105.418640136719,163.881942749023,68.2599792480469,7.01153802871704
1726,67.8147659301758,85.0441360473633,54.7036476135254,63.8616256713867,379.034240722656,102.159400939941,155.691436767578,63.9253692626953,6.71535301208496
1728,62.0828666687012,78.3591613769531,54.3474502563477,63.3038520812988,359.591674804688,95.228759765625,149.852844238281,59.6438369750977,5.86999130249023
1730,56.0431022644043,73.0454788208008,46.7123184204102,61.8206176757813,341.185516357422,87.6716232299805,138.295104980469,53.6070861816406,3.72486639022827
1732,48.4804344177246,67.7621231079102,35.5814590454102,55.1666603088379,325.305328369141,85.1302871704102,127.294105529785,47.2493476867676,1.85979187488556
1734,33.2551956176758,65.3106231689453,33.1306915283203,42.9794731140137,293.286468505859,75.5770416259766,106.025093078613,44.2102928161621,4.27365493774414
1736,31.0603065490723,57.6181335449219,29.6737213134766,41.7204208374023,276.383819580078,67.2010269165039,96.4969711303711,40.9936065673828,4.30412769317627
1738,28.9665775299072,48.998161315918,29.3640327453613,39.5037460327148,265.077056884766,61.4349822998047,93.3137054443359,38.0936813354492,3.34083843231201
1740,26.8028450012207,43.4216003417969,27.2716941833496,39.5156326293945,243.751480102539,56.4936904907227,93.1161956787109,35.724666595459,4.22261762619019
1742,26.9248676300049,38.2458114624023,22.0252799987793,36.3969612121582,232.501800537109,53.9935455322266,87.6921463012695,33.0085868835449,2.60817289352417
1744,25.3332099914551,35.4672698974609,17.6495914459229,33.8440933227539,222.399642944336,50.020393371582,83.5133972167969,30.1499652862549,3.04087567329407
1746,21.7812175750732,32.3460083007813,10.1301774978638,31.4162635803223,211.20735168457,44.9886779785156,79.95458984375,28.5565643310547,2.54748821258545
1748,18.5520915985107,25.9358444213867,8.56570529937744,29.5234260559082,197.537521362305,41.722770690918,74.7716522216797,23.6278896331787,2.90181994438171
1750,13.9155282974243,24.9422950744629,10.4875183105469,27.2911243438721,187.993759155273,36.9793167114258,71.6625289916992,17.8779430389404,3.26270270347595
1752,11.215184211731,27.6246471405029,11.3110046386719,26.9221076965332,177.536041259766,36.8400344848633,70.1656494140625,20.3736190795898,2.82353329658508
1754,12.4068851470947,26.2066020965576,13.0748319625854,25.7589263916016,175.673614501953,32.5541114807129,68.262939453125,22.7820167541504,2.68708443641663
1756,10.6284980773926,25.1183338165283,19.0234870910645,24.2162818908691,172.429077148438,29.0409832000732,64.1334762573242,25.1807861328125,1.52710604667664
1758,10.0721769332886,21.3336162567139,18.8668823242188,22.8387012481689,162.632278442383,26.4854164123535,63.3091316223145,25.022798538208,1.20343291759491
1760,7.05759859085083,19.5471096038818,13.653205871582,19.6427879333496,159.59977722168,27.5869464874268,62.7322006225586,24.3923664093018,1.29879772663116
1762,4.44782781600952,19.9903163909912,9.52482414245605,18.8647232055664,152.740371704102,25.6829376220703,56.4399604797363,22.6082592010498,1.26791656017303
1764,5.26363039016724,23.0841579437256,11.2746639251709,19.7705631256104,147.853439331055,23.2293243408203,56.4985885620117,19.4875297546387,0.707883238792419
1766,5.19678640365601,24.384765625,8.82322406768799,18.2105464935303,145.013046264648,22.865119934082,58.8582458496094,19.7360897064209,0.916050612926483
1768,7.70612955093384,21.0916061401367,9.27495098114014,18.5519924163818,133.590255737305,21.6132869720459,56.7758560180664,18.515697479248,1.32370936870575
1770,7.80811405181885,17.6142997741699,9.70167922973633,20.1041717529297,129.712966918945,18.907564163208,55.0499649047852,12.1785869598389,3.15440392494202
1772,7.49073314666748,6.17767238616943,7.3393726348877,21.4940013885498,127.66162109375,13.2269792556763,49.689697265625,11.6571168899536,5.44680118560791
1774,9.23632717132568,8.68506717681885,6.07188320159912,16.9444923400879,130.131729125977,15.3647871017456,45.9174423217773,9.69088745117188,3.74830555915833
1776,11.483696937561,10.4026947021484,1.51112985610962,16.3796844482422,118.065521240234,10.9950904846191,45.3114433288574,8.84159469604492,-0.0899022147059441
1778,6.73842811584473,12.2250843048096,5.23385858535767,19.457592010498,108.789703369141,10.0575561523438,47.8238067626953,12.3992366790771,0.0353317260742188
1780,8.6113862991333,15.9943151473999,1.69184970855713,20.0785140991211,99.7237319946289,8.46461391448975,40.8042259216309,10.6230154037476,-0.327012538909912
1782,10.5609893798828,13.7022676467896,6.31056451797485,17.5445461273193,100.459426879883,10.3769407272339,31.3072662353516,11.9269685745239,0.489058464765549
1784,7.6033148765564,5.3026647567749,6.70756340026855,15.6371116638184,97.1394500732422,4.25593042373657,24.2841186523438,12.8355512619019,1.27489817142487
1786,6.81187200546265,7.79414939880371,9.33058452606201,17.7839622497559,88.1661605834961,3.37494611740112,24.3014392852783,14.1661462783813,0.63107818365097
1788,5.47524261474609,5.12038803100586,5.52412128448486,20.4799289703369,84.4751129150391,4.48306560516357,26.9205436706543,12.2916793823242,1.52822828292847
1790,2.53190064430237,0.355297476053238,-0.473445504903793,16.8569755554199,74.0866088867188,1.46492803096771,47.4759674072266,9.748366355896,2.71570825576782
1792,10.3938083648682,0.978135824203491,0.608438849449158,9.26508808135986,62.9330062866211,-3.73546409606934,47.3390007019043,5.94506216049194,2.97421956062317
1794,3.91403746604919,5.64661312103271,1.25899791717529,6.04506587982178,60.2561531066895,-2.62208223342896,36.9955368041992,6.61896419525146,0.393092781305313
1796,5.20535278320313,9.12358283996582,0.908141136169434,0.951896488666534,59.9963760375977,-1.32660520076752,23.027624130249,6.02550268173218,0.716450989246368
1798,4.78958892822266,9.24478626251221,9.8160457611084,3.24727582931519,63.9221000671387,-2.52698755264282,19.6217346191406,8.89417743682861,2.53396940231323
2688,5.92378950119019,8.77112293243408,7.89895009994507,3.25035786628723,58.4120445251465,-2.52658843994141,22.2168140411377,9.31820392608643,3.11483311653137
2690,7.94621658325195,7.92652082443237,4.48052072525024,3.2558536529541,48.5868873596191,-2.52587842941284,26.8441753387451,10.0742988586426,4.1505880355835
2692,12.5717487335205,5.99481391906738,-3.33784008026123,3.26842355728149,26.1155853271484,-2.52425241470337,37.4275131225586,11.8035821914673,6.51948404312134
2694,11.9470996856689,15.0192852020264,10.4366903305054,5.82367467880249,14.3581380844116,-25.8100128173828,23.6484260559082,-8.69710063934326,5.44917726516724
2696,25.7960662841797,18.3862075805664,10.1053733825684,-12.6060266494751,23.2340488433838,2.22587037086487,10.265419960022,-5.42050647735596,0.992319941520691
2698,4.53072595596313,11.4411592483521,-6.60332202911377,-4.48540925979614,40.6493988037109,-1.07694482803345,19.3962135314941,-5.646324634552,-2.66217279434204
2700,-2.13164973258972,5.18305587768555,0.748437523841858,7.28542613983154,39.4689559936523,-13.8787174224854,22.6873092651367,6.30574893951416,0.554649770259857
2702,-2.30515956878662,1.50458717346191,1.9290531873703,10.1402978897095,33.9855537414551,-13.4952478408813,24.3668670654297,1.73286271095276,-0.457200735807419
2704,6.21127939224243,0.285246074199677,12.3071804046631,14.0078821182251,36.9326858520508,6.31380176544189,35.0015754699707,4.82322883605957,-1.62899684906006
2706,3.52356243133545,-0.124236300587654,5.77981281280518,8.47429656982422,49.8115692138672,1.29144108295441,28.2106494903564,0.0506046302616596,4.790358543396
2708,17.6566219329834,0.5239537358284,-2.61276459693909,5.97128057479858,56.8851623535156,7.79876708984375,8.01318264007568,0.0363405235111713,3.69765853881836
2710,24.2252540588379,-1.61864483356476,-2.07724761962891,4.35363054275513,57.5671310424805,6.6326756477356,12.3093099594116,5.68942737579346,-1.89054346084595
2712,12.4655961990356,13.1937303543091,7.48003673553467,13.36110496521,53.9846687316895,6.56439399719238,23.3103313446045,8.10124588012695,2.79927039146423
2714,13.1673469543457,6.41725444793701,7.30027866363525,16.0723342895508,56.5224609375,-3.70560836791992,23.4567928314209,9.80001735687256,0.784919738769531
2716,16.4428939819336,4.07295942306519,4.37353563308716,14.4472312927246,56.1175575256348,-2.39662384986877,38.3866806030273,9.8417272567749,1.13606178760529
2718,20.7669544219971,-0.697329819202423,0.581721484661102,16.721378326416,53.9912490844727,-1.48320662975311,33.7509346008301,15.8466987609863,0.56230503320694
2720,21.4390640258789,-3.38830947875977,0.518818438053131,11.8894414901733,62.9961013793945,-0.0593598373234272,25.0469665527344,16.681468963623,0.794035851955414
2722,14.4194860458374,1.6453583240509,-1.34688091278076,13.6249017715454,64.8688049316406,-2.93927383422852,34.0410690307617,22.3662071228027,1.40711510181427
2724,12.8130178451538,-0.192359015345573,6.44524192810059,18.8864917755127,61.3831748962402,-4.67302942276001,37.6188468933105,24.3975467681885,-1.58441841602325
2726,20.8595771789551,4.66902017593384,3.18402338027954,16.2218074798584,60.1425743103027,1.48350763320923,47.2432594299316,25.0067081451416,-1.77292609214783
2728,21.3858814239502,5.09530878067017,-0.608315229415894,19.5830841064453,56.4840545654297,5.05814027786255,39.1227645874023,19.908390045166,-1.21100294589996
2730,24.3758869171143,6.67269039154053,2.44641661643982,23.4828109741211,63.7562866210938,3.08702874183655,36.9447250366211,17.3800201416016,1.1747305393219
2732,23.5662612915039,12.696629524231,6.94849491119385,21.5096836090088,69.2898864746094,2.83375692367554,35.8479919433594,20.324686050415,1.6683577299118
2734,26.4971790313721,10.6044960021973,6.50080823898315,15.7623081207275,72.2078247070313,1.13933837413788,39.2938232421875,21.0500411987305,-0.0876600369811058
2736,23.381010055542,8.3986873626709,5.16830825805664,22.7302131652832,69.8257446289063,-4.23521709442139,37.4364318847656,18.1760902404785,0.31317538022995
2738,17.8712730407715,10.0690088272095,3.21902298927307,29.6822052001953,72.9128265380859,1.62494039535522,39.0518836975098,17.4129657745361,1.40717554092407
2740,15.6841402053833,9.25693511962891,-1.77166998386383,23.9550247192383,72.63671875,2.88218784332275,34.9458274841309,18.4939193725586,0.986964643001556
2742,25.413595199585,6.78648853302002,-2.9596848487854,20.1506061553955,74.6421661376953,6.34531211853027,36.1204795837402,19.1980438232422,2.70795869827271
2744,28.0027770996094,6.43804883956909,-0.0033649206161499,21.5752582550049,69.2857360839844,5.81455278396606,37.0741729736328,16.4979515075684,2.82314896583557
2746,21.2475299835205,8.08270359039307,1.12954151630402,19.567834854126,72.0249176025391,0.944948256015778,36.8730354309082,18.539083480835,3.79910755157471
2748,14.7961769104004,11.7039155960083,3.80856013298035,20.2357273101807,69.8966445922852,1.86157894134521,32.9519653320313,19.9709529876709,3.11865496635437
2750,16.168363571167,10.8890447616577,6.18265581130981,26.1020889282227,72.044303894043,4.94266939163208,35.0008964538574,23.6887130737305,3.08545804023743
2752,19.051139831543,9.36145401000977,4.11835193634033,22.5481567382813,68.3237075805664,2.37146711349487,37.8677978515625,21.479513168335,3.46057653427124
2754,24.0152206420898,10.5524749755859,2.82653737068176,18.922212600708,64.7936019897461,-2.92371201515198,36.3436088562012,17.5701198577881,3.30903196334839
2756,24.9509296417236,12.0310878753662,-2.56118083000183,23.3539772033691,69.0294418334961,-1.71594023704529,33.5534896850586,21.2566223144531,5.38757133483887
2758,23.4658241271973,12.7941637039185,0.388179451227188,25.5604209899902,73.8278656005859,-1.19224429130554,34.3726806640625,24.9847927093506,4.03501176834106
2760,24.3313846588135,14.0986442565918,1.06275725364685,26.8757877349854,71.7007446289063,-0.179645091295242,39.596435546875,25.1713676452637,2.21606922149658
2762,26.2508869171143,15.1152114868164,2.34245562553406,23.8667640686035,69.3438110351563,0.396414965391159,37.149658203125,23.3930835723877,0.0718586891889572
2764,33.0908546447754,12.322190284729,3.12466216087341,24.6679573059082,68.4694519042969,1.59459447860718,33.4216918945313,22.8040809631348,1.4137966632843
2766,32.5466079711914,11.7678546905518,5.09986352920532,28.8955192565918,70.8468399047852,3.60117387771606,39.9452018737793,22.5025501251221,1.61268949508667
2768,24.9810600280762,11.5563678741455,-0.314417809247971,27.7462978363037,72.8114013671875,3.3879828453064,44.7241897583008,24.6469650268555,1.25901448726654
2770,26.8366527557373,9.62738609313965,2.61563897132874,26.771577835083,77.6136093139648,2.83734536170959,40.3169479370117,27.8494148254395,1.58292245864868
2772,26.682300567627,9.19906616210938,3.18245267868042,25.2594203948975,76.8149108886719,0.774943172931671,38.6756973266602,26.6850509643555,1.26184403896332
2774,31.1770668029785,10.319317817688,2.89108490943909,24.0177364349365,79.4274444580078,0.337402880191803,37.6933097839355,27.7657928466797,1.76909196376801
2776,35.8368530273438,12.3092212677002,1.3558497428894,22.6972255706787,81.0151901245117,0.167652562260628,41.4002151489258,26.6438045501709,3.41256141662598
2778,37.9579162597656,12.2104015350342,2.08338689804077,23.7890949249268,80.3109130859375,1.74667263031006,47.5413398742676,28.1219253540039,3.05534744262695
2780,34.9609794616699,13.7608976364136,1.98057353496552,28.5343151092529,79.9925842285156,6.30847883224487,49.0346755981445,28.6248416900635,1.83249735832214
2782,33.5950508117676,10.7225723266602,5.31800031661987,28.5157241821289,80.5302276611328,6.70858526229858,49.6595458984375,30.2735614776611,2.9407811164856
2784,39.0981674194336,12.4248371124268,7.20066213607788,28.5044288635254,82.7802658081055,4.93520927429199,47.8599586486816,29.5806331634521,3.28116965293884
2786,40.272590637207,13.0250062942505,6.20702028274536,27.9934864044189,85.6982727050781,2.32208752632141,50.434009552002,28.219482421875,2.86349821090698
2788,41.9821395874023,15.1642990112305,4.65981721878052,29.27197265625,90.7297210693359,3.31431484222412,57.4184913635254,29.8842468261719,3.09045124053955
2790,46.774974822998,18.3950481414795,2.60152339935303,30.3656883239746,94.9732360839844,1.43438768386841,60.967456817627,32.6709747314453,4.34332132339478
2792,51.663387298584,16.8004837036133,2.0195574760437,32.4005661010742,96.664436340332,5.37760305404663,62.5044097900391,32.5832099914551,4.46456336975098
2794,51.4795379638672,16.6567478179932,2.78910160064697,34.6417388916016,103.710021972656,5.96253156661987,62.3676490783691,32.277473449707,4.48286581039429
2796,50.3844833374023,18.1705131530762,2.92512655258179,34.0036125183105,103.460227966309,6.55756902694702,57.9023590087891,33.7316589355469,3.54040241241455
2798,51.3694763183594,18.9572410583496,0.541783630847931,32.6229858398438,107.444129943848,5.34585523605347,63.2962951660156,33.4544372558594,4.07801246643066
2800,55.581127166748,18.6649303436279,4.51297330856323,33.9972076416016,110.813438415527,5.33727884292603,68.8328399658203,32.7659950256348,4.08220291137695
2802,60.4587059020996,21.3083000183105,7.97799396514893,34.4446640014648,114.672416687012,5.78907585144043,77.2077407836914,36.4229316711426,5.18596696853638
2804,64.0304260253906,27.518424987793,5.90528964996338,36.6287422180176,121.787567138672,7.64876556396484,79.1854248046875,39.4166526794434,4.27938461303711
2806,69.3509902954102,31.1531085968018,2.78997421264648,39.1020584106445,130.001754760742,9.30661869049072,87.1435623168945,42.8591232299805,3.69284892082214
2808,73.8103332519531,33.8026657104492,2.95550513267517,41.112922668457,134.736633300781,11.3242092132568,90.5414199829102,45.909351348877,3.49130940437317
2810,82.5418853759766,33.718822479248,8.04806327819824,42.8607177734375,143.434204101563,13.6871175765991,94.3476791381836,49.9384651184082,6.09434413909912
2812,93.2327575683594,33.9096870422363,9.39930057525635,43.8092956542969,151.3095703125,12.8653764724731,104.266586303711,52.3256492614746,7.20666790008545
2814,99.7394561767578,37.0074157714844,7.97228908538818,45.7644996643066,158.827987670898,14.6352205276489,104.924606323242,54.3739852905273,7.80460786819458
2816,106.745941162109,43.1976165771484,5.06835412979126,45.3300132751465,168.766464233398,12.5110874176025,116.808975219727,59.6432418823242,8.84455299377441
2818,114.687690734863,49.3424491882324,7.03985595703125,45.4382247924805,177.093032836914,12.6733121871948,126.885765075684,63.9222221374512,9.51993274688721
2820,127.275367736816,53.037036895752,10.1117839813232,51.5292129516602,186.716354370117,15.8337278366089,137.434585571289,68.1792373657227,10.5239906311035
2822,134.27214050293,57.098949432373,15.6530418395996,56.7976875305176,196.460235595703,17.4587516784668,152.555908203125,72.3577499389648,11.1960191726685
2824,147.228958129883,59.0797424316406,18.8454551696777,59.3304634094238,206.834915161133,20.0414180755615,162.096908569336,77.6808776855469,10.8025302886963
2826,161.675704956055,61.5816383361816,18.4004306793213,63.0113563537598,221.041809082031,23.8672847747803,173.920074462891,84.3430252075195,10.0046558380127
2828,171.955673217773,67.6426086425781,18.7640991210938,66.281494140625,236.754669189453,25.5671863555908,188.119323730469,93.0588455200195,10.4151782989502
2830,186.39111328125,73.8414764404297,23.3068923950195,67.3142547607422,253.621887207031,24.1052551269531,205.893463134766,98.2765655517578,12.3614492416382
2832,202.805755615234,81.5151748657227,24.3066101074219,71.7294845581055,270.148498535156,27.0374927520752,227.452514648438,101.275344848633,14.553783416748
2834,219.599655151367,93.1464614868164,24.587366104126,77.7055511474609,288.479248046875,33.7726097106934,245.678375244141,107.184410095215,14.8002586364746
2836,232.276748657227,99.3211364746094,24.6371459960938,76.8317489624023,312.289611816406,40.9233016967773,264.183197021484,115.283912658691,16.2138843536377
2838,249.817474365234,105.619277954102,24.4949989318848,80.889045715332,342.632263183594,42.3564453125,291.259643554688,125.212692260742,18.5747032165527
2840,285.023803710938,120.556686401367,30.0660209655762,93.3339080810547,388.214538574219,51.0771408081055,334.906585693359,139.105133056641,21.0763874053955
2842,327.651428222656,139.899688720703,36.1346092224121,102.990303039551,431.769348144531,60.1204261779785,385.938262939453,155.6845703125,24.6251201629639
2844,366.368865966797,158.987365722656,42.1058883666992,110.359619140625,475.211883544922,69.2653045654297,434.241790771484,171.858169555664,27.941707611084
2846,405.784973144531,177.493072509766,42.8616943359375,119.311752319336,529.063110351563,78.4478530883789,489.229370117188,186.67692565918,32.0992126464844
2848,449.609497070313,195.621246337891,44.3517570495605,127.63134765625,588.447387695313,89.8678283691406,543.940490722656,203.968399047852,33.4811325073242
2850,487.545196533203,209.637939453125,47.4119071960449,133.984313964844,632.327392578125,99.0842971801758,595.180114746094,219.393920898438,35.7533798217773
2852,513.805786132813,223.819869995117,50.1826248168945,138.334777832031,657.784973144531,109.525741577148,634.535400390625,228.846923828125,36.5036010742188
2854,535.156799316406,229.214752197266,49.4537620544434,145.320068359375,678.438415527344,115.617546081543,662.1953125,234.86328125,37.3844108581543
2856,544.605407714844,231.171600341797,50.7908744812012,146.376113891602,693.508361816406,117.325454711914,670.009887695313,237.134811401367,37.0019683837891
2858,539.239868164063,233.672241210938,53.0301551818848,144.419967651367,699.444641113281,116.624374389648,667.136291503906,234.399475097656,37.7016067504883
2860,538.711547851563,233.36279296875,52.0117416381836,142.947174072266,694.710327148438,113.614311218262,658.308227539063,229.462249755859,38.4303359985352
2862,530.216552734375,226.338714599609,51.3195266723633,142.869186401367,691.015869140625,113.47785949707,644.767272949219,224.000991821289,38.1491622924805
2864,523.807983398438,217.630249023438,54.0165634155273,142.692260742188,692.737487792969,114.653312683105,635.447082519531,221.678314208984,36.8397941589355
2866,520.226440429688,216.761749267578,57.4748191833496,142.589904785156,692.3203125,111.394828796387,625.010375976563,219.799026489258,36.2600173950195
2868,516.416564941406,217.419860839844,52.8936424255371,140.274703979492,685.509521484375,107.352394104004,621.015625,216.545196533203,37.0162048339844
2870,503.243469238281,214.63005065918,49.7149543762207,140.581817626953,679.210266113281,101.171775817871,617.869384765625,211.746383666992,36.2194023132324
2872,488.270202636719,207.02180480957,51.6860504150391,137.866088867188,667.352783203125,98.4046325683594,598.564331054688,205.500442504883,35.0471229553223
2874,473.300170898438,197.738525390625,57.311840057373,133.525527954102,648.115844726563,96.3383560180664,570.559265136719,202.249053955078,33.4853172302246
2876,452.693817138672,188.918273925781,57.4681968688965,127.544845581055,621.924865722656,90.2611770629883,543.02392578125,194.905349731445,31.598123550415
2878,435.882690429688,180.723815917969,55.6254348754883,126.192008972168,606.929138183594,83.9612503051758,523.764221191406,186.79638671875,30.3612899780273
2880,430.459655761719,175.381118774414,54.6725769042969,124.956665039063,596.867553710938,85.3726501464844,516.932556152344,180.492218017578,30.5334548950195
2882,435.728485107422,180.472396850586,50.935474395752,124.459365844727,598.903869628906,83.1356506347656,515.645812988281,182.224639892578,30.0106143951416
2884,450.528503417969,189.957794189453,45.8489303588867,126.07633972168,614.262878417969,82.2872543334961,530.848876953125,188.490249633789,29.3149356842041
2886,455.645690917969,196.771301269531,46.8617095947266,130.736785888672,629.332763671875,82.6370697021484,538.166198730469,189.198715209961,30.3479099273682
2888,459.667510986328,196.720855712891,46.340202331543,132.282257080078,632.624938964844,87.9922637939453,531.362976074219,191.014831542969,31.0732574462891
2890,465.130065917969,197.828506469727,45.1863632202148,133.94660949707,640.092224121094,94.023567199707,542.77978515625,193.713851928711,33.1920013427734
2892,474.296264648438,200.684509277344,50.0393295288086,134.773696899414,655.283813476563,96.7042846679688,554.054138183594,200.849578857422,35.7372131347656
2894,492.480163574219,209.750625610352,50.6158485412598,136.087539672852,677.585266113281,99.3649368286133,568.519104003906,209.028305053711,35.515266418457
2896,518.939758300781,222.419540405273,53.9022674560547,143.278427124023,709.594299316406,105.539505004883,598.669860839844,217.222122192383,35.8519325256348
2898,542.013854980469,236.23030090332,59.6270027160645,146.838088989258,746.283569335938,108.995491027832,623.406799316406,223.101425170898,37.0714797973633
2900,567.930358886719,250.561004638672,58.3721961975098,150.838500976563,771.474365234375,112.394378662109,633.418762207031,227.557067871094,37.9289855957031
2902,605.884582519531,269.135314941406,61.3571014404297,158.501708984375,813.770324707031,117.138633728027,671.283325195313,238.997787475586,39.2189788818359
2904,647.851745605469,280.494873046875,65.2840728759766,164.646743774414,849.409545898438,127.622093200684,709.291259765625,250.8681640625,39.9840850830078
2906,693.151245117188,293.930572509766,67.277473449707,172.074295043945,882.273071289063,133.470336914063,733.213806152344,263.119964599609,43.9423599243164
2908,737.257385253906,302.637725830078,67.9906387329102,177.069091796875,922.4248046875,134.923004150391,772.620910644531,277.004364013672,46.5116539001465
2910,782.534912109375,322.020141601563,68.6011276245117,187.155014038086,963.908264160156,142.924163818359,815.876159667969,290.532135009766,49.1284866333008
2912,856.32470703125,346.952392578125,69.6728363037109,193.518249511719,1022.07891845703,154.481658935547,870.691040039063,311.918640136719,52.6618614196777
2914,942.932922363281,373.280822753906,71.9974517822266,204.965118408203,1093.04125976563,166.035690307617,935.279174804688,337.629943847656,55.5641555786133
2916,1019.74865722656,403.292541503906,77.3120422363281,215.221832275391,1156.98352050781,181.919555664063,1001.64953613281,363.716796875,59.0830764770508
2918,1078.13684082031,426.621063232422,82.7803192138672,228.880889892578,1206.35729980469,193.932830810547,1038.38732910156,376.300109863281,64.1246337890625
2920,1168.09045410156,461.894104003906,92.4929428100586,241.372787475586,1290.744140625,201.36589050293,1096.29809570313,397.629730224609,71.0609664916992
2922,1251.9287109375,497.001708984375,92.1762924194336,252.625198364258,1368.84509277344,215.678741455078,1157.5,427.844177246094,75.7192764282227
2924,1295.80554199219,512.220886230469,86.3464965820313,257.774810791016,1391.75061035156,230.881118774414,1182.65222167969,443.853332519531,78.2330703735352
2926,1325.46264648438,520.978759765625,85.6389617919922,256.57373046875,1396.23791503906,231.101669311523,1183.74169921875,452.884918212891,79.5547256469727
2928,1332.96325683594,519.694396972656,81.3954696655273,251.012664794922,1396.06225585938,223.75569152832,1193.24072265625,454.093353271484,77.7967987060547
2930,1328.62854003906,515.69677734375,84.1439437866211,254.616104125977,1399.14270019531,219.620254516602,1203.50720214844,455.743133544922,77.4906997680664
2932,1272.20739746094,496.29931640625,89.8464965820313,254.011367797852,1346.06335449219,216.098480224609,1164.00354003906,439.973937988281,74.1403198242188
2934,1188.90002441406,462.737487792969,95.2659530639648,246.349029541016,1259.69848632813,197.209609985352,1087.9755859375,414.52783203125,72.1548919677734
2936,1165.96362304688,448.975006103516,90.5704116821289,235.620742797852,1238.23352050781,184.915878295898,1066.31225585938,409.429748535156,71.5242156982422
2938,1127.23547363281,432.158447265625,76.6373748779297,232.583953857422,1203.77270507813,171.969680786133,1038.82336425781,398.991973876953,68.1935958862305
2940,1091.46411132813,409.060546875,73.8708953857422,226.624588012695,1161.83972167969,163.938171386719,992.990173339844,388.310333251953,64.7497634887695
2942,1065.61779785156,403.966552734375,78.4974822998047,216.166656494141,1129.58581542969,152.620834350586,956.980712890625,379.680541992188,62.3033790588379
2944,1023.56176757813,389.850219726563,88.7321395874023,199.070037841797,1094.21691894531,140.800369262695,918.335266113281,369.375823974609,58.7502098083496
2946,982.696228027344,365.332092285156,75.8941497802734,192.754959106445,1047.55969238281,137.431076049805,873.705993652344,357.919128417969,57.5388717651367
2948,945.075378417969,353.840667724609,70.7698211669922,196.93489074707,1016.84478759766,135.591613769531,848.044982910156,346.271087646484,55.1542129516602
2950,918.683532714844,333.924713134766,66.9037094116211,201.580688476563,996.577880859375,124.56713104248,830.2822265625,331.123443603516,51.9257659912109
2952,882.471252441406,315.545532226563,62.3300857543945,194.300964355469,951.927490234375,116.990524291992,805.94384765625,307.453491210938,53.1223526000977
2954,857.298034667969,307.689422607422,57.9811401367188,183.190414428711,908.368896484375,99.3854293823242,795.261291503906,302.30810546875,52.8754768371582
2956,839.350891113281,313.009307861328,50.0189437866211,175.155319213867,904.642639160156,85.1245880126953,788.790344238281,301.446258544922,50.0627174377441
2958,835.648803710938,309.442657470703,48.8423156738281,175.944519042969,898.005859375,90.3427581787109,771.467529296875,303.05517578125,51.699348449707
2960,790.593872070313,295.311614990234,58.970874786377,168.826751708984,856.212890625,89.941520690918,711.962707519531,292.098937988281,46.2749519348145
2962,746.723693847656,289.769653320313,47.6972198486328,154.685134887695,812.068786621094,73.9866714477539,676.237670898438,282.429779052734,40.3110580444336
2964,716.814880371094,281.249145507813,30.2852783203125,147.245742797852,785.818603515625,68.9089965820313,664.81787109375,268.211456298828,33.989875793457
2966,679.772705078125,263.08935546875,27.6226806640625,136.804992675781,752.265747070313,64.3517684936523,634.845458984375,259.247802734375,31.9241428375244
2968,655.068603515625,230.57795715332,28.5701580047607,136.578918457031,694.37353515625,59.6740951538086,608.240844726563,248.565078735352,29.2556133270264
2970,575.466064453125,193.860626220703,18.3278732299805,119.150543212891,640.4609375,49.938117980957,533.15673828125,226.596954345703,27.6427268981934
2972,533.295959472656,191.492858886719,1.80862772464752,123.665863037109,634.12158203125,53.3800621032715,505.948822021484,208.156631469727,27.4089221954346
2974,524.722290039063,188.084182739258,10.8695020675659,115.947135925293,637.128662109375,41.9098701477051,514.449829101563,194.5576171875,20.4332046508789
2976,507.765747070313,166.745468139648,41.2977828979492,97.7074584960938,584.392944335938,41.719913482666,487.514343261719,192.044189453125,23.6096458435059
2978,468.058288574219,133.871948242188,60.0676116943359,89.0126190185547,519.957214355469,41.1424598693848,447.377716064453,187.894088745117,17.49294090271
2980,406.682678222656,128.950927734375,29.4680252075195,71.1030883789063,478.524963378906,8.51108551025391,422.103057861328,175.255737304688,-0.189714431762695
2982,371.508758544922,122.795829772949,2.41983222961426,61.9575233459473,457.606323242188,-15.7823047637939,357.326599121094,150.544372558594,3.98273539543152
2984,358.895568847656,100.008659362793,23.6763648986816,29.6301345825195,397.810882568359,-4.27945709228516,346.658660888672,133.898544311523,11.7830905914307
2986,335.839874267578,62.3008232116699,64.7520523071289,7.63507175445557,368.421356201172,-27.3842010498047,314.200592041016,110.045257568359,14.6643257141113
2988,255.124374389648,52.5363464355469,5.24093770980835,-28.3771018981934,390.702392578125,-22.241512298584,155.68864440918,125.410720825195,19.1379985809326
2990,219.490814208984,34.8399620056152,27.7487049102783,-50.1257743835449,290.059204101563,-30.7502174377441,119.44352722168,75.6423492431641,-9.73378467559814
2992,152.720550537109,32.4023971557617,8.29534244537354,-48.5232849121094,115.053672790527,5.83893871307373,76.2522583007813,15.2694644927979,-10.5109663009644
2994,127.262145996094,-2.42106103897095,57.8498725891113,-58.7497177124023,61.7413711547852,-10.6679334640503,119.726898193359,-19.0049133300781,74.4512710571289
2996,26.0497207641602,-22.0432109832764,26.9087390899658,-44.9129486083984,118.077026367188,-63.4057235717773,164.888107299805,11.2562446594238,50.7977447509766
2998,26.8454093933105,99.7231216430664,15.0483245849609,-0.51173722743988,140.621856689453,7.28777933120728,61.897632598877,22.4329814910889,-0.78508186340332
