X value [cm⁻¹],IR Spectrum 3/OPTIR (mV) [],IR Spectrum 4/OPTIR (mV) [],IR Spectrum 5/OPTIR (mV) [],IR Spectrum 7/OPTIR (mV) [],IR Spectrum 9/OPTIR (mV) [],IR Spectrum 8/OPTIR (mV) [],IR Spectrum 10/OPTIR (mV) [],IR Spectrum 11/OPTIR (mV) [],IR Spectrum 12/OPTIR (mV) []
940,-28.684663772583,-13.2238073348999,119.343627929688,797.848449707031,468.742095947266,388.946868896484,-691.89892578125,825.510925292969,-106.672470092773
942,-50.7965316772461,82.7530136108398,70.9598846435547,-251.803283691406,825.832397460938,180.010437011719,-437.400207519531,35.4285621643066,-24.5128765106201
944,-70.9150772094727,16.8056983947754,6.99323558807373,-395.885192871094,757.145385742188,220.498626708984,-212.279907226563,293.703674316406,296.136657714844
946,23.0196895599365,18.6471157073975,30.2971935272217,-267.876129150391,774.434143066406,201.294464111328,87.1859741210938,278.409332275391,395.307250976563
948,44.3542251586914,27.8587455749512,28.3481922149658,-133.405609130859,751.575073242188,389.103912353516,984.355895996094,241.214202880859,33.0326652526855
950,43.175537109375,21.3437271118164,25.4711227416992,-168.291564941406,775.892578125,253.374328613281,910.978393554688,226.801025390625,219.455444335938
952,62.678897857666,33.9420204162598,17.6191902160645,-254.617736816406,934.169982910156,6.18615341186523,598.010070800781,290.071105957031,159.130264282227
954,47.0868492126465,-6.93840217590332,61.9603157043457,-139.43408203125,755.058532714844,-14.9468660354614,480.497314453125,230.749084472656,214.036376953125
956,5.53636503219604,15.2825965881348,50.2317657470703,73.0163726806641,773.739990234375,-81.121955871582,623.12890625,388.071899414063,303.303924560547
958,17.3899574279785,32.5770797729492,66.5378952026367,111.014266967773,931.186218261719,115.877632141113,416.592224121094,459.230529785156,363.680053710938
960,73.2481842041016,68.3088455200195,60.5781631469727,-48.0382652282715,1036.1884765625,203.394119262695,615.83984375,303.660247802734,418.190704345703
962,57.7192001342773,63.0184516906738,33.852912902832,138.611846923828,1017.69689941406,354.910278320313,538.553527832031,568.752136230469,378.012908935547
964,26.1398830413818,44.4014282226563,44.2693710327148,181.340713500977,983.245483398438,274.912536621094,505.113952636719,533.381774902344,375.192352294922
966,32.6013870239258,79.9375915527344,36.5138854980469,98.040657043457,1101.58764648438,248.260208129883,718.38330078125,538.181579589844,465.141998291016
968,71.5529251098633,95.0459289550781,44.5049133300781,13.5406799316406,1183.66271972656,275.411071777344,1232.12341308594,674.570007324219,566.37548828125
970,96.3917846679688,96.2365112304688,73.7119216918945,-32.9445533752441,1232.40087890625,320.140441894531,1627.48266601563,865.041381835938,591.039855957031
972,110.172996520996,123.583297729492,63.4111022949219,2.95212125778198,1290.79467773438,343.059051513672,2082.72436523438,870.9931640625,731.646728515625
974,127.144165039063,127.918495178223,74.1748504638672,29.3273487091064,1336.00207519531,494.146789550781,2272.99438476563,942.500671386719,745.021240234375
976,138.355102539063,108.984901428223,77.1179122924805,153.227508544922,1322.24877929688,572.520080566406,2521.53369140625,822.785583496094,653.863403320313
978,132.99446105957,113.951049804688,85.1427993774414,186.603134155273,1372.10754394531,595.789794921875,2599.40258789063,736.830627441406,690.693725585938
980,159.152389526367,145.030868530273,85.5953979492188,268.428741455078,1345.59130859375,647.213562011719,2764.4443359375,700.035278320313,826.730102539063
982,157.41389465332,146.807144165039,83.741569519043,370.901336669922,1395.15649414063,773.783874511719,2968.70947265625,771.568786621094,931.103942871094
984,178.570404052734,142.030532836914,83.1275329589844,485.321166992188,1434.94189453125,993.214965820313,2884.14672851563,754.953918457031,975.597045898438
986,183.821670532227,143.723236083984,91.1721649169922,497.204528808594,1482.83044433594,1052.93115234375,2871.79321289063,736.484252929688,1040.41003417969
988,198.6748046875,144.125,82.3549041748047,511.904541015625,1616.82641601563,1204.80334472656,2584.53173828125,827.079284667969,1134.37231445313
990,198.065155029297,158.021697998047,61.0844688415527,604.270385742188,1728.83276367188,1267.96081542969,2345.11987304688,919.281372070313,1241.20324707031
992,177.594985961914,185.838592529297,64.4663925170898,621.73193359375,1752.43139648438,1230.6875,2053.9453125,1004.54364013672,1303.25695800781
994,180.132278442383,219.651214599609,69.1595611572266,556.196899414063,1860.4228515625,1320.07482910156,1467.11779785156,1120.62353515625,1456.12585449219
996,185.1640625,256.212646484375,70.1105270385742,553.099975585938,1954.54345703125,1405.91455078125,739.191223144531,1198.95812988281,1558.81506347656
998,185.975845336914,282.642181396484,81.3368148803711,598.438598632813,2078.19653320313,1511.03771972656,934.854125976563,1233.89831542969,1579.01196289063
1000,192.334091186523,294.408813476563,96.9870529174805,606.811279296875,2112.65380859375,1573.52966308594,1328.77380371094,1273.55944824219,1639.57788085938
1002,207.814849853516,306.850860595703,105.585166931152,635.17138671875,2308.1962890625,1589.31530761719,1696.38024902344,1357.08972167969,1684.83471679688
1004,225.284683227539,324.218994140625,100.006439208984,609.031494140625,2475.01440429688,1639.44519042969,2044.22900390625,1415.56518554688,1696.47924804688
1006,237.338729858398,332.679016113281,102.948043823242,542.156188964844,2549.94750976563,1698.28662109375,2194.64721679688,1440.46789550781,1753.40161132813
1008,242.16748046875,339.002960205078,110.093627929688,517.271118164063,2627.24194335938,1775.3896484375,2313.35961914063,1445.97131347656,1793.62121582031
1010,244.743148803711,358.122131347656,111.082229614258,528.756225585938,2748.02099609375,1791.60192871094,2336.53198242188,1441.02612304688,1819.04919433594
1012,251.042282104492,381.985809326172,112.674850463867,467.354705810547,2842.13720703125,1856.61999511719,2433.05737304688,1491.25866699219,1768.77905273438
1014,253.598022460938,405.932495117188,116.699447631836,430.304809570313,2941.8662109375,1942.45446777344,2645.38110351563,1535.87890625,1768.15808105469
1016,232.896987915039,431.443450927734,126.509017944336,449.896057128906,3054.15551757813,2024.07275390625,2825.2138671875,1507.36755371094,1795.50634765625
1018,220.483322143555,439.191467285156,130.616363525391,413.405853271484,3174.689453125,2040.15148925781,2842.96899414063,1580.79382324219,1820.48974609375
1020,204.675003051758,439.370635986328,132.804824829102,390.161682128906,3251.56298828125,2083.66479492188,2925.59301757813,1623.4853515625,1827.10107421875
1022,199.519821166992,450.049133300781,135.836059570313,327.402801513672,3314.8916015625,2164.54321289063,3281.28125,1686.14624023438,1823.40283203125
1024,186.955337524414,456.547454833984,145.380325317383,320.2333984375,3412.47143554688,2178.2373046875,3552.77954101563,1729.50378417969,1796.76586914063
1026,174.179595947266,457.025390625,151.441253662109,375.230773925781,3474.6865234375,2206.94750976563,3650.89184570313,1725.24890136719,1771.30187988281
1028,164.542633056641,454.294708251953,149.954132080078,397.524200439453,3534.1689453125,2284.76025390625,3506.46533203125,1705.84069824219,1732.84094238281
1030,158.024490356445,450.531280517578,151.894790649414,299.522796630859,3578.43798828125,2395.60913085938,3135.47387695313,1683.33569335938,1715.75415039063
1032,141.015808105469,451.39697265625,154.937622070313,274.366973876953,3570.32055664063,2458.65551757813,2834.77856445313,1705.96826171875,1716.06762695313
1034,131.830947875977,445.4970703125,166.624084472656,309.907775878906,3529.234375,2497.38671875,3471.380859375,1701.95300292969,1671.37182617188
1036,119.235321044922,449.230438232422,170.452423095703,286.16943359375,3581.087890625,2546.8212890625,3935.88256835938,1689.95385742188,1592.51452636719
1038,110.37971496582,455.362121582031,166.821182250977,282.419067382813,3634.46606445313,2684.68432617188,4027.75170898438,1688.67565917969,1507.52990722656
1040,101.587554931641,453.930572509766,167.767547607422,261.190124511719,3650.3056640625,2849.42504882813,3796.28784179688,1678.20776367188,1439.52453613281
1042,94.696907043457,457.054779052734,173.000045776367,223.626510620117,3681.49584960938,2894.51342773438,3235.1875,1649.95349121094,1373.17712402344
1044,87.8164901733398,461.246429443359,169.968444824219,257.403472900391,3678.17065429688,2944.2470703125,2847.30541992188,1598.46325683594,1335.7275390625
1046,78.3584899902344,468.205780029297,166.758102416992,276.177551269531,3647.818359375,3079.17602539063,3198.57348632813,1616.73889160156,1298.82995605469
1048,72.7165145874023,474.036376953125,169.615112304688,242.010101318359,3598.84985351563,3234.86499023438,3450.08447265625,1575.26647949219,1321.61547851563
1050,79.0866470336914,473.052612304688,180.013854980469,260.462982177734,3590.96606445313,3341.84619140625,3448.93139648438,1543.66455078125,1281.43444824219
1052,96.8168411254883,473.364288330078,179.822799682617,282.690643310547,3591.11669921875,3495.37573242188,3311.13916015625,1459.34655761719,1226.10949707031
1054,115.419731140137,467.688140869141,179.903900146484,321.323303222656,3602.01391601563,3676.3662109375,2803.3583984375,1410.16931152344,1184.06188964844
1056,134.412475585938,498.11083984375,184.472061157227,333.149139404297,3593.86206054688,3788.50073242188,2329.65747070313,1402.12622070313,1149.20947265625
1058,150.132720947266,509.584869384766,188.449172973633,279.829406738281,3598.03149414063,3874.08203125,2396.3642578125,1367.66259765625,1085.05712890625
1060,160.242660522461,487.900848388672,192.529891967773,203.549850463867,3583.78344726563,4016.85766601563,2600.78588867188,1318.55224609375,1065.04504394531
1062,165.443130493164,439.580352783203,202.989273071289,189.996292114258,3596.345703125,4124.20556640625,2248.23022460938,1350.73291015625,1002.48577880859
1064,173.345794677734,363.416900634766,208.224136352539,219.051956176758,3673.14965820313,4192.29736328125,1953.80981445313,1446.06066894531,961.812683105469
1066,167.451034545898,312.01611328125,203.625991821289,230.119644165039,3741.16918945313,4250.03857421875,2690.33837890625,1518.93127441406,883.864624023438
1068,163.673400878906,300.826751708984,199.854431152344,156.405151367188,3793.00927734375,4265.67578125,2924.18310546875,1592.822265625,820.662658691406
1070,155.546936035156,323.597595214844,199.091339111328,169.004516601563,3825.61010742188,4300.751953125,2614.22900390625,1584.95642089844,770.517639160156
1072,149.657958984375,348.818572998047,196.106063842773,188.009002685547,3823.73876953125,4393.35009765625,2411.6953125,1650.60314941406,769.783081054688
1074,151.419143676758,353.484313964844,192.843902587891,177.741317749023,3774.783203125,4438.01904296875,2449.4287109375,1721.02563476563,761.555847167969
1076,157.18522644043,353.292114257813,189.356628417969,151.981811523438,3683.2861328125,4437.61474609375,2464.00805664063,1754.68786621094,755.288696289063
1078,166.698608398438,342.702819824219,179.908172607422,173.109100341797,3565.44897460938,4396.3720703125,2401.54541015625,1747.86779785156,690.721557617188
1080,176.432098388672,321.617004394531,178.359161376953,172.897476196289,3449.94970703125,4323.22998046875,2424.748046875,1764.1962890625,639.710693359375
1082,178.54621887207,305.414520263672,169.077560424805,137.726287841797,3348.86352539063,4226.6171875,2339.22216796875,1792.16333007813,609.237060546875
1084,174.229187011719,287.321594238281,164.502304077148,135.911529541016,3236.73608398438,4127.84521484375,2337.64111328125,1829.20654296875,562.602111816406
1086,171.396423339844,261.589263916016,165.503311157227,122.379447937012,3095.80712890625,4022.27783203125,2171.580078125,1860.64099121094,534.258544921875
1088,169.077453613281,243.479797363281,158.920883178711,79.2537994384766,2994.4736328125,3922.7158203125,2017.568359375,1759.08422851563,592.721740722656
1090,173.605133056641,233.210525512695,150.178375244141,112.516014099121,2927.09765625,3786.0751953125,1828.87805175781,1711.40808105469,581.977600097656
1092,179.270370483398,225.611267089844,146.607009887695,62.1103057861328,2847.48779296875,3656.64013671875,1565.70104980469,1642.60302734375,543.414245605469
1094,172.505874633789,218.15168762207,143.503509521484,51.0094718933105,2764.48120117188,3470.36010742188,1401.49096679688,1538.01196289063,538.830627441406
1096,167.649932861328,211.786178588867,138.480209350586,36.7243270874023,2675.0185546875,3311.96118164063,1300.49279785156,1475.00732421875,541.009826660156
1098,159.442077636719,211.18310546875,138.239456176758,26.7958545684814,2569.82080078125,3125.86401367188,1318.29943847656,1338.77770996094,544.907287597656
1100,148.591796875,208.455123901367,138.831268310547,42.8116760253906,2482.05541992188,2976.6826171875,1321.8203125,1208.18090820313,543.605712890625
1102,147.381072998047,216.859161376953,141.473571777344,34.8284149169922,2433.49267578125,2885.658203125,1407.82800292969,1139.17041015625,519.577392578125
1104,136.947769165039,223.522583007813,142.999862670898,29.5616035461426,2355.01831054688,2814.20239257813,1479.69287109375,1088.15148925781,529.517883300781
1106,125.12858581543,230.792678833008,146.167831420898,72.3067626953125,2261.15185546875,2810.75317382813,1512.1279296875,1003.30938720703,539.642272949219
1108,122.926658630371,224.573806762695,150.2333984375,47.5432434082031,2204.15258789063,2752.35766601563,1634.3154296875,925.668762207031,543.475158691406
1110,122.095672607422,228.111206054688,147.145172119141,52.5122566223145,2148.48999023438,2702.81518554688,1670.8623046875,836.671691894531,570.002624511719
1112,120.335220336914,229.055114746094,141.744003295898,122.942687988281,2088.255859375,2636.73803710938,1629.43310546875,735.329467773438,575.647216796875
1114,118.562431335449,235.067291259766,140.624053955078,166.592742919922,2039.35266113281,2540.39990234375,1577.61364746094,651.06103515625,591.51220703125
1116,126.604385375977,245.671920776367,140.197738647461,166.623931884766,1956.69189453125,2460.70947265625,1390.07531738281,587.438415527344,576.457580566406
1118,138.313690185547,259.776885986328,131.511215209961,207.176712036133,1890.97570800781,2364.42407226563,1296.30529785156,573.604797363281,580.543029785156
1120,144.059722900391,275.535552978516,117.724235534668,226.142471313477,1807.85754394531,2196.20190429688,1097.25524902344,548.886657714844,572.517333984375
1122,143.608001708984,291.228637695313,104.904945373535,198.080947875977,1720.29772949219,2064.93310546875,825.148132324219,510.963134765625,560.364990234375
1124,144.725921630859,277.676574707031,96.3768310546875,182.797821044922,1663.65454101563,1985.017578125,581.095581054688,467.080444335938,562.0078125
1126,142.195663452148,249.023895263672,92.7815551757813,173.14973449707,1594.05310058594,1868.00659179688,526.626770019531,518.586059570313,577.1337890625
1128,144.107772827148,218.659729003906,87.8415298461914,180.487869262695,1511.2841796875,1696.71655273438,608.0185546875,544.690368652344,573.159057617188
1130,146.846496582031,204.615493774414,79.0705337524414,226.163955688477,1407.64184570313,1537.92651367188,701.935668945313,591.785400390625,542.864074707031
1132,118.756706237793,177.135620117188,72.9338150024414,291.214599609375,1309.99182128906,1436.39697265625,741.843811035156,668.648071289063,530.093444824219
1134,83.9425506591797,142.309341430664,69.2054061889648,358.246215820313,1232.27807617188,1350.365234375,622.754333496094,672.985412597656,490.004364013672
1136,62.1596412658691,128.121429443359,69.887336730957,430.781799316406,1218.08227539063,1243.08142089844,521.501831054688,721.525695800781,471.876647949219
1138,39.0676918029785,109.25439453125,66.7339172363281,451.242706298828,1253.70483398438,1133.64599609375,539.177368164063,705.462829589844,446.846252441406
1140,27.0941619873047,83.5742874145508,63.534107208252,439.911071777344,1202.31359863281,1054.13635253906,501.601684570313,679.674621582031,459.414398193359
1142,30.1661739349365,63.2999687194824,62.8698883056641,466.265502929688,1147.86291503906,1009.10040283203,447.725341796875,679.910827636719,462.671447753906
1144,26.1921119689941,63.6408462524414,64.4760589599609,500.952972412109,1119.55200195313,978.581665039063,491.758575439453,704.986694335938,481.045440673828
1146,26.3243522644043,60.2180023193359,71.6890716552734,550.45458984375,1083.86157226563,955.380310058594,578.632141113281,665.798034667969,493.160827636719
1148,24.1786289215088,69.2544250488281,71.6423950195313,592.96142578125,1029.54125976563,914.346130371094,726.010620117188,607.580810546875,511.100860595703
1150,30.9842891693115,67.364143371582,75.4290008544922,605.896667480469,1012.74468994141,916.01806640625,831.747619628906,572.626586914063,425.639739990234
1152,29.878454208374,52.2959213256836,81.5016174316406,617.496520996094,1011.85980224609,908.759460449219,931.178771972656,547.384704589844,408.132873535156
1154,35.1602592468262,58.4276084899902,88.7349090576172,628.829406738281,1054.74853515625,897.024291992188,896.595520019531,663.341552734375,421.002014160156
1156,26.4020614624023,73.8143005371094,89.7343444824219,649.150939941406,1034.95727539063,915.687255859375,827.873046875,693.551940917969,410.228332519531
1158,25.2379531860352,78.2181167602539,90.6874084472656,675.142456054688,1028.06274414063,1001.82006835938,856.056884765625,626.91845703125,398.664581298828
1160,40.9099159240723,68.4045104980469,98.1171264648438,723.267211914063,1018.19140625,1002.52899169922,863.7265625,607.813537597656,367.690856933594
1162,50.8822441101074,57.1550025939941,93.4683227539063,759.384460449219,1046.82055664063,930.33154296875,831.452758789063,536.315002441406,360.471008300781
1164,69.5612182617188,48.7328491210938,95.6266250610352,709.500793457031,1024.37548828125,923.591979980469,844.856872558594,591.549011230469,366.139038085938
1166,90.7519912719727,39.1263580322266,98.5831604003906,616.811584472656,978.421752929688,861.291870117188,809.414123535156,637.656494140625,396.224273681641
1168,90.2332000732422,44.4691963195801,99.6744766235352,545.002990722656,984.591064453125,732.462646484375,688.951232910156,638.431518554688,401.376800537109
1170,88.5023727416992,32.0121154785156,92.5765991210938,550.206115722656,949.550903320313,671.925903320313,448.374237060547,662.178833007813,404.272521972656
1172,85.2555160522461,20.4276142120361,80.3250732421875,478.721923828125,931.932495117188,643.624267578125,386.547698974609,684.144348144531,383.432098388672
1174,98.9960250854492,20.3139209747314,59.2260818481445,329.182159423828,868.7109375,607.498718261719,355.452178955078,604.321716308594,287.309997558594
1176,95.5346221923828,23.3679103851318,52.8444404602051,282.593109130859,840.892578125,430.689819335938,246.312255859375,586.783020019531,195.221420288086
1178,74.9374847412109,15.8900175094604,48.2882537841797,214.378265380859,854.939453125,417.358612060547,209.517791748047,580.790466308594,225.958480834961
1180,56.0378761291504,14.1089668273926,50.8375549316406,156.621719360352,728.887023925781,373.391906738281,272.511016845703,597.899230957031,282.679962158203
1182,46.4888648986816,16.7396030426025,44.8357353210449,117.998397827148,681.0341796875,258.440460205078,204.10368347168,570.093078613281,291.570739746094
1184,35.2233276367188,15.6972026824951,37.5269660949707,81.7438507080078,688.573181152344,194.530578613281,52.6551094055176,559.883911132813,304.103149414063
1186,30.698112487793,23.7916660308838,40.9673728942871,81.1365661621094,721.159912109375,287.454040527344,62.0500411987305,546.451904296875,251.679931640625
1188,18.1127433776855,-1.75304210186005,34.7445907592773,89.3159790039063,754.646667480469,325.270904541016,35.9569358825684,484.401763916016,259.358673095703
1190,30.5749130249023,22.3625869750977,21.6727275848389,36.8641319274902,826.387451171875,269.18017578125,161.999923706055,451.194915771484,193.104995727539
1192,39.2141952514648,13.7483797073364,33.781566619873,-36.8000564575195,789.466186523438,266.05078125,255.618621826172,402.687713623047,240.342468261719
1194,21.9222660064697,-11.4789018630981,39.367546081543,2.9709312915802,670.335388183594,301.253265380859,195.993911743164,427.519073486328,311.915191650391
1196,1.84871542453766,-2.08157396316528,55.2979698181152,96.6042327880859,685.632019042969,269.26171875,182.053771972656,403.837585449219,341.298217773438
1198,8.00174999237061,-0.174388885498047,43.5439758300781,132.386962890625,722.075561523438,89.1042556762695,46.721851348877,501.730895996094,219.486236572266
1200,11.7444877624512,17.962028503418,39.1767234802246,167.226669311523,681.034423828125,1.18739783763885,80.0068893432617,415.213592529297,315.788696289063
1202,4.93924045562744,8.0829029083252,46.5487251281738,134.886962890625,705.704467773438,226.980621337891,153.251373291016,213.378616333008,244.868301391602
1204,11.7839326858521,7.96394681930542,45.6503791809082,83.8276519775391,691.425109863281,139.699600219727,105.812232971191,194.210571289063,197.936950683594
1206,-0.235711485147476,9.66042804718018,46.1889228820801,311.077484130859,707.156921386719,261.107238769531,-129.622192382813,264.615020751953,104.673118591309
1208,23.2714328765869,-7.84263706207275,40.1158447265625,174.190658569336,387.238830566406,152.005310058594,276.217163085938,89.1912536621094,88.841796875
1210,-12.7933034896851,23.3756637573242,38.5627861022949,252.527572631836,438.253662109375,105.492988586426,396.793304443359,-12.5388927459717,35.6098175048828
1212,-9.65853977203369,22.370361328125,50.7163314819336,177.798492431641,439.564453125,124.141670227051,291.765380859375,145.305328369141,100.621284484863
1214,-6.22033548355103,21.267749786377,64.0463256835938,95.8357391357422,441.002136230469,144.595489501953,176.570907592773,318.428619384766,171.925765991211
1216,-2.43238973617554,20.052978515625,78.7322692871094,5.5355863571167,442.586059570313,167.129943847656,49.6586303710938,509.162292480469,250.483474731445
1218,38.006950378418,33.0772399902344,64.8556747436523,73.7449798583984,655.244323730469,308.310974121094,13.4416198730469,458.946960449219,107.748695373535
1220,42.9030075073242,30.0754776000977,38.6721458435059,-239.109741210938,566.806579589844,424.1474609375,-411.600433349609,476.486968994141,142.745056152344
1222,68.343132019043,28.7305393218994,68.0932464599609,4.10543155670166,346.01708984375,317.153991699219,42.7014389038086,295.515502929688,299.586059570313
1224,63.5093002319336,51.5625190734863,81.6487808227539,114.76237487793,364.597900390625,50.6450614929199,265.967193603516,480.010803222656,71.0776824951172
1226,59.6463203430176,80.0650024414063,87.0234298706055,349.8671875,449.165130615234,327.561309814453,647.912841796875,533.726501464844,94.6450271606445
1228,98.1766967773438,69.3956069946289,89.1620178222656,332.748748779297,609.103210449219,522.8740234375,235.48161315918,490.083129882813,213.810028076172
1230,92.068962097168,30.4909515380859,79.8608474731445,347.162445068359,569.684814453125,558.238525390625,32.6249847412109,297.72900390625,178.493743896484
1232,95.6378631591797,57.6976165771484,88.3654327392578,620.973510742188,670.166259765625,324.795227050781,-343.197601318359,264.456481933594,56.7751960754395
1234,71.0938186645508,72.0211791992188,76.6746444702148,399.992248535156,433.225830078125,536.306091308594,-407.257659912109,313.092224121094,47.9258613586426
1236,87.673095703125,75.395881652832,86.6496200561523,248.601791381836,524.192504882813,583.187194824219,-197.292343139648,415.654174804688,228.541168212891
1238,94.9035568237305,35.7641868591309,113.618949890137,214.895553588867,566.216552734375,510.793762207031,-220.189178466797,442.100128173828,317.130584716797
1240,98.5358581542969,36.8491439819336,96.4912414550781,176.910552978516,520.72216796875,455.834777832031,106.619728088379,407.860961914063,384.639038085938
1242,138.307464599609,61.7536888122559,85.440559387207,235.295516967773,462.576843261719,489.521209716797,219.362335205078,566.435302734375,109.846054077148
1244,112.768669128418,137.705001831055,72.6239242553711,319.041656494141,585.215515136719,835.24755859375,81.4911880493164,445.714782714844,1.44342732429504
1246,97.644416809082,122.192459106445,61.9692878723145,214.43879699707,631.602294921875,942.709777832031,382.376495361328,599.162841796875,223.546676635742
1248,127.419448852539,72.4742431640625,63.9533042907715,246.344100952148,882.453063964844,618.194885253906,304.405395507813,547.494873046875,283.213226318359
1250,141.810180664063,43.517276763916,73.8549194335938,188.527725219727,904.73095703125,509.115539550781,457.686370849609,498.11083984375,171.802337646484
1252,120.539665222168,55.1713600158691,62.8312721252441,205.911026000977,800.404052734375,610.631042480469,486.7392578125,412.795715332031,372.986602783203
1254,124.502601623535,80.4423141479492,66.7999267578125,353.265563964844,792.730285644531,686.949157714844,585.241394042969,425.317321777344,438.708923339844
1256,112.270721435547,82.8442306518555,72.4358749389648,378.856018066406,825.100646972656,726.518615722656,449.547943115234,670.040649414063,474.861511230469
1258,116.602279663086,66.9229965209961,78.8012542724609,400.227783203125,893.002868652344,783.047485351563,703.435485839844,737.625366210938,513.03955078125
1260,141.997573852539,56.1880912780762,91.1730499267578,458.743133544922,944.305419921875,817.750122070313,853.62255859375,726.878601074219,539.570251464844
1262,169.310028076172,54.2419815063477,102.901268005371,598.585205078125,912.456665039063,881.365600585938,703.716674804688,762.118530273438,432.5634765625
1264,197.661758422852,68.0041122436523,117.438659667969,740.148071289063,929.495910644531,1122.38903808594,600.023376464844,885.743835449219,408.543212890625
1266,193.704360961914,84.9496841430664,132.892288208008,850.362243652344,931.453247070313,1443.89208984375,769.849487304688,930.736450195313,513.307189941406
1268,197.577209472656,99.6588821411133,151.811614990234,1143.83312988281,892.138671875,1974.05554199219,981.940063476563,983.027160644531,515.568237304688
1270,184.767349243164,125.52611541748,182.407775878906,1444.74853515625,1055.4501953125,2665.74438476563,942.635009765625,938.109619140625,526.491149902344
1272,171.86506652832,183.921920776367,218.137054443359,1669.08227539063,1201.42517089844,3496.80493164063,1230.31396484375,733.501403808594,570.255432128906
1274,152.615676879883,280.233093261719,229.429656982422,1759.56921386719,1314.2587890625,4288.4755859375,1612.28625488281,523.021667480469,553.262451171875
1276,168.825897216797,364.486785888672,229.610992431641,1784.36926269531,1418.25476074219,4779.4189453125,2051.90991210938,440.243316650391,601.416870117188
1278,174.973876953125,414.744873046875,225.620513916016,1665.79602050781,1509.724609375,5010.09423828125,2371.35888671875,440.500518798828,631.770446777344
1280,188.766555786133,424.42822265625,224.952438354492,1536.97583007813,1577.53955078125,5053.9228515625,2590.08618164063,442.794616699219,679.120971679688
1282,209.324935913086,419.166717529297,219.537811279297,1283.82177734375,1591.32360839844,4969.08642578125,2562.650390625,477.789337158203,638.869689941406
1284,213.224227905273,407.010986328125,212.820541381836,1091.98876953125,1601.06909179688,4672.44580078125,2506.1220703125,472.723541259766,676.459167480469
1286,217.849548339844,378.951354980469,197.267700195313,984.138000488281,1505.85278320313,4319.359375,2273.01635742188,510.455688476563,699.202209472656
1288,212.788940429688,335.067291259766,170.390274047852,839.464965820313,1372.07348632813,3788.23828125,1987.46423339844,517.061706542969,636.75732421875
1290,202.613906860352,313.527465820313,139.17578125,737.753234863281,1311.23376464844,3173.994140625,1625.0830078125,486.987152099609,601.881469726563
1292,191.430221557617,287.209167480469,116.13591003418,688.300903320313,1269.51000976563,2620.78955078125,1195.39123535156,517.519470214844,630.621887207031
1294,172.887619018555,245.275512695313,99.2508544921875,580.125183105469,1200.36608886719,2071.6708984375,962.326538085938,599.613403320313,645.863220214844
1296,155.398666381836,198.575744628906,75.4909439086914,538.673889160156,1146.44140625,1559.12219238281,949.855773925781,712.889770507813,605.278381347656
1298,132.463470458984,151.664581298828,62.860595703125,484.302764892578,1121.07104492188,1146.55578613281,916.125061035156,724.348815917969,615.86083984375
1300,102.442779541016,114.669662475586,58.7775764465332,402.653198242188,1058.20361328125,889.660034179688,733.443237304688,744.694702148438,640.597106933594
1302,71.1294860839844,84.0237350463867,56.780704498291,346.486145019531,1008.32763671875,692.271057128906,601.221618652344,767.681884765625,682.275756835938
1304,51.3052711486816,75.2798156738281,61.4930953979492,307.371002197266,1009.63800048828,589.298156738281,451.009887695313,821.115539550781,667.83203125
1306,40.2865943908691,70.7964324951172,61.4258270263672,321.778839111328,1006.81854248047,572.9150390625,342.602020263672,830.304809570313,623.602661132813
1308,36.2954978942871,62.8510894775391,63.5247802734375,386.215179443359,993.910461425781,541.956237792969,377.066009521484,797.129638671875,650.07470703125
1310,24.6786670684814,53.7197265625,66.1540069580078,351.372528076172,981.487670898438,546.795715332031,375.330749511719,779.60205078125,664.812744140625
1312,14.2595987319946,42.4493942260742,61.5617904663086,353.558959960938,948.530029296875,529.376342773438,453.937347412109,750.151977539063,662.951721191406
1314,19.42746925354,44.5506019592285,56.7143440246582,361.948150634766,942.886840820313,511.857330322266,422.728729248047,741.207702636719,640.052490234375
1316,16.2926864624023,45.0752105712891,54.4841842651367,295.444122314453,938.033203125,505.827209472656,427.559936523438,759.906921386719,624.347595214844
1318,19.5703868865967,41.4793128967285,53.4852600097656,291.256134033203,859.196105957031,467.919860839844,502.72802734375,752.146484375,661.232299804688
1320,22.3811988830566,36.0273971557617,54.1448822021484,352.529052734375,883.658447265625,486.726959228516,490.086273193359,742.558227539063,701.639404296875
1322,21.3513488769531,30.2346744537354,55.1905403137207,358.519866943359,960.708557128906,544.453857421875,422.779846191406,777.062133789063,762.419494628906
1324,24.4909057617188,31.4098777770996,56.9626731872559,319.433380126953,1036.86059570313,557.826171875,402.142669677734,810.9169921875,795.74462890625
1326,28.2847099304199,37.5468444824219,52.9120788574219,329.132476806641,1104.66101074219,578.544677734375,371.603149414063,866.891662597656,857.140808105469
1328,32.6931266784668,36.4706382751465,51.371753692627,293.488342285156,1149.17980957031,593.6962890625,348.614013671875,890.892944335938,881.034606933594
1330,32.6967811584473,42.2797927856445,49.8983993530273,272.607421875,1184.40283203125,574.128723144531,310.033599853516,921.66162109375,892.583801269531
1332,34.0422821044922,39.5063018798828,50.8557434082031,289.928588867188,1157.2197265625,520.644897460938,324.408935546875,907.893432617188,901.931518554688
1334,26.7396812438965,41.030933380127,48.9422569274902,327.374145507813,1167.91284179688,492.485870361328,336.201599121094,867.973205566406,914.039794921875
1336,21.3935661315918,37.9916687011719,48.8606109619141,304.666534423828,1123.869140625,462.415313720703,392.280609130859,822.547180175781,922.418762207031
1338,25.5451316833496,28.799430847168,54.1770286560059,245.745819091797,1069.81787109375,477.494659423828,512.254211425781,748.555358886719,898.745361328125
1340,15.1484003067017,27.48415184021,60.0100059509277,260.034820556641,1094.02819824219,462.400360107422,462.348999023438,778.692810058594,865.576049804688
1342,15.1643333435059,34.550163269043,57.1613082885742,297.761840820313,1266.27514648438,464.43603515625,440.335784912109,879.313049316406,939.026428222656
1344,19.7597827911377,39.4281044006348,52.8852043151855,247.894256591797,1376.10754394531,471.098602294922,407.298156738281,948.378112792969,1044.60083007813
1346,22.5264492034912,36.7622680664063,55.8529357910156,220.447402954102,1507.94091796875,482.531982421875,429.500671386719,972.8408203125,1102.34497070313
1348,16.5081672668457,31.9113616943359,64.0561904907227,231.176177978516,1591.90563964844,498.616271972656,439.903747558594,987.462219238281,1167.287109375
1350,14.0187826156616,31.2848377227783,68.3001403808594,218.947769165039,1741.38000488281,568.059204101563,428.880584716797,1071.31628417969,1251.01916503906
1352,11.2526512145996,35.2458763122559,71.6063537597656,224.938903808594,1902.98693847656,652.240600585938,405.157745361328,1126.56005859375,1333.10437011719
1354,12.5739994049072,36.3067970275879,79.7172622680664,210.621643066406,2048.01318359375,712.66796875,394.518157958984,1168.14172363281,1369.15148925781
1356,13.213041305542,47.5084762573242,85.8223571777344,206.731201171875,2239.7861328125,786.103576660156,384.440887451172,1270.38598632813,1438.1748046875
1358,13.3911323547363,51.7699699401855,93.8309631347656,226.611373901367,2422.859375,895.86376953125,356.022918701172,1345.27734375,1477.95776367188
1360,12.6711702346802,54.2266540527344,99.5727996826172,226.017807006836,2414.26831054688,933.071228027344,353.817596435547,1355.06225585938,1519.63354492188
1362,18.5236892700195,49.4846115112305,102.987632751465,250.75569152832,2242.6240234375,921.752319335938,430.050811767578,1281.9833984375,1470.6455078125
1364,23.7501525878906,49.0822105407715,101.169876098633,265.656585693359,2380.87817382813,1005.52392578125,344.601379394531,1314.22253417969,1430.22985839844
1366,32.3049621582031,62.278133392334,101.911270141602,270.236755371094,2411.8603515625,1020.56750488281,221.637649536133,1267.86474609375,1437.38037109375
1368,35.7126922607422,66.5917205810547,97.9385299682617,267.514892578125,2259.92333984375,974.906494140625,313.08544921875,1218.83557128906,1378.64880371094
1370,51.4924011230469,77.4456176757813,94.4223327636719,255.474411010742,2238.47338867188,986.296264648438,260.062652587891,1214.63134765625,1420.96325683594
1372,52.8380241394043,73.1005477905273,91.8999099731445,273.103302001953,2122.37548828125,899.5361328125,216.178527832031,1205.63012695313,1403.89001464844
1374,38.5497856140137,54.8188743591309,88.4039077758789,296.885559082031,1962.32629394531,863.574279785156,396.120300292969,1192.34191894531,1314.05627441406
1376,39.9490203857422,56.1845588684082,90.7554321289063,270.201263427734,2177.96264648438,1000.14569091797,321.880798339844,1331.81091308594,1319.09899902344
1378,38.3105087280273,54.6314315795898,97.4228363037109,266.954345703125,2328.08032226563,1091.43640136719,302.946441650391,1432.09301757813,1420.55383300781
1380,40.5604057312012,63.6247177124023,105.526725769043,280.765472412109,2499.3115234375,1218.66906738281,274.059509277344,1517.20446777344,1520.3193359375
1382,40.1387023925781,57.66748046875,108.95272064209,311.281097412109,2590.52416992188,1282.65771484375,216.385452270508,1562.50085449219,1514.47082519531
1384,28.753942489624,56.6391372680664,104.662368774414,279.074249267578,2526.99096679688,1234.11340332031,247.612579345703,1537.07177734375,1489.82421875
1386,27.1417560577393,32.1897354125977,92.4967880249023,243.176940917969,2200.04711914063,1111.74035644531,343.413848876953,1424.52587890625,1327.95458984375
1388,32.0352935791016,24.4361991882324,88.1765060424805,264.616088867188,2157.62768554688,1184.27893066406,442.443695068359,1484.52233886719,1255.900390625
1390,25.1672840118408,24.9902744293213,85.2452621459961,273.394775390625,2303.23461914063,1296.90673828125,473.372253417969,1637.72595214844,1381.1923828125
1392,28.696268081665,25.5625743865967,85.2978744506836,257.618530273438,2380.47314453125,1351.40991210938,358.029815673828,1695.92163085938,1490.26672363281
1394,35.7906112670898,17.2735538482666,83.1039505004883,210.883514404297,2226.86181640625,1432.9970703125,261.90576171875,1561.89538574219,1520.91796875
1396,39.9455375671387,14.9911975860596,87.7927093505859,262.161560058594,2475.65893554688,1771.63146972656,246.170989990234,1755.37060546875,1640.91418457031
1398,40.9186820983887,16.1005706787109,103.688652038574,292.789398193359,2611.89233398438,2016.93359375,202.249420166016,1871.59716796875,1779.00732421875
1400,42.3948135375977,19.438985824585,126.453414916992,406.651397705078,3330.88134765625,2644.81201171875,185.806640625,2274.05834960938,2120.22778320313
1402,43.2814331054688,19.4905414581299,138.804397583008,480.156341552734,3758.041015625,2975.46801757813,199.410720825195,2504.58447265625,2376.25659179688
1404,47.4174003601074,21.3526363372803,133.949371337891,489.912841796875,3722.13549804688,3070.17749023438,264.799499511719,2473.0595703125,2438.6962890625
1406,48.0542831420898,16.9829235076904,140.477325439453,523.245971679688,4009.5341796875,3336.04614257813,370.06494140625,2591.82861328125,2568.02416992188
1408,44.9497947692871,15.1603469848633,148.020553588867,543.518920898438,4105.47265625,3400.74560546875,371.131469726563,2641.66015625,2621.23657226563
1410,44.6048278808594,10.2954969406128,145.821014404297,544.657592773438,3955.19311523438,3370.9541015625,345.384002685547,2590.41967773438,2594.1201171875
1412,44.1072196960449,13.1191968917847,143.346389770508,523.60205078125,3765.64697265625,3293.83618164063,349.046630859375,2513.61401367188,2478.5888671875
1414,46.2688674926758,12.4041700363159,132.667098999023,438.295196533203,3412.64404296875,3096.29956054688,307.415344238281,2337.16967773438,2355.26538085938
1416,42.890941619873,14.9559164047241,118.301368713379,335.852172851563,2786.81420898438,2759.9423828125,238.857330322266,1941.66394042969,2181.70849609375
1418,36.5081100463867,13.8854217529297,108.313194274902,192.479598999023,2253.63549804688,2374.28100585938,177.409805297852,1595.54565429688,2021.88098144531
1420,47.2353935241699,15.7073335647583,103.394309997559,183.571975708008,1874.52233886719,2223.564453125,261.443176269531,1448.50817871094,1796.42333984375
1422,54.9285354614258,26.1766109466553,99.5604858398438,164.019439697266,1727.79736328125,2144.07275390625,326.428283691406,1407.31750488281,1668.97241210938
1424,49.460319519043,27.0365047454834,91.788215637207,213.605026245117,1546.82263183594,1956.67834472656,286.246978759766,1318.42346191406,1541.1962890625
1426,41.1872482299805,21.4044723510742,92.7875671386719,249.616058349609,1412.52111816406,1832.24267578125,260.248962402344,1229.76599121094,1496.52490234375
1428,36.5245513916016,27.3483448028564,94.8234558105469,207.26399230957,1253.912109375,1671.16931152344,198.270645141602,1129.83947753906,1397.02856445313
1430,36.4238433837891,31.8609447479248,88.9866027832031,145.053024291992,1191.85021972656,1559.94567871094,176.278793334961,1047.41320800781,1308.22094726563
1432,43.5942611694336,27.1038875579834,82.2629852294922,189.431549072266,1209.05358886719,1561.43725585938,156.42594909668,1049.5537109375,1308.58752441406
1434,37.3614845275879,25.6242008209229,82.7457580566406,141.388397216797,1217.23767089844,1538.91345214844,103.005332946777,987.544555664063,1260.98266601563
1436,44.7975769042969,22.0777072906494,72.5578918457031,128.306365966797,1179.79577636719,1426.96875,92.7926330566406,956.715759277344,1199.17932128906
1438,40.6981964111328,10.5498704910278,70.7827301025391,242.012252807617,1201.81408691406,1379.20556640625,252.921493530273,981.241027832031,1204.93786621094
1440,29.4610176086426,7.91884231567383,74.2177429199219,277.646575927734,1219.53430175781,1432.13439941406,297.801208496094,1068.65783691406,1271.24255371094
1442,32.9604949951172,5.08962059020996,74.2421112060547,230.612976074219,1185.73449707031,1424.94958496094,190.470687866211,1038.48364257813,1229.1552734375
1444,26.7429637908936,14.4348049163818,72.4281387329102,187.744750976563,1195.03063964844,1353.61975097656,198.624755859375,992.107788085938,1227.0771484375
1446,15.7046613693237,23.0404167175293,63.0263481140137,79.4120559692383,1216.83618164063,1252.10681152344,196.101943969727,871.158630371094,1211.64111328125
1448,24.3247375488281,13.8223943710327,69.6391754150391,126.391952514648,1202.65417480469,1172.8876953125,121.406272888184,934.75244140625,1148.54956054688
1450,19.8916664123535,15.1354265213013,70.9073257446289,135.321716308594,1223.14123535156,990.116271972656,84.9578704833984,1006.80883789063,1271.64855957031
1452,15.1444129943848,16.5415153503418,72.2653503417969,144.884353637695,1245.08044433594,794.391357421875,45.9262962341309,1083.97204589844,1403.47180175781
1454,10.0483512878418,18.0509185791016,73.7231521606445,155.149612426758,1268.63159179688,584.285400390625,4.02683639526367,1166.80480957031,1544.98083496094
1456,-30.8882179260254,42.4650268554688,64.6952819824219,16.2158126831055,1229.30102539063,415.079040527344,78.3825378417969,1067.734375,1308.24768066406
1458,-11.3275279998779,30.0326766967773,46.1413955688477,-148.640991210938,1113.4208984375,408.958435058594,219.478210449219,1033.68481445313,1315.13049316406
1460,8.23470497131348,26.1833610534668,52.28662109375,14.8842830657959,1137.05029296875,536.1220703125,176.557083129883,1174.18823242188,1527.9765625
1462,16.300537109375,0.197381690144539,51.4778823852539,63.8216934204102,1223.17358398438,530.595520019531,206.236785888672,1267.412109375,1588.35400390625
1464,-7.49463081359863,-8.18726348876953,40.9670524597168,122.088035583496,1163.14404296875,413.553070068359,53.3649253845215,1150.4384765625,1523.35717773438
1466,-4.17136573791504,6.01615858078003,40.5266265869141,54.3971214294434,1250.23181152344,475.850128173828,108.357841491699,1051.33264160156,1528.8349609375
1468,3.42352271080017,6.01609992980957,44.6169662475586,4.65199947357178,1304.18225097656,446.320526123047,98.3538970947266,1146.62145996094,1462.54125976563
1470,-10.9112129211426,0.383883506059647,46.0886840820313,-19.5937423706055,1238.48803710938,384.489868164063,73.0807952880859,1099.36352539063,1380.45947265625
1472,-30.8432865142822,-27.3450908660889,42.7035331726074,4.53396129608154,1125.65673828125,294.724487304688,-195.917037963867,829.722534179688,1108.69445800781
1474,18.3033313751221,-0.540188908576965,17.4113464355469,-27.764965057373,1078.73937988281,90.3233261108398,-40.073673248291,734.719177246094,970.120666503906
1476,5.80782270431519,5.30408525466919,44.2020378112793,75.7498550415039,911.126220703125,100.109954833984,-130.044876098633,718.68603515625,901.350341796875
1478,3.90269327163696,13.0570592880249,48.8178596496582,-13.3454666137695,851.418579101563,117.959526062012,-143.175750732422,705.671447753906,905.472351074219
1480,-4.63018417358398,15.9496459960938,40.7470626831055,-19.3066234588623,778.149841308594,28.9574394226074,-165.183792114258,642.417297363281,807.051574707031
1482,8.2578821182251,-3.25028538703918,34.9804191589355,-70.4897842407227,581.43701171875,106.22770690918,-147.639053344727,612.786560058594,665.115966796875
1484,6.16147184371948,-0.0683490782976151,22.7279071807861,-22.5222263336182,569.136169433594,180.566299438477,-189.593139648438,695.587768554688,618.825622558594
1486,14.5523023605347,10.9347982406616,14.6372365951538,-107.787017822266,642.278442382813,189.998977661133,-225.123794555664,767.518981933594,506.512878417969
1488,11.7253856658936,23.9152393341064,40.2729110717773,-29.9972763061523,587.342407226563,113.25220489502,-374.352722167969,519.77490234375,558.340393066406
1490,4.37193536758423,14.3654098510742,39.1914901733398,34.4608955383301,454.279998779297,213.421539306641,-222.958831787109,372.715789794922,544.979248046875
1492,-5.40895128250122,11.7085800170898,10.1995086669922,-103.731864929199,533.217834472656,125.007431030273,-134.429992675781,461.497344970703,455.094207763672
1494,-26.2852573394775,5.16622591018677,1.13262939453125,-59.1416664123535,546.200805664063,138.634780883789,-101.997627258301,664.531372070313,404.161071777344
1496,-17.4728717803955,32.8972358703613,13.0467510223389,-127.169654846191,557.822448730469,133.527130126953,-57.5717239379883,629.241333007813,502.861572265625
1498,-6.06672239303589,35.2419929504395,31.2862014770508,8.51346015930176,552.679748535156,150.731689453125,-330.710388183594,706.41357421875,534.796691894531
1500,3.24006366729736,-9.64144706726074,42.0478744506836,-70.8704147338867,566.132385253906,70.9505462646484,-222.44026184082,672.398742675781,483.417175292969
1502,21.389123916626,5.1593074798584,23.1739101409912,-75.0474166870117,474.332153320313,14.4606485366821,-299.110443115234,436.315155029297,491.74853515625
1504,-9.18892955780029,-1.51919424533844,27.8340339660645,77.5464172363281,452.532531738281,106.928184509277,-337.990295410156,230.778869628906,503.936096191406
1506,-1.24224591255188,43.732494354248,70.8893356323242,-116.749954223633,27.6995239257813,361.577301025391,-594.542419433594,37.1320648193359,358.082885742188
1508,29.6513404846191,29.3851299285889,36.9401741027832,-306.579528808594,209.991027832031,431.837219238281,-669.404113769531,379.891021728516,302.740783691406
1510,7.62805557250977,14.2088193893433,16.960391998291,14.7686948776245,496.754699707031,382.635803222656,-141.962905883789,446.575164794922,175.455200195313
1512,-6.65890884399414,15.7751770019531,33.8543167114258,134.294723510742,719.487426757813,213.392715454102,-168.837875366211,423.972473144531,311.619171142578
1514,3.41954016685486,-6.9957389831543,37.4670715332031,78.1808853149414,652.361022949219,253.003341674805,-171.840530395508,516.468627929688,397.718872070313
1516,-30.5246620178223,4.13282871246338,10.6836071014404,-126.900215148926,628.906005859375,262.738189697266,-148.972290039063,536.256469726563,257.530487060547
1518,-0.571415960788727,11.0083045959473,18.7027015686035,-158.973052978516,501.819580078125,162.827728271484,-342.188995361328,369.047180175781,494.361724853516
1520,11.983304977417,34.852367401123,58.5812835693359,188.3857421875,335.391906738281,-19.7987937927246,-330.581481933594,263.924652099609,388.53662109375
1522,-18.6768703460693,43.2218856811523,37.5453338623047,176.27685546875,494.141052246094,103.840110778809,-357.255157470703,503.375640869141,605.038818359375
1524,-26.8328628540039,-23.0729293823242,45.3459205627441,-108.262786865234,581.566101074219,116.779434204102,-329.599395751953,576.489074707031,796.535766601563
1526,-20.6614017486572,-10.5855360031128,33.8230247497559,-130.155197143555,772.655639648438,189.497131347656,-49.5267295837402,686.135498046875,886.753784179688
1528,-20.0389785766602,-3.07344579696655,10.2658071517944,9.82552146911621,901.113647460938,199.087631225586,-60.3358612060547,674.490356445313,961.45556640625
1530,-10.4770030975342,0.181237414479256,19.1249008178711,19.863697052002,1056.16015625,332.695098876953,-94.0439758300781,860.183654785156,1058.5556640625
1532,-2.36337995529175,-22.7989845275879,21.8420104980469,-96.4779968261719,1195.99829101563,266.791778564453,-227.885238647461,1023.91082763672,931.840942382813
1534,-15.2100143432617,-20.3090629577637,31.1807479858398,16.4828624725342,1290.87866210938,350.743713378906,-71.3898162841797,816.691162109375,1029.14392089844
1536,-0.145378679037094,-8.29440784454346,23.4695739746094,-17.6132049560547,1263.90942382813,404.696380615234,-82.8429260253906,774.175476074219,1099.75903320313
1538,28.3246479034424,1.46543419361115,38.359977722168,-25.4603462219238,1268.087890625,280.591430664063,-151.978073120117,507.952087402344,945.176391601563
1540,24.6791191101074,15.445164680481,30.9980010986328,-211.681900024414,1170.57971191406,314.592102050781,-273.584869384766,634.469604492188,797.338317871094
1542,-17.8058967590332,-31.5127105712891,22.2652149200439,-159.857330322266,1213.564453125,249.57453918457,-265.609588623047,784.225952148438,1138.09240722656
1544,-20.3847312927246,-5.67145729064941,28.2634315490723,29.6661548614502,1342.84558105469,178.657592773438,-277.609741210938,640.984680175781,1292.7607421875
1546,-5.61472225189209,7.8061203956604,33.5613746643066,146.157180786133,1411.05847167969,371.491455078125,-41.0275001525879,961.752868652344,1657.63806152344
1548,13.5724725723267,9.76265335083008,43.0694198608398,127.393531799316,1480.97570800781,473.302703857422,-58.023250579834,1116.94873046875,1719.98876953125
1550,-4.44732332229614,8.02626419067383,36.8628540039063,237.521621704102,1470.02026367188,447.038970947266,-155.488891601563,1158.35424804688,1693.79565429688
1552,1.34724652767181,-5.57769107818604,30.755859375,272.972564697266,1395.22998046875,432.261627197266,-39.5423469543457,1172.65979003906,1753.66662597656
1554,16.0104026794434,-9.57330989837646,31.093786239624,213.433822631836,1319.54272460938,473.113739013672,-113.617279052734,1205.36779785156,1709.70422363281
1556,11.1179618835449,8.93638134002686,36.091423034668,178.020568847656,1336.46704101563,536.920593261719,-232.786499023438,1177.56188964844,1451.93383789063
1558,-16.4014530181885,65.0178375244141,23.8225860595703,233.289199829102,1011.42749023438,542.268737792969,-185.533233642578,687.225463867188,1223.3515625
1560,-19.4864273071289,38.4121170043945,29.5021553039551,399.418823242188,1471.78723144531,410.984313964844,-267.128265380859,989.893310546875,1823.13623046875
1562,-16.6081829071045,12.2737884521484,38.2052421569824,553.533996582031,1610.0107421875,506.492034912109,-71.3302993774414,1263.51220703125,2189.17138671875
1564,-9.34197902679443,12.3065643310547,46.5611114501953,561.439331054688,1699.81018066406,493.220397949219,5.09179830551147,1312.85021972656,2301.79370117188
1566,19.3781108856201,3.48838067054749,45.346305847168,588.729614257813,1876.05236816406,536.522766113281,55.8141822814941,1536.8876953125,2590.72509765625
1568,24.017017364502,8.66996097564697,38.9267082214355,564.412353515625,1806.40588378906,440.76611328125,25.7955703735352,1585.27856445313,2575.69921875
1570,24.5244407653809,11.6655178070068,48.992603302002,656.449035644531,2082.06201171875,524.100341796875,-5.50667715072632,1691.22961425781,2786.04638671875
1572,27.3784084320068,15.4583873748779,60.6652069091797,761.1015625,2501.85961914063,711.971069335938,-11.9985189437866,1929.41784667969,3173.96704101563
1574,24.8022785186768,17.4132652282715,63.7905616760254,727.644775390625,2486.3076171875,752.177673339844,-7.1529712677002,1941.78051757813,3280.69116210938
1576,23.3669490814209,10.8783922195435,75.4307403564453,709.35986328125,2451.92895507813,794.271301269531,-2.240886926651,1891.87109375,3247.99145507813
1578,16.6389007568359,9.17421531677246,72.7525939941406,879.304138183594,3471.97485351563,1121.94860839844,-36.9401969909668,2482.31689453125,3854.45629882813
1580,26.2479228973389,15.9417304992676,71.9770202636719,973.770629882813,4359.96044921875,1334.15954589844,-72.5530090332031,3006.09228515625,4243.001953125
1582,38.7260131835938,16.904712677002,77.3537292480469,974.655700683594,4807.48291015625,1532.75988769531,-28.9880847930908,3206.5869140625,4437.26708984375
1584,44.8723411560059,11.9149932861328,86.4002075195313,981.95263671875,4961.34765625,1715.23205566406,5.29161357879639,3251.31225585938,4480.50732421875
1586,41.81494140625,14.4461841583252,86.5281829833984,988.546203613281,4922.49951171875,1803.38854980469,115.592788696289,3244.28295898438,4386.8701171875
1588,41.9270133972168,9.51412677764893,83.6249542236328,949.926818847656,4669.75,1799.39416503906,204.768646240234,3107.66943359375,4241.333984375
1590,37.6791839599609,14.6036987304688,80.4966583251953,873.367614746094,4309.1513671875,1777.61279296875,186.428100585938,2875.1689453125,4056.88403320313
1592,38.2921333312988,20.9296722412109,80.6775207519531,771.201232910156,3914.43823242188,1701.49035644531,121.794136047363,2617.39379882813,3847.79467773438
1594,37.3022766113281,13.5633773803711,74.5576171875,667.246704101563,3494.45947265625,1573.61511230469,158.926712036133,2298.47900390625,3720.97509765625
1596,43.3510055541992,16.8549919128418,71.9396591186523,581.700805664063,3247.63208007813,1481.11010742188,198.563858032227,2155.794921875,3490.26708984375
1598,41.6142044067383,16.0662040710449,74.3477401733398,538.228271484375,3050.42529296875,1330.41027832031,175.731109619141,2056.35034179688,3190.77294921875
1600,36.7540817260742,17.1327991485596,66.9317092895508,462.50732421875,2725.10693359375,1184.84118652344,215.125411987305,1818.60546875,3014.47778320313
1602,40.9658966064453,12.0277462005615,60.7386474609375,391.043975830078,2351.47924804688,953.278442382813,155.013198852539,1615.17431640625,2891.05322265625
1604,46.69287109375,12.9887866973877,57.4839248657227,301.952789306641,2089.94677734375,827.093444824219,128.292510986328,1487.57006835938,2742.72583007813
1606,41.651065826416,18.1794509887695,53.0699882507324,248.848678588867,1862.74389648438,750.256469726563,124.433570861816,1324.3486328125,2623.57568359375
1608,36.4852561950684,13.685375213623,47.3735618591309,238.71012878418,1646.19653320313,649.092956542969,106.356468200684,1192.77416992188,2452.44140625
1610,45.2484893798828,11.3870477676392,44.9544715881348,255.80973815918,1564.52551269531,585.074829101563,162.291168212891,1136.72802734375,2326.35302734375
1612,49.7866096496582,16.5599956512451,49.010498046875,278.728546142578,1521.82104492188,532.020202636719,187.434127807617,1099.28100585938,2236.1943359375
1614,52.6974220275879,11.5612316131592,51.958740234375,285.412628173828,1398.18334960938,506.074859619141,192.596557617188,1005.13659667969,2138.59423828125
1616,36.7183952331543,4.35106897354126,58.8318557739258,253.349716186523,1245.61047363281,468.948272705078,221.282089233398,827.236572265625,1966.64282226563
1618,62.7851829528809,28.5531826019287,59.3811492919922,379.308502197266,1170.41662597656,474.480102539063,298.743286132813,833.963439941406,1900.21618652344
1620,92.5652389526367,55.100399017334,57.629810333252,502.622467041016,1184.29956054688,564.62548828125,527.158325195313,899.731140136719,1863.28271484375
1622,96.3777694702148,59.9706192016602,68.4008102416992,557.620788574219,1060.060546875,611.799438476563,620.393737792969,843.961181640625,1701.85424804688
1624,96.6526870727539,135.550262451172,83.0476455688477,757.183044433594,1048.890625,899.750854492188,586.328125,824.918701171875,1621.28503417969
1626,111.931915283203,170.607345581055,87.0000228881836,917.060363769531,1082.20361328125,1074.33874511719,551.270324707031,817.962219238281,1645.2783203125
1628,112.876136779785,249.569351196289,88.9797897338867,1044.72827148438,1166.6123046875,1358.45544433594,577.909423828125,865.118103027344,1598.01037597656
1630,139.882934570313,325.724670410156,88.6874389648438,954.777770996094,1308.85510253906,1733.41943359375,921.5556640625,887.406127929688,1543.41040039063
1632,170.641937255859,357.392395019531,90.1498260498047,978.73828125,1308.66809082031,2011.525390625,1148.06591796875,886.984436035156,1520.15991210938
1634,157.805999755859,330.038635253906,109.089553833008,1064.86828613281,1159.26831054688,2054.81103515625,915.778198242188,862.625549316406,1415.09521484375
1636,177.9345703125,319.412719726563,164.092758178711,1330.18688964844,1042.59790039063,2155.54125976563,1060.65234375,795.052001953125,1350.61730957031
1638,152.200256347656,366.904144287109,161.211242675781,1088.791015625,1231.48937988281,2923.47290039063,1499.52502441406,844.973571777344,1392.66296386719
1640,188.694976806641,423.241668701172,150.885803222656,1039.51818847656,1349.77697753906,3603.87768554688,1766.40502929688,856.335083007813,1371.30737304688
1642,199.509414672852,459.270935058594,152.229766845703,999.101013183594,1399.67700195313,4105.68212890625,1957.87133789063,846.826293945313,1372.7607421875
1644,187.267639160156,447.616058349609,154.057037353516,905.165893554688,1347.25073242188,4137.65087890625,1726.48608398438,811.042236328125,1406.89318847656
1646,188.050888061523,330.8271484375,170.032836914063,903.022766113281,1152.88879394531,3660.17504882813,1344.99169921875,749.410705566406,1393.54357910156
1648,168.223754882813,432.487030029297,198.220932006836,1058.07861328125,1140.51403808594,4131.8876953125,1592.51635742188,770.159362792969,1430.63330078125
1650,178.571853637695,435.825500488281,203.402542114258,1040.560546875,1136.50646972656,4316.6884765625,1737.37841796875,779.298706054688,1481.69506835938
1652,150.479278564453,386.500885009766,213.924621582031,996.880615234375,1026.80322265625,4095.98754882813,1509.91674804688,758.858581542969,1304.85595703125
1654,172.422805786133,424.773895263672,217.820373535156,1033.24633789063,1121.85327148438,4243.64404296875,1622.70654296875,926.970581054688,1535.54748535156
1656,158.301239013672,270.489562988281,208.90104675293,833.168090820313,1482.86987304688,4923.69482421875,1792.390625,1036.76171875,1595.08862304688
1658,208.144775390625,166.382263183594,220.997848510742,662.201232910156,1656.35778808594,5225.9560546875,2024.48010253906,1121.49462890625,1547.36389160156
1660,217.175689697266,220.946914672852,213.392684936523,692.682006835938,1684.4794921875,5357.00732421875,1928.48083496094,1167.64428710938,1575.53930664063
1662,188.536605834961,218.167114257813,191.064544677734,950.2666015625,1544.18566894531,5171.677734375,1630.93127441406,1108.33508300781,1670.13781738281
1664,154.486755371094,239.292373657227,182.072418212891,782.83349609375,1563.70690917969,5271.8544921875,1693.57019042969,1166.73486328125,1603.08459472656
1666,148.982055664063,257.184906005859,192.349426269531,685.173217773438,1589.3173828125,5136.23974609375,1919.72192382813,1221.00561523438,1549.46508789063
1668,176.765182495117,277.349426269531,191.081314086914,818.807067871094,1435.45837402344,4415.45751953125,1760.78515625,1161.42895507813,1536.5703125
1670,202.566802978516,438.361907958984,182.115615844727,1140.69116210938,1231.90490722656,3643.85473632813,1885.19470214844,1072.10656738281,1619.39013671875
1672,226.794082641602,492.448944091797,154.095916748047,1095.76452636719,1415.94372558594,3638.43139648438,1976.26745605469,1239.25866699219,1709.35070800781
1674,232.539306640625,460.03857421875,139.904220581055,1077.46069335938,1367.02270507813,3323.982421875,1834.65270996094,1246.52355957031,1671.07409667969
1676,230.216278076172,432.749389648438,126.574279785156,985.380920410156,1461.91076660156,2911.53979492188,1913.66052246094,1362.83459472656,1727.71325683594
1678,226.540115356445,370.889923095703,117.500747680664,922.212768554688,1495.6923828125,2551.40283203125,1917.28466796875,1370.8642578125,1775.66589355469
1680,197.976119995117,348.556915283203,98.2087554931641,902.844787597656,1363.48413085938,1996.12707519531,1429.38671875,1327.91186523438,1794.6279296875
1682,188.132507324219,321.530029296875,89.6312026977539,773.696533203125,1251.97900390625,1720.67468261719,1211.88549804688,1281.45373535156,1719.62023925781
1684,146.581115722656,221.057159423828,97.2575454711914,646.735717773438,919.138122558594,1292.33679199219,1118.55615234375,1038.77185058594,1544.61840820313
1686,119.598052978516,159.025085449219,89.8657760620117,641.860473632813,936.309204101563,916.835571289063,1084.14807128906,1070.55187988281,1628.56884765625
1688,88.4484024047852,125.133773803711,78.7745208740234,591.858947753906,969.477905273438,714.671752929688,973.31787109375,1048.07678222656,1570.69067382813
1690,64.6899108886719,106.047164916992,63.6397972106934,537.638977050781,999.474365234375,548.568725585938,816.191284179688,1016.84063720703,1601.10205078125
1692,53.26904296875,98.506233215332,51.4920501708984,456.689331054688,973.285095214844,492.649322509766,719.047973632813,1056.05847167969,1528.14831542969
1694,48.2624206542969,87.3393783569336,41.7665748596191,364.682250976563,931.083129882813,455.767364501953,682.966125488281,1014.85852050781,1417.04077148438
1696,45.6619987487793,84.927131652832,33.1384925842285,181.202728271484,841.967956542969,266.974029541016,460.784820556641,765.730224609375,1155.77307128906
1698,48.1208076477051,90.6191940307617,25.1161193847656,115.913093566895,648.605041503906,219.787322998047,354.189331054688,582.936218261719,1030.27697753906
1700,37.4455146789551,77.1742248535156,26.5789203643799,100.678634643555,502.462829589844,178.813919067383,205.08235168457,541.913513183594,950.343017578125
1702,21.1038684844971,59.0139846801758,33.8950805664063,125.383750915527,603.172241210938,245.31462097168,183.811141967773,617.900939941406,1011.66784667969
1704,19.8047103881836,60.1578941345215,32.4675445556641,38.7466850280762,624.90576171875,216.132537841797,130.002670288086,613.333435058594,1062.40319824219
1706,21.0082225799561,71.671142578125,18.5945663452148,52.2967720031738,633.514404296875,227.589004516602,209.837677001953,661.150329589844,1173.9267578125
1708,30.6677665710449,76.8312759399414,14.2422523498535,101.506317138672,641.439086914063,227.606307983398,298.830444335938,697.016174316406,1264.00476074219
1710,34.3551940917969,79.7268447875977,12.6686668395996,84.6344604492188,657.379211425781,273.438232421875,423.210113525391,715.849060058594,1308.12817382813
1712,31.0391960144043,73.6096343994141,15.3450565338135,71.6912460327148,686.443603515625,267.372467041016,387.709594726563,706.470092773438,1321.32678222656
1714,32.1208839416504,63.8629760742188,24.0824203491211,45.4934730529785,643.50390625,238.612014770508,333.238922119141,675.316467285156,1258.40234375
1716,38.5688705444336,56.9352226257324,23.7745456695557,-41.8649291992188,595.634338378906,228.424346923828,225.791580200195,533.545959472656,1132.03759765625
1718,45.6828804016113,89.4251403808594,20.1548442840576,50.6346321105957,637.001037597656,307.038055419922,401.245941162109,503.115661621094,990.334045410156
1720,59.5621910095215,122.623123168945,23.8274345397949,106.527717590332,603.480590820313,358.392120361328,557.391723632813,589.308776855469,1040.33337402344
1722,67.1750411987305,136.287261962891,21.996732711792,138.377624511719,580.860900878906,435.474182128906,605.93212890625,578.569213867188,1058.37475585938
1724,75.3522644042969,149.97917175293,21.312816619873,175.245071411133,561.265502929688,477.429443359375,660.559265136719,587.087951660156,1045.17199707031
1726,86.0171508789063,173.589385986328,21.7622756958008,229.05940246582,531.512329101563,526.374084472656,674.331359863281,574.518310546875,977.198547363281
1728,89.9901962280273,189.618011474609,23.0978889465332,275.971893310547,499.155853271484,529.032470703125,694.089904785156,557.663452148438,877.792053222656
1730,76.4943389892578,192.899475097656,24.8047866821289,284.526397705078,468.833953857422,589.175170898438,726.072692871094,447.692626953125,790.27978515625
1732,50.9461402893066,181.465103149414,27.3669281005859,233.589691162109,404.197784423828,592.012817382813,566.927856445313,309.176147460938,744.272827148438
1734,47.0009536743164,189.935195922852,35.8519134521484,254.891998291016,412.812591552734,672.164916992188,656.77783203125,310.474578857422,541.994445800781
1736,81.3536376953125,206.828216552734,34.9286231994629,343.276885986328,368.554504394531,824.658203125,926.710815429688,476.16259765625,579.492980957031
1738,92.850715637207,229.673034667969,31.642749786377,386.126708984375,363.289886474609,828.988220214844,923.278442382813,482.013854980469,534.53857421875
1740,84.6228637695313,222.846313476563,29.1817474365234,392.2001953125,346.520172119141,799.084289550781,963.329040527344,477.346801757813,492.244873046875
1742,72.0767059326172,214.291076660156,30.1058521270752,374.281402587891,304.766845703125,773.651977539063,954.286010742188,407.359039306641,418.520446777344
1744,73.8268127441406,211.818481445313,40.2766990661621,423.400787353516,244.583953857422,797.156494140625,821.204650878906,453.780700683594,395.939880371094
1746,66.498420715332,205.026123046875,38.4757957458496,452.381988525391,217.191833496094,761.469604492188,721.322509765625,399.700927734375,378.738555908203
1748,62.8404388427734,191.985794067383,34.8721084594727,498.203216552734,261.876708984375,761.276062011719,652.686218261719,274.227966308594,384.276123046875
1750,65.0493698120117,171.350921630859,29.7052612304688,463.178070068359,260.341918945313,685.963195800781,610.561401367188,223.146240234375,411.154388427734
1752,88.8477478027344,176.225952148438,28.5619316101074,487.506103515625,189.09521484375,639.550537109375,755.238098144531,353.770324707031,354.547821044922
1754,86.4353790283203,180.811447143555,23.2633361816406,509.312377929688,198.223358154297,634.805969238281,758.787475585938,355.154876708984,337.081909179688
1756,66.1624755859375,168.404525756836,21.4584197998047,462.952087402344,207.705368041992,607.304443359375,610.529052734375,302.022003173828,279.679779052734
1758,61.1119804382324,150.562789916992,18.1040058135986,448.692230224609,205.142562866211,536.987426757813,653.669128417969,346.628875732422,257.851837158203
1760,56.8671760559082,137.338104248047,18.5365905761719,408.523345947266,169.475021362305,463.784149169922,547.723510742188,313.379150390625,240.524993896484
1762,45.5972938537598,112.08203125,20.1041069030762,307.592620849609,121.134979248047,410.559539794922,467.103820800781,266.377044677734,245.880569458008
1764,32.9864654541016,84.3749923706055,9.21812534332275,235.195663452148,156.560531616211,332.656402587891,373.102416992188,265.502990722656,253.475128173828
1766,20.4102897644043,66.1229858398438,6.43540239334106,164.379821777344,185.339431762695,260.796417236328,299.573364257813,227.688903808594,226.708541870117
1768,13.1479482650757,54.1574058532715,12.6557016372681,107.17211151123,156.514907836914,151.060699462891,233.043670654297,210.486450195313,204.019012451172
1770,13.1438007354736,26.4480381011963,21.0140628814697,36.7127876281738,72.6094131469727,87.750129699707,77.5647811889648,157.057403564453,174.044052124023
1772,12.0276412963867,28.9111251831055,11.5662908554077,82.6731643676758,48.738639831543,55.1723289489746,135.402862548828,237.990768432617,162.685684204102
1774,27.9143733978271,25.0565986633301,7.3665337562561,39.4500617980957,143.329635620117,42.7814750671387,163.631286621094,210.995727539063,232.570404052734
1776,34.6900444030762,19.2135734558105,10.0568418502808,-20.298942565918,132.854217529297,20.4989051818848,94.5647735595703,87.1541290283203,240.878997802734
1778,23.3645706176758,13.9116201400757,14.1037902832031,13.3006534576416,110.136535644531,33.8492813110352,-20.2871837615967,58.6555709838867,208.01008605957
1780,18.2498111724854,16.9440746307373,10.6992635726929,12.5434160232544,89.2451095581055,13.5547618865967,44.2986068725586,133.346054077148,238.675582885742
1782,4.83841228485107,26.3596820831299,10.5446186065674,-1.33650362491608,41.4634208679199,36.3514175415039,11.1881618499756,145.61262512207,181.267883300781
1784,-9.4425802230835,31.2661914825439,8.56847095489502,7.8652982711792,57.3663520812988,-8.45053672790527,-53.8633117675781,46.595890045166,139.266372680664
1786,0.886760592460632,11.384726524353,0.13342122733593,-15.10267162323,30.5029716491699,40.9052848815918,-20.300365447998,26.797945022583,119.143005371094
1788,4.27055263519287,4.45785188674927,2.50389409065247,-40.5509605407715,44.9839172363281,35.5659065246582,42.7259979248047,8.52690410614014,117.886863708496
1790,-6.0656943321228,12.3661727905273,4.6265697479248,-141.870193481445,93.2727127075195,-2.3581748008728,123.603805541992,65.2939529418945,79.6728210449219
1792,-11.1391572952271,0.651913821697235,21.7597579956055,-166.928298950195,56.9761199951172,30.2305278778076,5.14459753036499,96.9009475708008,109.132369995117
1794,-18.9582004547119,8.19409847259521,19.2477531433105,-42.1876068115234,224.220779418945,20.1018810272217,-181.785842895508,156.90478515625,31.4457836151123
1796,15.3407859802246,-0.594043135643005,-1.91154444217682,-118.638465881348,102.377342224121,7.69799423217773,-367.551208496094,126.767768859863,0.616046130657196
1798,13.7345952987671,-18.1121616363525,18.7671413421631,-105.987701416016,103.031257629395,11.566162109375,-300.825317382813,116.454307556152,136.351593017578
2688,3.6388463973999,-12.3818283081055,25.560661315918,-146.626312255859,126.617393493652,-22.6498317718506,-319.148986816406,29.8008003234863,111.223075866699
2690,-15.1991758346558,-1.68939566612244,38.2369346618652,-222.455352783203,170.627578735352,-86.4946823120117,-353.339782714844,-131.889068603516,64.3348846435547
2692,-62.8054428100586,25.3318576812744,70.271614074707,-414.085754394531,281.847442626953,-247.839370727539,-439.744689941406,-540.501525878906,-54.1580047607422
2694,-63.0806694030762,15.1121482849121,96.8090057373047,-374.902770996094,97.3727569580078,74.8581008911133,-570.89990234375,-305.530456542969,462.771453857422
2696,-64.4387130737305,5.37436199188232,31.7742404937744,-391.478271484375,70.7940368652344,-48.8414115905762,-261.61767578125,93.8453979492188,179.993835449219
2698,-28.4692134857178,5.94061708450317,16.9425220489502,-100.162689208984,-22.7597389221191,-13.5242643356323,-368.248779296875,-13.7025098800659,53.6641616821289
2700,21.0367698669434,31.6008815765381,24.2579002380371,-55.197021484375,198.370574951172,63.6577224731445,-508.467681884766,-121.666679382324,109.263877868652
2702,24.0158538818359,31.2762355804443,38.6461906433105,132.031936645508,155.66633605957,173.565567016602,-421.982513427734,-152.573226928711,79.8569107055664
2704,7.69855403900146,-33.8920021057129,49.5313606262207,23.1678123474121,251.691162109375,69.8074569702148,-554.49365234375,47.0490112304688,-12.2062816619873
2706,22.312707901001,-22.8271179199219,35.8711280822754,-70.2002105712891,284.356140136719,-86.3618087768555,-515.780639648438,9.89192390441895,160.1982421875
2708,14.9122200012207,0.779890775680542,23.9157695770264,-10.1405878067017,142.013000488281,18.0870246887207,-299.796722412109,187.888748168945,91.9985656738281
2710,8.34747123718262,-6.20126581192017,36.2346153259277,-108.696746826172,-72.7673492431641,47.7968101501465,3.48628854751587,172.642456054688,154.904037475586
2712,-22.7793121337891,8.59035873413086,10.2113466262817,-52.0512886047363,92.838134765625,33.4730644226074,18.8292903900146,-111.856491088867,3.62883043289185
2714,-8.09496116638184,-1.67903101444244,1.82680308818817,2.49452519416809,21.6582279205322,-9.67524909973145,-136.397918701172,145.817520141602,37.1984901428223
2716,3.83173155784607,-9.1751766204834,2.92518496513367,-60.6029739379883,49.9899787902832,59.342700958252,-154.537216186523,133.698638916016,29.6893730163574
2718,7.09159183502197,-12.7944564819336,4.15083360671997,-140.921264648438,136.90217590332,9.64994525909424,-53.1447792053223,-11.6521453857422,-44.004638671875
2720,-2.62071061134338,-26.8703880310059,7.90361595153809,-9.20444011688232,101.872955322266,34.3244209289551,-320.950439453125,-126.690963745117,-2.79661417007446
2722,8.77677917480469,2.16727876663208,33.4580955505371,10.4429941177368,96.8381652832031,81.6556777954102,-295.772338867188,68.4351501464844,136.501953125
2724,3.39843320846558,21.6518211364746,25.6653060913086,-168.444473266602,53.0079002380371,184.86247253418,-226.133712768555,55.3795738220215,146.576507568359
2726,14.6155805587769,38.2119674682617,9.3335428237915,-41.4730186462402,63.3757476806641,97.1522521972656,-135.973251342773,157.570877075195,105.329711914063
2728,5.63505363464355,11.5495824813843,16.889612197876,-87.4041976928711,125.840148925781,81.6589813232422,-69.4721908569336,65.1006393432617,130.543426513672
2730,5.30940961837769,-2.96300983428955,-7.6790919303894,-100.021591186523,71.5901412963867,7.82877445220947,7.56832265853882,-66.2520523071289,84.6288070678711
2732,-8.76620578765869,0.960242092609406,7.54604434967041,-86.8448944091797,110.589424133301,-13.6648292541504,-184.758636474609,-24.1949157714844,118.575241088867
2734,-6.14435815811157,6.98425149917603,10.8233413696289,-18.0575675964355,147.132995605469,60.0267333984375,-125.268295288086,70.0561904907227,51.610710144043
2736,-3.7161431312561,3.03117108345032,8.51646995544434,-76.5509567260742,81.8114166259766,84.8675231933594,-160.286209106445,46.1376419067383,-19.5819625854492
2738,-9.63636684417725,10.0882902145386,9.37483024597168,-118.656715393066,90.1355590820313,26.8419227600098,-72.6967391967773,62.3400955200195,77.6438674926758
2740,-2.51288223266602,0.861266672611237,0.338965237140656,-65.8701477050781,106.364463806152,159.487487792969,-86.1888809204102,77.8657760620117,115.919761657715
2742,-0.370106875896454,4.56004905700684,4.88676738739014,-19.2451572418213,89.6794509887695,82.9990081787109,-127.963859558105,67.6070251464844,18.3102340698242
2744,5.59719467163086,3.43205809593201,8.41040802001953,-88.8624496459961,40.7966499328613,-27.6422939300537,-119.036117553711,68.8957061767578,35.0064010620117
2746,6.42306232452393,-9.38904190063477,15.8282060623169,-64.5168151855469,104.065078735352,-38.979419708252,-150.755493164063,90.4893798828125,-0.412725836038589
2748,14.8016805648804,-2.9630823135376,14.3808622360229,50.922435760498,99.3109664916992,2.9781391620636,-136.698806762695,52.5151596069336,29.4971733093262
2750,7.82268476486206,2.06723403930664,9.3248348236084,40.1880836486816,59.8555526733398,10.9079942703247,-87.1076889038086,48.9628295898438,14.7305107116699
2752,-1.58023846149445,4.5820198059082,5.01101446151733,-31.9941864013672,35.2202415466309,-36.3682518005371,-49.3293418884277,80.0711364746094,42.7125816345215
2754,9.03659725189209,14.7208662033081,-4.93179225921631,22.8111438751221,87.9578094482422,-57.666374206543,-79.0521850585938,91.3561782836914,89.5458145141602
2756,-0.306037336587906,0.114054061472416,8.44929599761963,-0.784068286418915,49.0286521911621,20.8324909210205,-14.0531463623047,46.0712051391602,115.237854003906
2758,-4.402024269104,4.34697914123535,2.64478182792664,-29.9931221008301,56.5845260620117,35.9813957214355,23.1233692169189,5.33621406555176,121.465194702148
2760,-1.46051573753357,-0.986952900886536,1.80415439605713,7.20680904388428,49.1607666015625,27.5872821807861,13.1197681427002,-7.4737663269043,83.7789459228516
2762,1.19739544391632,1.90151524543762,2.51601266860962,-69.6300811767578,35.7683753967285,-12.0866994857788,-31.4624462127686,57.8270034790039,44.8387145996094
2764,4.00748825073242,3.41323614120483,6.43032693862915,-74.6506805419922,74.6048126220703,7.41454982757568,14.0085029602051,32.9307708740234,55.1887626647949
2766,-3.58426904678345,2.86159753799438,0.986737549304962,-28.2247123718262,108.825752258301,-5.46795749664307,-0.921049892902374,26.9435920715332,87.3413009643555
2768,1.39181852340698,-12.7544870376587,-0.774636507034302,-8.93873023986816,150.349700927734,7.8112735748291,-52.8312454223633,64.9214630126953,84.5956497192383
2770,6.74849557876587,6.2510232925415,6.41194677352905,-19.5941390991211,131.372741699219,50.0892066955566,-40.1619911193848,44.7856826782227,131.107238769531
2772,-2.74130129814148,7.9670729637146,6.68309545516968,-21.0249633789063,109.321899414063,16.1707801818848,5.85853290557861,48.3692016601563,126.761497497559
2774,8.21390056610107,12.3944873809814,5.93615579605103,53.0337142944336,113.126419067383,10.3394918441772,-89.68212890625,-2.13101053237915,66.4758071899414
2776,1.06386876106262,10.0731945037842,3.83455204963684,-4.54384756088257,138.898208618164,40.0638046264648,-75.1796569824219,44.4782409667969,87.0094757080078
2778,5.43652963638306,2.01558661460876,7.39810943603516,-12.2087879180908,148.67219543457,64.9757080078125,-97.806884765625,-3.24191093444824,56.6368675231934
2780,6.2845721244812,5.7693829536438,10.8381929397583,-61.2143859863281,147.326293945313,68.4709320068359,-77.5222549438477,13.193190574646,48.7964782714844
2782,2.70576047897339,3.83934807777405,2.9724133014679,-1.82726764678955,133.249694824219,2.1871132850647,-29.6420097351074,47.3927268981934,133.589324951172
2784,-5.16997385025024,-2.01075482368469,5.1261944770813,18.8437786102295,146.460311889648,70.9207763671875,17.7930393218994,56.4753150939941,175.008270263672
2786,-2.94339632987976,1.55026745796204,4.24210214614868,-3.35014343261719,139.633636474609,59.8546905517578,-91.0973281860352,95.789794921875,159.673477172852
2788,-6.64501523971558,9.22721767425537,3.84087991714478,-35.64208984375,148.950561523438,41.4286804199219,-66.2146072387695,84.3854522705078,175.642395019531
2790,-1.22278845310211,8.78454399108887,9.37685585021973,-14.9902620315552,155.680419921875,65.211181640625,5.28308439254761,110.786529541016,153.206832885742
2792,2.88946151733398,5.42295169830322,3.00771760940552,-6.88131713867188,103.021148681641,70.3668670654297,-26.4638290405273,125.223175048828,137.551605224609
2794,-2.60770511627197,-8.41749477386475,3.81959199905396,-22.9534244537354,96.7156295776367,86.6998062133789,-31.083122253418,89.6611099243164,124.228080749512
2796,4.35990238189697,1.5878734588623,4.64114332199097,10.940055847168,112.979835510254,56.026123046875,-8.95504570007324,3.99953126907349,131.002197265625
2798,2.56975173950195,3.47067928314209,1.16340494155884,8.24016952514648,141.684371948242,38.5530700683594,-66.3301773071289,70.6609115600586,158.041931152344
2800,7.03255224227905,-8.40828800201416,5.55130767822266,-32.6891136169434,174.097869873047,67.4179534912109,8.04914283752441,102.78491973877,178.921508789063
2802,7.95515775680542,-3.85027480125427,7.75547742843628,-71.9732971191406,217.930953979492,83.5915451049805,-3.65667748451233,119.433364868164,176.500473022461
2804,4.90153741836548,2.79676699638367,4.79021024703979,-50.1659355163574,232.596008300781,82.0428466796875,33.159065246582,135.298767089844,219.745407104492
2806,-3.22179555892944,5.60492992401123,0.948177933692932,-22.9167861938477,204.329040527344,59.924934387207,20.9681224822998,156.280319213867,246.845825195313
2808,-4.13464736938477,-0.762389063835144,6.14863872528076,-43.2580070495605,217.23095703125,41.990047454834,12.2478485107422,157.175720214844,269.766632080078
2810,-3.83812093734741,-2.97870445251465,4.57698583602905,-58.1142654418945,266.322814941406,39.2859115600586,-89.4630966186523,105.44213104248,287.267211914063
2812,2.98942470550537,5.98668718338013,8.39432525634766,-7.24037027359009,267.622894287109,39.0829582214355,-76.5667114257813,92.7683486938477,302.742797851563
2814,3.01209330558777,10.6967372894287,4.19833040237427,-41.1868438720703,239.805145263672,54.2984428405762,-49.9241065979004,130.469512939453,302.394287109375
2816,3.54519534111023,-7.04146480560303,7.46329593658447,19.5968704223633,289.331115722656,35.3372344970703,-39.3424263000488,135.910736083984,315.248016357422
2818,-0.195227429270744,-4.36440801620483,5.81235408782959,40.5242614746094,330.994842529297,35.8786582946777,0.902222037315369,138.676254272461,378.159606933594
2820,3.95038032531738,-3.39321804046631,6.38733530044556,57.0921096801758,347.416381835938,57.6589851379395,-28.5085334777832,122.676559448242,454.90625
2822,2.57645893096924,0.762514412403107,6.70046949386597,66.43359375,384.852508544922,3.74208474159241,-3.68581366539001,181.127685546875,465.767059326172
2824,-7.44309139251709,1.69427561759949,6.95388269424438,60.4788818359375,432.792572021484,41.9633407592773,26.6842727661133,183.612106323242,457.212371826172
2826,-0.686909794807434,-3.25044417381287,7.33831119537354,43.8756980895996,413.259796142578,108.232887268066,-89.2195434570313,190.183135986328,550.28076171875
2828,-1.34390163421631,-6.56122064590454,9.561936378479,52.140796661377,386.061889648438,144.158432006836,-69.6104507446289,243.013671875,632.615478515625
2830,3.56921195983887,-4.41364765167236,9.25586986541748,42.7572593688965,400.5224609375,145.178787231445,-78.4262924194336,268.893096923828,679.633972167969
2832,-5.94031000137329,-7.5925498008728,8.28291034698486,-1.54589593410492,440.560394287109,180.450378417969,-33.6885986328125,286.382019042969,745.300048828125
2834,-1.22098660469055,-1.80229246616364,5.53129100799561,-19.7154712677002,498.726409912109,168.048675537109,-49.2594375610352,285.258941650391,840.286315917969
2836,4.55904674530029,-3.64940738677979,2.72958946228027,1.54531359672546,490.328552246094,190.680328369141,-84.7194290161133,318.136047363281,942.70166015625
2838,-1.02071034908295,6.43737840652466,7.04127359390259,80.0732269287109,597.043823242188,207.719604492188,-52.486141204834,334.663665771484,1037.66247558594
2840,-0.187378168106079,0.635012328624725,7.41544961929321,107.110260009766,737.9990234375,321.188659667969,-2.98242521286011,400.098022460938,1129.37219238281
2842,1.86861479282379,-3.95639586448669,5.70409059524536,118.919815063477,790.947509765625,379.123657226563,-11.7804651260376,488.281677246094,1252.96118164063
2844,-1.87340927124023,-1.62200713157654,3.55162358283997,156.69319152832,793.858337402344,457.609497070313,-42.0995788574219,482.703704833984,1378.71875
2846,-2.97269320487976,-8.22139167785645,5.72494983673096,229.091705322266,867.68017578125,541.990783691406,-2.04984426498413,522.763061523438,1559.04187011719
2848,3.40751695632935,2.3471040725708,7.83002471923828,283.071228027344,992.978881835938,666.281555175781,-17.1904106140137,638.65283203125,1763.01904296875
2850,2.20209646224976,1.17648601531982,7.4797477722168,267.290893554688,1106.11962890625,860.88671875,12.1958675384521,731.736877441406,1954.86901855469
2852,-1.04942655563354,11.7625923156738,10.0431509017944,287.401794433594,1191.91625976563,949.583984375,127.627578735352,780.463623046875,2039.35900878906
2854,0.566635727882385,10.5363082885742,8.9913501739502,313.967681884766,1228.76049804688,949.058471679688,53.198299407959,746.871276855469,2073.72900390625
2856,10.4058208465576,5.16413402557373,19.1174335479736,317.406768798828,1223.48413085938,960.093505859375,-5.01880073547363,752.76611328125,2130.07568359375
2858,4.19179344177246,4.37858867645264,13.8662548065186,290.885345458984,1196.39025878906,906.970275878906,29.6886024475098,724.971862792969,2130.28149414063
2860,5.30181932449341,3.39346218109131,18.3442859649658,283.639862060547,1163.73742675781,866.671936035156,38.1921119689941,683.694030761719,2157.89233398438
2862,11.7435913085938,-0.60422694683075,15.8124723434448,284.227569580078,1133.48071289063,776.874755859375,29.8024463653564,641.089294433594,2134.22534179688
2864,11.8476886749268,3.4880805015564,13.9322214126587,267.941741943359,1130.87109375,735.948852539063,78.8917083740234,662.047912597656,2103.37548828125
2866,17.5111637115479,2.671306848526,10.367317199707,229.248275756836,1149.13903808594,694.676513671875,13.3703174591064,706.209228515625,2105.80908203125
2868,13.7256622314453,5.57185506820679,20.8226356506348,264.259094238281,1177.828125,706.730102539063,111.36164855957,723.484497070313,2078.66845703125
2870,15.4019212722778,10.8473224639893,24.0310497283936,334.715942382813,1161.49365234375,670.152038574219,84.5187759399414,676.271728515625,2062.70849609375
2872,15.4705982208252,4.33756589889526,15.764365196228,320.264343261719,1148.16381835938,593.467224121094,127.827308654785,630.294921875,2060.77514648438
2874,18.5440845489502,-1.18765604496002,5.8704514503479,250.538116455078,1125.06188964844,505.944885253906,174.087432861328,589.664611816406,1967.61352539063
2876,20.018928527832,1.31764340400696,7.50447797775269,223.396667480469,1040.24792480469,495.157775878906,188.268905639648,595.84423828125,1817.30859375
2878,19.0570220947266,-0.724385023117065,13.0963382720947,247.15119934082,940.94921875,492.256958007813,153.583770751953,622.976501464844,1708.82360839844
2880,25.6521072387695,1.68087065219879,10.7850008010864,283.339416503906,943.216735839844,421.540740966797,182.543319702148,580.545288085938,1677.60412597656
2882,29.0426940917969,-2.94187498092651,12.2711334228516,246.855682373047,899.621215820313,407.076568603516,290.248046875,587.778137207031,1636.12243652344
2884,28.5155639648438,9.21042537689209,20.6439018249512,230.721176147461,942.318969726563,415.114013671875,268.910919189453,566.044616699219,1651.53295898438
2886,29.0995235443115,12.5646505355835,21.2776851654053,282.382873535156,984.820190429688,403.510192871094,258.737426757813,558.063903808594,1670.11474609375
2888,25.1871967315674,12.8539266586304,16.5846214294434,299.1552734375,997.904602050781,503.033966064453,131.777679443359,615.115844726563,1654.34826660156
2890,27.8485584259033,8.75065803527832,14.4259719848633,268.766876220703,964.998107910156,486.565856933594,140.515350341797,647.174011230469,1722.80908203125
2892,33.6478652954102,2.45900249481201,6.9652681350708,225.012847900391,1010.97320556641,472.328277587891,150.160903930664,622.221801757813,1842.47314453125
2894,47.2559776306152,5.61661386489868,3.53067326545715,292.762145996094,1056.72216796875,526.19189453125,116.711738586426,608.72021484375,1932.3095703125
2896,40.1533508300781,7.20846462249756,5.94407844543457,361.731964111328,1146.94543457031,508.904449462891,176.704360961914,582.536682128906,2033.26342773438
2898,45.1174087524414,19.4323959350586,4.72003269195557,305.899658203125,1195.10791015625,531.197814941406,157.443710327148,569.471740722656,2110.11206054688
2900,44.2970848083496,21.0080757141113,12.9867792129517,333.372100830078,1200.3740234375,514.347229003906,-6.16838359832764,612.198547363281,2175.34741210938
2902,39.8369979858398,31.1738243103027,16.6915073394775,349.362335205078,1245.56982421875,602.946533203125,20.4880104064941,698.931396484375,2289.40112304688
2904,34.0017929077148,36.2492713928223,20.126880645752,323.427612304688,1306.59753417969,706.99560546875,123.585327148438,808.654541015625,2397.87182617188
2906,28.1859951019287,24.5924835205078,26.6909084320068,396.312286376953,1326.01770019531,775.559753417969,140.435638427734,804.488586425781,2497.93188476563
2908,41.2722778320313,20.7181396484375,16.5011539459229,413.164031982422,1305.49816894531,915.883483886719,111.065162658691,834.018676757813,2588.23901367188
2910,46.9723205566406,17.7688980102539,20.0333271026611,430.435363769531,1367.82275390625,980.415588378906,53.4285545349121,832.577392578125,2786.3212890625
2912,44.4485816955566,26.8483581542969,29.2215423583984,464.255493164063,1557.60241699219,982.142333984375,-33.4189872741699,880.920593261719,2922.83422851563
2914,44.3560409545898,16.8096313476563,23.0245323181152,484.487060546875,1664.35314941406,931.065246582031,44.5868873596191,842.394165039063,3074.31079101563
2916,42.2136688232422,1.38308262825012,18.1319713592529,614.125427246094,1735.25610351563,1024.63024902344,123.320175170898,837.566284179688,3250.26489257813
2918,33.8470649719238,18.9441623687744,20.4745140075684,665.027954101563,1767.26684570313,1163.818359375,179.481384277344,928.221862792969,3419.95825195313
2920,36.339672088623,27.6107349395752,37.687873840332,846.967407226563,1840.02270507813,1197.7099609375,184.477691650391,975.401489257813,3498.87426757813
2922,40.9711990356445,18.1582279205322,20.704963684082,828.703002929688,1901.57446289063,1304.33959960938,214.245666503906,1045.99096679688,3614.13500976563
2924,32.5694732666016,32.2651672363281,19.6266231536865,756.184143066406,1893.12023925781,1431.06530761719,155.205474853516,1184.7568359375,3880.80590820313
2926,15.1966743469238,19.1196403503418,11.0324935913086,733.900939941406,1840.7060546875,1456.42370605469,49.794017791748,1129.1162109375,3929.89111328125
2928,16.6887855529785,39.016960144043,14.9931392669678,785.127563476563,1925.61901855469,1352.83508300781,-11.3045015335083,1176.01513671875,3936.44458007813
2930,40.8822555541992,41.6499214172363,21.927583694458,744.309265136719,1901.7021484375,1284.078125,-51.5128211975098,1189.09289550781,3795.4013671875
2932,31.9574184417725,22.8851795196533,8.26641845703125,640.34716796875,1830.23608398438,1187.85534667969,5.70172739028931,1206.60473632813,3750.220703125
2934,22.246150970459,3.35287499427795,27.4877986907959,677.992858886719,1875.966796875,1089.62023925781,34.1053047180176,1047.76489257813,3768.1416015625
2936,11.528341293335,0.325270235538483,22.6576766967773,684.35791015625,1830.36120605469,1125.99755859375,-24.9151973724365,955.433471679688,3768.55712890625
2938,8.86381244659424,-9.32867527008057,17.2180194854736,503.606231689453,1721.53271484375,988.905090332031,-113.788917541504,986.890869140625,3625.32446289063
2940,5.27360868453979,-20.1733150482178,20.1221961975098,434.973785400391,1587.80627441406,788.267456054688,-11.0734558105469,1105.90209960938,3561.22924804688
2942,3.06166219711304,9.75035667419434,18.8043327331543,374.118255615234,1578.57958984375,726.233703613281,72.3551254272461,928.962524414063,3405.4375
2944,0.889126598834991,15.0082664489746,27.7364368438721,426.651031494141,1607.21716308594,668.855834960938,-13.9865016937256,823.309387207031,3214.3095703125
2946,18.58327293396,17.1660385131836,24.3725128173828,349.213531494141,1730.33068847656,678.919616699219,-92.5432510375977,647.618408203125,3024.35473632813
2948,10.1205263137817,-14.2635221481323,15.381290435791,361.805877685547,1594.31567382813,770.208374023438,54.7970848083496,610.581604003906,2978.47290039063
2950,19.7830410003662,-2.39109468460083,13.6583404541016,344.324096679688,1371.59716796875,814.880798339844,-205.966934204102,774.633056640625,3051.869140625
2952,40.0779800415039,-8.0022554397583,8.61680603027344,354.164459228516,1452.61828613281,660.333557128906,-248.295211791992,718.815979003906,2953.88916015625
2954,11.1099824905396,8.3873462677002,19.3268890380859,39.6154708862305,1510.94860839844,703.462585449219,-324.766296386719,757.530639648438,2921.09106445313
2956,14.1992254257202,38.3831214904785,4.05182218551636,46.8586235046387,1367.732421875,631.476013183594,-146.661865234375,609.525146484375,2780.34252929688
2958,-6.80487489700317,7.07764339447021,7.30829572677612,189.66081237793,1136.31823730469,523.796936035156,-380.810577392578,710.605041503906,2704.56982421875
2960,-7.27191162109375,-13.7001924514771,34.9828414916992,324.594512939453,1067.005859375,551.280944824219,129.729568481445,778.965515136719,2676.38452148438
2962,1.75805282592773,-11.8942556381226,44.7990531921387,162.001983642578,1163.81079101563,370.499786376953,34.1084518432617,1000.12353515625,2468.64282226563
2964,10.9144639968872,-31.9630947113037,47.5876121520996,199.96501159668,1238.67749023438,236.656585693359,-120.122650146484,972.707214355469,2326.58178710938
2966,26.8113555908203,-3.17318105697632,43.5074348449707,269.538787841797,1228.94543457031,205.350799560547,-356.386016845703,661.3037109375,2094.44091796875
2968,10.3254251480103,19.4793224334717,14.4773063659668,-58.4400901794434,996.55224609375,210.796401977539,-24.1322917938232,423.309356689453,2004.93603515625
2970,23.6867561340332,39.0388145446777,39.2208595275879,101.276489257813,784.114318847656,247.373794555664,-631.111572265625,302.756927490234,1823.9873046875
2972,12.8312873840332,26.7656784057617,32.6917266845703,-181.129058837891,925.554504394531,276.061706542969,2.30289006233215,494.223724365234,1494.26953125
2974,-9.26405906677246,27.7458076477051,17.7740650177002,-174.256607055664,778.4951171875,103.94075012207,-667.329895019531,431.061340332031,1165.84558105469
2976,31.0189819335938,6.89760684967041,42.8752021789551,31.5806312561035,254.601776123047,2.02347874641418,-745.326354980469,625.164733886719,1288.43212890625
2978,47.3549919128418,42.8401145935059,51.6110305786133,-149.086273193359,109.497718811035,409.429016113281,-833.255310058594,189.576889038086,1382.54467773438
2980,60.4758491516113,-25.2997913360596,56.0175971984863,-314.203002929688,235.364776611328,317.720336914063,-601.813293457031,136.223129272461,1060.84252929688
2982,3.20850133895874,71.2471771240234,-33.5608711242676,-257.725738525391,69.2909851074219,-507.460998535156,-779.587768554688,-77.0386352539063,584.385925292969
2984,-34.1009140014648,99.299934387207,54.3046875,-51.1762962341309,-119.895202636719,237.898178100586,-1441.92529296875,336.042236328125,150.720794677734
2986,-11.4890365600586,21.809534072876,71.637077331543,72.7395858764648,-239.790954589844,638.841430664063,-1400.21838378906,940.275268554688,-60.9457321166992
2988,-64.4681777954102,-42.2813415527344,137.368927001953,142.801391601563,-104.56623840332,74.059326171875,747.730529785156,348.124725341797,236.770965576172
2990,-118.39575958252,-55.2515602111816,179.099639892578,190.66780090332,-259.185424804688,445.276458740234,881.257690429688,-555.973266601563,-839.185424804688
2992,22.2471389770508,-27.4424991607666,196.52116394043,-1053.94152832031,-239.477615356445,124.496696472168,-2164.89331054688,411.317810058594,-281.951629638672
2994,-168.059616088867,66.2698974609375,265.265686035156,-1592.52331542969,670.728149414063,35.1448059082031,-3634.2197265625,397.537414550781,-903.843322753906
2996,82.9330291748047,-70.0894012451172,11.2688779830933,-1813.41723632813,2018.33605957031,1362.82373046875,1019.02697753906,108.456703186035,-387.996002197266
2998,-45.4453468322754,414.384643554688,243.820404052734,-516.286376953125,1038.67431640625,-362.881652832031,728.328857421875,206.056488037109,-408.298919677734
