X value [cm⁻¹],IR Spectrum 1/OPTIR (mV) [],IR Spectrum 2/OPTIR (mV) [],IR Spectrum 3/OPTIR (mV) [],IR Spectrum 4/OPTIR (mV) [],IR Spectrum 5/OPTIR (mV) [],IR Spectrum 6/OPTIR (mV) [],IR Spectrum 7/OPTIR (mV) [],IR Spectrum 8/OPTIR (mV) [],IR Spectrum 9/OPTIR (mV) []
940,18.7667789459229,-11.7927389144897,7.94824123382568,11.8280258178711,23.026439666748,5.93332290649414,-1.56641554832458,29.6162300109863,25.7127799987793
942,-10.3391628265381,-8.36734485626221,12.7142419815063,7.73465394973755,18.0870933532715,46.9697113037109,0.3884437084198,13.727518081665,50.0300064086914
944,5.79619026184082,-1.06533873081207,4.32386779785156,24.1048107147217,6.54442930221558,43.6050605773926,-0.328453540802002,13.1832218170166,52.5927505493164
946,14.2115879058838,-7.31902408599854,4.63386154174805,8.85212516784668,-1.24665093421936,62.5990524291992,6.56703090667725,52.8814506530762,49.216064453125
948,18.5110359191895,-0.546833992004395,4.00278043746948,-8.52689552307129,27.6343746185303,64.8195953369141,14.9066410064697,63.2213172912598,64.2139358520508
950,11.5140151977539,-1.0989738702774,9.4559211730957,-12.0691165924072,33.4492568969727,60.5715026855469,23.3380699157715,48.8116722106934,50.8870849609375
952,25.6434707641602,6.87279796600342,6.60379886627197,-8.1289234161377,36.7618675231934,51.0480003356934,12.7886056900024,34.4769477844238,51.5489807128906
954,26.0068206787109,6.8235330581665,-0.0372348055243492,5.27033662796021,48.1704254150391,56.7122993469238,6.18120861053467,33.5050926208496,49.6363830566406
956,24.1357879638672,8.82527732849121,4.30040550231934,3.06614565849304,51.190071105957,47.5029106140137,11.3527059555054,45.8592071533203,46.6663208007813
958,11.5397024154663,14.858247756958,11.0903701782227,-1.77939248085022,46.2674255371094,58.9852447509766,16.6070041656494,31.3526153564453,59.8750495910645
960,16.2437419891357,24.9629669189453,11.9424524307251,1.16224110126495,43.3863639831543,66.177116394043,15.8544254302979,29.6542720794678,67.436408996582
962,21.3004894256592,36.7930183410645,11.259747505188,2.08556580543518,42.8590316772461,69.412109375,18.2044734954834,36.9318809509277,77.5156173706055
964,23.919225692749,46.789608001709,17.9070587158203,-2.77320003509521,46.5077362060547,74.330078125,22.4637603759766,40.2962379455566,89.8821640014648
966,30.2146759033203,48.5180587768555,16.1855735778809,-3.19009494781494,52.0190391540527,68.124626159668,18.9334526062012,31.8729629516602,100.602165222168
968,31.9014587402344,57.771427154541,16.1112766265869,-0.740209579467773,52.5470771789551,66.3615646362305,21.6060619354248,24.3958320617676,103.422142028809
970,32.4478302001953,70.4541625976563,14.9854068756104,1.12275099754333,63.092342376709,59.0938949584961,24.9994316101074,21.3235473632813,106.160804748535
972,31.2066307067871,89.7027587890625,20.0858097076416,-3.60633325576782,66.192741394043,60.4602851867676,30.7168216705322,22.1132850646973,111.429779052734
974,25.8802928924561,95.7072067260742,19.2817859649658,1.38614046573639,67.0199279785156,68.8003005981445,34.1351852416992,19.912073135376,110.201171875
976,27.2203922271729,93.3942031860352,18.7675285339355,4.8833327293396,69.0320129394531,70.3602600097656,33.267162322998,18.7529411315918,112.798515319824
978,26.1487693786621,92.4259033203125,23.7454929351807,6.54417276382446,73.0980224609375,70.1722717285156,35.2749862670898,17.0667114257813,116.020645141602
980,24.2643451690674,89.0712585449219,23.7540550231934,11.1961889266968,75.5879287719727,68.2268676757813,36.6332206726074,13.9722709655762,124.965446472168
982,26.7371006011963,87.6552963256836,24.337818145752,14.921275138855,77.6273193359375,66.0616607666016,34.5880393981934,10.2047748565674,127.078842163086
984,28.5702972412109,83.1317672729492,23.8880672454834,17.8879222869873,78.2530670166016,61.8763618469238,33.5505142211914,1.66696429252625,122.354835510254
986,33.5948715209961,80.6408615112305,25.2266864776611,15.1797513961792,77.4326248168945,59.4755706787109,34.4310646057129,1.31516218185425,121.845054626465
988,31.9332408905029,80.6200637817383,29.4865169525146,18.9585304260254,81.196159362793,57.9489669799805,37.0211639404297,3.58465981483459,125.292724609375
990,31.5796909332275,76.2909088134766,30.4069156646729,21.8811664581299,85.3862915039063,56.8594627380371,45.1879692077637,4.50977325439453,125.954925537109
992,32.927734375,70.0848159790039,30.872106552124,20.3157730102539,88.5859603881836,56.0302658081055,53.0595207214355,0.405477464199066,126.148124694824
994,36.4304733276367,65.1109619140625,28.977331161499,22.8468589782715,87.9294891357422,50.7798194885254,54.5958518981934,8.05562591552734,131.019226074219
996,41.8515815734863,58.2761688232422,29.4994316101074,26.2037868499756,90.6192321777344,46.0916900634766,57.6985321044922,13.5574398040771,132.559265136719
998,46.9745330810547,54.5566711425781,30.3908710479736,27.6445045471191,95.0842742919922,43.3067474365234,62.3712844848633,18.2643814086914,129.249923706055
1000,50.9016914367676,49.0196266174316,31.3579978942871,30.0638294219971,98.5254440307617,39.3326225280762,67.0090789794922,26.6611976623535,131.524200439453
1002,55.4203834533691,45.1092109680176,33.4536819458008,33.718864440918,104.150291442871,40.1362457275391,70.0434265136719,33.345344543457,128.918411254883
1004,57.7133903503418,42.6137542724609,34.1712455749512,37.3972702026367,109.858543395996,33.8833961486816,77.035774230957,40.6320114135742,131.096054077148
1006,62.8522987365723,40.9066200256348,34.1371459960938,41.6616020202637,114.237037658691,26.8759937286377,82.8385391235352,48.3104286193848,132.930191040039
1008,73.8025283813477,42.2742462158203,34.926212310791,43.8439598083496,122.33487701416,24.9389400482178,89.0700988769531,55.862117767334,135.342056274414
1010,85.5574722290039,42.5690269470215,36.5385131835938,46.3033065795898,131.411544799805,18.1415710449219,93.3950119018555,65.228645324707,132.88102722168
1012,96.2128448486328,47.0047073364258,36.9370460510254,50.1144104003906,138.881362915039,19.6595630645752,100.362495422363,73.3684921264648,130.330184936523
1014,104.689674377441,49.8146209716797,36.7832870483398,53.0588531494141,149.914108276367,23.666015625,106.753105163574,83.3738403320313,137.080780029297
1016,109.857078552246,55.3271369934082,37.0052490234375,56.626033782959,159.675811767578,28.343090057373,113.01611328125,96.0224227905273,141.795959472656
1018,117.313385009766,63.5115852355957,35.8032836914063,58.5738716125488,166.628860473633,35.2185211181641,121.05534362793,102.386665344238,147.330123901367
1020,125.24772644043,66.899299621582,35.0333824157715,60.1511764526367,175.736206054688,38.1609344482422,122.100685119629,108.768272399902,155.159149169922
1022,129.71435546875,72.1217346191406,36.5838470458984,64.6786346435547,186.000915527344,46.256046295166,125.316360473633,116.383247375488,160.369873046875
1024,135.793655395508,77.2562255859375,35.931022644043,68.5826034545898,193.956451416016,54.940299987793,125.432723999023,123.298065185547,168.341766357422
1026,145.919662475586,81.7846832275391,35.5713653564453,69.1513214111328,201.947509765625,62.7934761047363,126.034729003906,131.179565429688,176.815933227539
1028,152.554046630859,86.6152877807617,35.9194221496582,68.733268737793,209.636764526367,76.0056457519531,130.115203857422,141.31103515625,181.766738891602
1030,159.428939819336,92.6733703613281,36.8411712646484,69.0039978027344,216.550247192383,88.1048736572266,130.588256835938,149.230499267578,184.579238891602
1032,164.223266601563,99.6054306030273,36.9459800720215,69.216438293457,223.806610107422,99.2227249145508,132.559020996094,155.036315917969,188.540237426758
1034,166.429672241211,101.22208404541,38.603816986084,69.0954513549805,228.794555664063,106.157249450684,133.045608520508,159.945648193359,189.296081542969
1036,173.085876464844,103.47827911377,40.1219520568848,66.5971145629883,236.774200439453,114.606727600098,135.499877929688,165.650848388672,190.901382446289
1038,178.720611572266,111.276023864746,42.0176277160645,66.3914642333984,243.284774780273,126.468376159668,136.604309082031,170.1689453125,192.354141235352
1040,183.120361328125,116.430290222168,42.1739692687988,62.5468559265137,241.716598510742,129.447708129883,138.238342285156,173.577301025391,186.995971679688
1042,183.452896118164,114.960578918457,42.1757926940918,56.0342445373535,240.806869506836,130.128204345703,139.391418457031,174.138046264648,181.24040222168
1044,187.642822265625,116.919273376465,43.826042175293,51.1645240783691,243.810806274414,131.280075073242,138.724731445313,172.137832641602,179.786148071289
1046,187.671875,118.836608886719,45.8999557495117,48.6723747253418,245.226211547852,133.839736938477,138.164810180664,171.253646850586,176.222106933594
1048,185.758087158203,117.24787902832,45.1498031616211,47.1479072570801,248.210083007813,129.980010986328,136.316589355469,165.662368774414,171.698883056641
1050,179.971557617188,114.687545776367,39.9519577026367,43.3684158325195,249.081390380859,122.200729370117,132.988342285156,158.319458007813,168.453231811523
1052,170.211090087891,111.619720458984,38.374828338623,40.1763801574707,248.86457824707,115.646621704102,128.428070068359,152.069717407227,159.373641967773
1054,160.665328979492,106.625274658203,38.2909927368164,37.868350982666,249.543640136719,107.794662475586,123.969017028809,145.738235473633,148.105102539063
1056,151.463134765625,100.282516479492,38.6838912963867,34.2134170532227,252.35026550293,100.050758361816,120.337539672852,140.558380126953,142.711822509766
1058,138.638122558594,96.4135360717773,40.5203170776367,34.2771148681641,254.925338745117,96.9605026245117,120.356216430664,138.490631103516,141.558868408203
1060,125.785995483398,95.8733367919922,40.4739036560059,36.080883026123,258.367218017578,95.4834442138672,119.530311584473,136.647201538086,138.192138671875
1062,116.136817932129,95.6625442504883,41.6606140136719,37.344066619873,261.398193359375,96.1802978515625,120.082656860352,136.645614624023,134.05583190918
1064,107.95491027832,98.4589157104492,43.903751373291,36.6806564331055,263.16650390625,99.224479675293,121.535568237305,138.654174804688,127.834251403809
1066,101.046768188477,103.089660644531,44.5935020446777,33.2831382751465,260.940582275391,98.3633422851563,121.343269348145,145.193206787109,122.047233581543
1068,98.1408767700195,108.784156799316,47.6188888549805,34.1265830993652,259.622375488281,104.855094909668,125.07071685791,152.168762207031,123.107269287109
1070,95.1904067993164,114.496490478516,48.1152992248535,33.9945297241211,254.527984619141,108.286148071289,127.859825134277,162.335189819336,119.097213745117
1072,91.1444549560547,120.676177978516,49.9671058654785,33.4598541259766,247.824569702148,109.006309509277,131.859008789063,167.967575073242,115.890907287598
1074,88.2355270385742,125.141571044922,53.4901962280273,32.3041458129883,239.511611938477,115.303810119629,136.455093383789,170.363662719727,111.927696228027
1076,85.5723190307617,124.808753967285,55.5099716186523,32.9978790283203,229.153594970703,118.11107635498,137.230133056641,172.879013061523,107.326049804688
1078,85.1182250976563,123.037910461426,56.3615264892578,34.110107421875,217.613082885742,119.324981689453,141.350662231445,175.772109985352,103.229232788086
1080,82.6303405761719,122.337738037109,57.5400543212891,36.6291542053223,203.681243896484,117.357383728027,143.594665527344,174.392196655273,101.10865020752
1082,79.9403457641602,121.488693237305,57.7445259094238,38.4782524108887,188.448959350586,113.226783752441,144.274154663086,170.943176269531,99.7321853637695
1084,77.6675415039063,120.67879486084,58.1936569213867,36.5801811218262,175.043334960938,108.622184753418,142.818771362305,166.182266235352,96.1039276123047
1086,76.2409820556641,118.082550048828,59.8313026428223,36.8150787353516,161.6875,105.1923828125,142.6162109375,161.177139282227,95.2532806396484
1088,74.305778503418,115.654632568359,61.5949516296387,34.694580078125,149.708892822266,105.739753723145,142.569046020508,158.576522827148,93.2670440673828
1090,73.4404373168945,115.497032165527,66.0000305175781,32.3120269775391,142.13996887207,107.119407653809,143.566482543945,153.642166137695,89.4262542724609
1092,72.9651947021484,114.384063720703,65.0442657470703,30.7535457611084,136.828079223633,108.072853088379,144.366683959961,148.13786315918,89.217658996582
1094,71.8305892944336,112.176979064941,61.5321197509766,32.2355575561523,130.420883178711,107.017852783203,144.160217285156,143.57096862793,89.5851821899414
1096,70.0327453613281,109.931228637695,57.160888671875,33.414119720459,125.594627380371,104.884872436523,144.740234375,139.226150512695,90.2560729980469
1098,69.321403503418,109.187698364258,52.0011329650879,31.3359813690186,120.825592041016,102.542587280273,144.710021972656,134.792907714844,89.2564849853516
1100,67.8305816650391,110.485816955566,47.2295722961426,28.7917137145996,117.734344482422,104.504936218262,143.999771118164,132.786560058594,86.627799987793
1102,66.5198974609375,112.376182556152,42.7009010314941,28.9337730407715,117.685203552246,106.956718444824,146.999923706055,133.842910766602,86.8141632080078
1104,66.4782791137695,110.956619262695,37.5472412109375,26.6075115203857,114.642051696777,107.902778625488,149.268020629883,131.257888793945,84.6907653808594
1106,67.5735168457031,110.221351623535,34.4481658935547,25.3085403442383,111.979690551758,109.642875671387,148.994476318359,129.252136230469,82.748908996582
1108,65.8357925415039,110.713043212891,31.2225246429443,22.7660179138184,110.430397033691,110.145248413086,147.837677001953,128.125244140625,81.0789413452148
1110,66.1038208007813,111.273941040039,27.040376663208,20.8872909545898,108.17894744873,110.415573120117,147.983337402344,127.69367980957,79.9905319213867
1112,67.1872177124023,111.659576416016,25.8530197143555,19.2706851959229,104.705902099609,115.082717895508,151.859893798828,126.232276916504,78.9899139404297
1114,67.0240249633789,111.507011413574,26.0008850097656,17.6577835083008,99.4798431396484,115.041244506836,154.620162963867,126.362480163574,75.5918960571289
1116,63.5095176696777,111.612945556641,27.705846786499,17.3358306884766,94.4225463867188,111.896476745605,156.894332885742,123.757507324219,73.1166305541992
1118,62.6946334838867,114.28800201416,28.8259696960449,17.9361705780029,91.2008361816406,110.401359558105,159.431716918945,116.826095581055,73.0838088989258
1120,62.1996002197266,116.665649414063,28.7090663909912,17.146448135376,89.6884078979492,109.681663513184,160.34489440918,111.508735656738,72.8291702270508
1122,60.560131072998,118.969573974609,28.8295707702637,14.3890056610107,86.5722427368164,108.260009765625,159.834197998047,109.225379943848,73.8364868164063
1124,56.4030075073242,118.505393981934,29.5286140441895,12.9789218902588,85.302490234375,109.691650390625,159.954132080078,106.955215454102,72.2954025268555
1126,53.1786003112793,122.485359191895,28.5329360961914,12.7870674133301,83.6115341186523,107.566703796387,159.218154907227,103.340141296387,70.0990524291992
1128,54.6246948242188,125.073532104492,27.2656345367432,11.6327829360962,79.22265625,108.255683898926,159.460784912109,99.5127029418945,70.5786285400391
1130,55.8119735717773,124.386672973633,26.9146022796631,9.51752090454102,77.6018829345703,107.264381408691,159.768081665039,92.5672760009766,68.6031951904297
1132,54.5233688354492,126.477226257324,26.7531337738037,9.46657943725586,73.2440795898438,107.759620666504,162.319152832031,88.3080062866211,66.1951675415039
1134,53.1629447937012,125.276908874512,27.2837429046631,8.35136890411377,71.1226959228516,110.076301574707,161.62255859375,84.9325790405273,65.5836944580078
1136,52.6169509887695,125.101028442383,26.4547061920166,8.31152820587158,67.5155487060547,110.770881652832,165.604064941406,83.5070724487305,65.7867050170898
1138,51.4739608764648,124.26887512207,25.2599754333496,7.56863212585449,65.4559173583984,108.418823242188,165.924453735352,76.9071426391602,65.7010345458984
1140,51.7660140991211,120.825172424316,24.0828304290771,8.35051918029785,63.2608261108398,106.230316162109,168.473846435547,72.9609680175781,63.4477844238281
1142,52.0300216674805,119.082489013672,25.1002368927002,7.7468786239624,60.5209655761719,108.056175231934,169.961349487305,70.8467178344727,62.723747253418
1144,49.8063735961914,118.559906005859,24.9729118347168,9.014573097229,59.6295280456543,108.159385681152,171.909713745117,67.9638442993164,62.6496543884277
1146,48.4769973754883,118.757820129395,24.7649040222168,9.91014957427979,60.987190246582,108.01350402832,173.963500976563,65.757942199707,62.818473815918
1148,49.5328178405762,117.935577392578,23.5113277435303,8.39631080627441,60.9426956176758,110.850341796875,174.190902709961,66.4349670410156,63.6922492980957
1150,52.2091293334961,116.819725036621,23.11399269104,6.15933752059937,57.9896507263184,111.326446533203,174.771270751953,66.5720520019531,60.2041397094727
1152,53.6330413818359,116.842178344727,22.8660545349121,6.42891311645508,57.8228645324707,112.862648010254,179.102890014648,66.4296188354492,59.293155670166
1154,55.1056175231934,117.776336669922,25.3879623413086,6.6731014251709,56.3978309631348,116.948570251465,189.627090454102,71.2101287841797,61.0896682739258
1156,55.2771987915039,120.710479736328,29.118465423584,7.06920051574707,57.3310546875,123.505889892578,203.311370849609,73.1973266601563,63.0612411499023
1158,57.2194213867188,119.401748657227,30.8625469207764,5.2226414680481,56.309627532959,125.31388092041,213.933181762695,66.6186676025391,65.2307434082031
1160,58.303352355957,115.46484375,29.9006175994873,3.74750828742981,56.4819259643555,126.32364654541,216.387588500977,64.190544128418,66.6752014160156
1162,57.187614440918,114.894004821777,33.1628494262695,2.20169830322266,54.9669609069824,124.193000793457,222.087448120117,63.3606224060059,67.5599822998047
1164,55.595458984375,117.999816894531,32.7158813476563,3.65157318115234,52.3820037841797,123.068382263184,227.715484619141,63.5897827148438,65.4507751464844
1166,53.4227027893066,116.376800537109,32.3604278564453,4.89238739013672,51.3110580444336,127.554351806641,233.103744506836,65.855583190918,63.3582878112793
1168,54.1353034973145,117.192001342773,32.9234008789063,4.17374324798584,52.3720626831055,120.431167602539,237.935394287109,67.9748687744141,62.1517181396484
1170,51.757568359375,114.499656677246,33.5425605773926,3.71406626701355,53.715274810791,118.541160583496,239.782470703125,63.2921409606934,63.0940361022949
1172,46.3543815612793,111.392906188965,32.7189407348633,0.774367928504944,51.1829986572266,121.191139221191,242.974029541016,58.1096839904785,64.1527252197266
1174,44.5514450073242,109.694053649902,32.1105842590332,1.03632497787476,50.6525192260742,120.297225952148,249.922500610352,58.8867683410645,64.9532623291016
1176,41.5751075744629,101.819427490234,32.0749320983887,0.484689682722092,50.7121467590332,113.88370513916,250.441879272461,54.9464530944824,64.0660629272461
1178,41.6550636291504,96.2387390136719,31.4138450622559,-0.59371954202652,54.5835723876953,115.934112548828,255.0087890625,55.1939811706543,57.9756698608398
1180,39.2794876098633,90.968620300293,34.5551261901855,0.492384999990463,57.7696495056152,114.301231384277,254.272155761719,53.6537933349609,51.3050842285156
1182,38.4980354309082,85.0076522827148,34.0215682983398,-1.28443884849548,55.129638671875,113.237098693848,253.245941162109,51.6660079956055,47.6957740783691
1184,36.8000335693359,88.3516311645508,33.9003829956055,-4.53573131561279,54.132625579834,111.571884155273,258.968902587891,45.6901817321777,52.0334587097168
1186,33.5241546630859,84.67529296875,34.3793258666992,-1.40070879459381,55.72509765625,105.282318115234,261.731048583984,37.9358520507813,51.5916976928711
1188,33.767749786377,78.6991195678711,35.9417953491211,2.41953015327454,60.7515182495117,103.760635375977,259.199096679688,35.1710357666016,49.2103576660156
1190,35.4622611999512,81.7231369018555,33.6406593322754,0.161416471004486,61.4674453735352,108.081420898438,266.072967529297,45.1530227661133,51.7605094909668
1192,36.662223815918,91.0915298461914,31.4939289093018,-6.26111841201782,60.2395553588867,108.287384033203,282.487915039063,50.7631568908691,56.653736114502
1194,41.7819442749023,102.410552978516,32.8673210144043,-4.09314823150635,62.439151763916,106.682334899902,290.251647949219,43.8205223083496,60.3581275939941
1196,45.652530670166,102.044616699219,30.1739921569824,-1.76845741271973,65.8007354736328,102.267349243164,280.445129394531,40.1851654052734,63.1515884399414
1198,44.3608741760254,111.090461730957,27.5073699951172,-2.44077467918396,68.0837173461914,99.8588943481445,270.453216552734,35.5346374511719,63.6631507873535
1200,39.2523193359375,120.223304748535,28.4802780151367,-1.42402565479279,71.3222808837891,108.309959411621,278.481842041016,32.0405235290527,62.1269264221191
1202,34.5248680114746,113.015625,27.051908493042,-1.85088586807251,70.8470764160156,111.462615966797,261.756408691406,23.6123390197754,59.5236663818359
1204,34.3997116088867,99.620719909668,21.0973091125488,0.354339599609375,64.9339370727539,102.998352050781,251.611587524414,22.4871215820313,59.1733322143555
1206,29.284740447998,83.8790588378906,15.0297212600708,3.62863612174988,55.216178894043,97.1630401611328,247.219924926758,25.1203594207764,54.5468368530273
1208,28.4777851104736,87.0684127807617,9.95089530944824,-4.11310768127441,46.7463836669922,89.2334442138672,234.704238891602,8.78488254547119,50.941822052002
1210,17.3747825622559,86.8021392822266,15.0100345611572,-4.90891456604004,49.1760063171387,93.0352325439453,225.332672119141,1.23327660560608,52.8188858032227
1212,14.763861656189,75.2503280639648,11.9072418212891,-3.59097051620483,45.3512496948242,73.8235778808594,224.11637878418,1.06683683395386,52.2617073059082
1214,11.7619857788086,61.9687805175781,8.33984565734863,-2.07568216323853,40.9537925720215,51.735237121582,222.718002319336,0.875475525856018,51.6211013793945
1216,8.27424430847168,46.5375556945801,4.19505071640015,-0.315137267112732,35.8445854187012,26.0718040466309,221.09326171875,0.653140425682068,50.8768043518066
1218,1.95665574073792,37.3444976806641,0.825334966182709,-9.23720264434814,39.0366897583008,15.0594711303711,235.925323486328,0.0302909668534994,54.3067817687988
1220,7.93137168884277,21.0781326293945,7.31814289093018,-12.3744916915894,36.6968574523926,29.4567966461182,241.611145019531,-1.04691076278687,44.7133674621582
1222,26.6937561035156,27.8190498352051,6.10885000228882,-8.90395259857178,39.6252326965332,38.5964660644531,261.743377685547,4.63528537750244,35.2740249633789
1224,26.3426971435547,36.6169052124023,5.95949125289917,-4.47626399993896,26.6147975921631,45.9262313842773,266.962890625,10.0889377593994,41.8826866149902
1226,22.4464473724365,29.6289215087891,-0.215872287750244,-1.61032915115356,28.8924388885498,21.3727569580078,263.396484375,8.01210689544678,37.1841087341309
1228,15.8264560699463,18.5495929718018,2.75655174255371,-0.123897716403008,32.7754325866699,38.0037689208984,243.840515136719,-16.9949493408203,38.9245796203613
1230,9.13640117645264,26.7074489593506,0.635119140148163,6.3983268737793,38.908561706543,53.406494140625,265.478637695313,-3.79225397109985,43.9777755737305
1232,15.2611808776855,36.2470779418945,1.39792311191559,5.54439401626587,44.242992401123,42.3461494445801,283.858001708984,-4.09814119338989,35.1788558959961
1234,15.2645263671875,34.6557579040527,3.61993384361267,-15.5843868255615,45.7487335205078,47.4088516235352,279.276123046875,18.4183158874512,47.047981262207
1236,3.2690269947052,31.6117496490479,5.95695781707764,3.88682866096497,44.3429946899414,27.0457935333252,297.021820068359,16.668981552124,35.6656112670898
1238,15.049674987793,35.1788063049316,6.20982217788696,-4.89672231674194,37.9328308105469,36.1924133300781,323.972015380859,28.6305484771729,35.2095756530762
1240,27.4678649902344,39.3788452148438,14.7777967453003,3.00048923492432,49.2716636657715,39.1985168457031,329.142700195313,5.15949106216431,35.0619773864746
1242,25.8081092834473,33.3983917236328,12.4203786849976,3.85538744926453,46.1978416442871,23.0339431762695,324.913909912109,5.45952606201172,33.7046356201172
1244,27.0755519866943,25.3871269226074,18.5242042541504,3.45716524124146,41.5646286010742,41.9396362304688,325.046905517578,3.74031758308411,35.868824005127
1246,34.2316741943359,35.0521202087402,13.5673685073853,2.61136341094971,29.646312713623,53.1775398254395,308.428863525391,2.12071871757507,34.8513145446777
1248,29.1380157470703,38.9574317932129,5.60992527008057,5.04549741744995,35.1562385559082,46.0888633728027,294.876281738281,-7.83229875564575,42.6120719909668
1250,30.6371555328369,45.4104080200195,14.1869850158691,-2.38682293891907,39.2268409729004,41.9596710205078,305.805114746094,-7.16982507705688,47.5812034606934
1252,27.5517139434814,49.7492065429688,25.5779418945313,-2.27871608734131,42.1416397094727,50.688835144043,310.484069824219,0.973425328731537,57.2026519775391
1254,30.5588111877441,54.938404083252,22.8892593383789,-3.50539779663086,39.1554832458496,52.3904151916504,297.078216552734,2.7819664478302,56.549243927002
1256,32.4107818603516,55.3295783996582,21.4542331695557,-2.29225468635559,36.6357269287109,56.8689842224121,293.011138916016,2.03358864784241,51.836368560791
1258,29.646556854248,58.9366073608398,20.7705764770508,0.528987109661102,37.5738906860352,53.7288246154785,289.754760742188,0.82977968454361,51.6917304992676
1260,31.6453533172607,63.9175987243652,20.0846824645996,0.381439685821533,38.0311470031738,56.4723892211914,281.799926757813,3.50293493270874,50.7201919555664
1262,32.1703948974609,65.9789733886719,20.749210357666,-1.8898983001709,37.0490341186523,59.1225662231445,277.927154541016,2.58699250221252,48.4832344055176
1264,30.0141582489014,70.6227874755859,23.9794864654541,0.10982533544302,41.061393737793,55.6679496765137,274.219573974609,6.05393838882446,45.5722465515137
1266,33.3670043945313,73.6069030761719,20.7966403961182,0.546140253543854,37.9477348327637,60.5484161376953,268.880737304688,7.70007467269897,49.0628662109375
1268,33.7200736999512,75.8894271850586,18.8274745941162,3.24762010574341,38.2186813354492,64.4146270751953,256.673431396484,4.60689544677734,48.0389060974121
1270,33.5825576782227,75.8957748413086,19.1526012420654,4.48536109924316,42.6327667236328,62.9701805114746,249.851409912109,1.6009726524353,49.1604118347168
1272,31.5306606292725,79.304443359375,19.5391426086426,2.49835920333862,44.4717559814453,66.8305816650391,246.897003173828,6.26970624923706,52.4783554077148
1274,29.9106616973877,80.6353530883789,17.5473651885986,1.28586637973785,41.8184661865234,71.7595062255859,241.915786743164,12.8860502243042,51.7433242797852
1276,30.395565032959,78.025032043457,18.1317119598389,0.410384833812714,39.4111175537109,76.3363723754883,234.21989440918,15.2192983627319,49.9735527038574
1278,30.5718288421631,78.9394912719727,16.861608505249,0.6845463514328,38.6458702087402,79.7393188476563,231.150436401367,15.7162590026855,50.0849189758301
1280,31.6789207458496,83.3264465332031,17.8781929016113,4.05393600463867,38.7086181640625,78.4135208129883,228.557342529297,15.1974096298218,49.5008773803711
1282,31.7042922973633,83.0513610839844,17.5287990570068,3.42121505737305,38.8276672363281,80.8366546630859,226.649398803711,14.8077917098999,51.9969902038574
1284,32.2302474975586,79.4165191650391,16.9066123962402,2.45555257797241,39.3262100219727,83.2700881958008,222.978073120117,15.8999729156494,54.432918548584
1286,31.9652347564697,78.0839614868164,18.9711971282959,3.27849197387695,39.1229057312012,79.7782440185547,221.194458007813,15.9873647689819,51.3688201904297
1288,33.798885345459,79.979133605957,19.6340217590332,5.50350666046143,39.056282043457,80.763427734375,223.835021972656,18.1938457489014,49.9208488464355
1290,36.9523735046387,78.9643478393555,20.4958229064941,5.95748376846313,42.0803604125977,80.9414978027344,221.858428955078,22.9351463317871,54.0205192565918
1292,38.7709503173828,81.1697540283203,19.7002067565918,3.01395606994629,44.6674194335938,82.7518310546875,225.042343139648,27.5324954986572,57.7006874084473
1294,38.63330078125,84.5176620483398,20.0344696044922,3.35592579841614,44.2087020874023,83.0755844116211,220.930648803711,30.960807800293,60.6443824768066
1296,40.7925567626953,88.6116180419922,22.9095020294189,2.99661326408386,44.0339698791504,83.4596786499023,215.604217529297,33.6896743774414,62.5303497314453
1298,43.8701515197754,92.5716323852539,23.9390621185303,2.80548739433289,44.222900390625,88.0534439086914,225.331085205078,37.2054672241211,64.3744659423828
1300,45.0389938354492,98.3044204711914,25.365083694458,1.37560367584229,47.2756690979004,94.0614318847656,227.844680786133,42.662525177002,66.8070220947266
1302,41.7605438232422,104.658432006836,26.4435291290283,3.60689258575439,49.1409950256348,97.3175048828125,225.916290283203,47.8512573242188,70.315055847168
1304,39.9370651245117,112.397666931152,26.6266689300537,4.24588918685913,50.1217765808105,97.2626419067383,227.364822387695,51.4148445129395,72.1586532592773
1306,40.1117134094238,116.942367553711,26.4130954742432,4.89542961120605,51.5011787414551,98.8777160644531,229.597640991211,53.0116920471191,72.2083358764648
1308,41.6962509155273,118.583564758301,26.801420211792,5.50307703018188,52.9002265930176,99.5534439086914,228.573669433594,56.9115371704102,71.4195022583008
1310,42.7668304443359,119.855842590332,28.0161476135254,4.15512847900391,53.322681427002,100.420875549316,226.025039672852,60.2812461853027,72.8895263671875
1312,41.4938087463379,118.920082092285,27.9448013305664,3.16194462776184,53.0615692138672,99.8993301391602,223.280136108398,58.754337310791,73.5289764404297
1314,41.6866760253906,115.862174987793,28.5948390960693,3.17636108398438,53.7501068115234,103.630477905273,221.903472900391,61.7699432373047,71.3131866455078
1316,41.593448638916,114.183746337891,27.1432628631592,2.86059975624084,54.3192329406738,106.817352294922,222.179046630859,65.2214736938477,70.7410202026367
1318,44.0400772094727,118.556373596191,27.0381259918213,4.87362194061279,55.9278373718262,108.021545410156,226.37548828125,62.72314453125,73.0973434448242
1320,46.1949615478516,125.559776306152,30.2769432067871,6.59874439239502,58.281810760498,115.621307373047,226.577377319336,64.6264038085938,74.692497253418
1322,47.3088874816895,133.880706787109,30.8670978546143,7.72161483764648,61.0661964416504,121.911376953125,227.588958740234,69.4964981079102,74.7335205078125
1324,48.3073196411133,141.469833374023,29.3138198852539,7.05561542510986,65.3784484863281,128.613037109375,228.558715820313,74.8131561279297,78.5577087402344
1326,49.2915496826172,150.421966552734,29.2579383850098,6.5993971824646,68.8120880126953,133.643585205078,228.196228027344,81.188591003418,81.0746536254883
1328,49.5615463256836,157.752014160156,28.7959613800049,6.95767641067505,73.5970458984375,139.522308349609,228.467468261719,85.2489013671875,82.4029541015625
1330,52.0655517578125,164.301910400391,29.3168773651123,7.73807430267334,77.8011245727539,146.897720336914,230.909530639648,87.2807159423828,83.4613800048828
1332,51.7402801513672,168.724060058594,29.0314159393311,8.19105529785156,81.1498107910156,151.254974365234,229.447647094727,88.4110870361328,85.6377639770508
1334,51.1257705688477,171.511749267578,28.2527046203613,8.29382419586182,83.2590942382813,152.809753417969,229.358169555664,89.1054306030273,85.5941467285156
1336,51.0875282287598,168.190383911133,27.9274024963379,7.50885343551636,84.9921035766602,150.896835327148,232.063537597656,88.105712890625,83.4985275268555
1338,51.7768592834473,163.569854736328,28.8390331268311,5.119469165802,88.0352935791016,149.658309936523,235.480728149414,82.7289276123047,81.7066040039063
1340,55.5799980163574,168.837966918945,29.8404331207275,6.40494585037231,94.6289138793945,159.193222045898,240.565444946289,87.2082443237305,86.1113891601563
1342,58.877311706543,178.133209228516,31.6724014282227,7.94142580032349,99.9592361450195,180.242065429688,242.819442749023,101.642105102539,88.8421936035156
1344,60.5356254577637,185.294860839844,30.7325954437256,9.31397724151611,105.309455871582,194.063842773438,247.479736328125,112.396522521973,91.8415374755859
1346,63.5310707092285,193.664596557617,30.4721183776855,9.99896049499512,112.775688171387,208.460800170898,257.203857421875,126.246109008789,95.8151168823242
1348,69.0381622314453,202.712005615234,29.7292289733887,11.2992753982544,120.71590423584,222.80924987793,268.827789306641,139.643692016602,100.658065795898
1350,74.9121627807617,218.105834960938,29.5532684326172,12.5831518173218,129.648788452148,242.292785644531,283.614562988281,154.759735107422,106.384574890137
1352,80.1575012207031,234.138473510742,31.7459812164307,16.6979293823242,138.107208251953,260.837890625,297.885131835938,168.068756103516,113.311485290527
1354,85.3731460571289,252.308380126953,33.5752067565918,20.5817375183105,143.922500610352,278.979644775391,308.647552490234,181.203536987305,121.236701965332
1356,92.2979278564453,277.475769042969,35.9909477233887,28.5632476806641,151.880310058594,301.162963867188,319.552673339844,199.39875793457,128.500152587891
1358,97.7931976318359,301.057708740234,38.6375160217285,35.2677421569824,159.371276855469,319.915924072266,331.016265869141,215.404434204102,136.776153564453
1360,100.949157714844,307.673370361328,39.5181922912598,32.9589996337891,162.53401184082,319.524566650391,342.943756103516,217.647918701172,140.729034423828
1362,102.911766052246,301.786895751953,39.2753944396973,26.6809482574463,161.674301147461,305.454833984375,353.210571289063,208.445541381836,141.389556884766
1364,103.235740661621,309.646240234375,43.498779296875,32.0404815673828,165.853759765625,318.989776611328,349.824035644531,219.344680786133,142.720138549805
1366,100.331855773926,310.009216308594,43.5253677368164,33.8613586425781,165.477828979492,319.617279052734,340.335723876953,225.191986083984,138.158020019531
1368,95.300048828125,295.055419921875,41.9500770568848,28.1405086517334,158.95182800293,304.571105957031,333.583679199219,218.221206665039,131.480072021484
1370,91.884635925293,291.491333007813,41.6443786621094,27.8693523406982,155.238540649414,298.931121826172,321.844177246094,216.35188293457,129.169982910156
1372,91.7865753173828,281.592163085938,40.2082061767578,21.4471111297607,151.743133544922,290.291564941406,318.256225585938,209.736053466797,129.689056396484
1374,93.6569900512695,272.757446289063,42.3972702026367,19.3057975769043,151.072860717773,286.560882568359,325.798767089844,206.661605834961,129.969223022461
1376,95.9229583740234,288.525787353516,45.7212791442871,26.0349559783936,156.574462890625,302.873382568359,327.635467529297,221.573638916016,133.520904541016
1378,102.667068481445,303.420166015625,48.5928993225098,31.0875778198242,162.708740234375,318.144012451172,328.853149414063,236.731185913086,140.548141479492
1380,110.258827209473,322.769439697266,51.9723281860352,42.4627914428711,165.264282226563,334.908355712891,330.6083984375,253.742797851563,148.652648925781
1382,114.535346984863,334.31201171875,54.7747421264648,49.4380683898926,165.476486206055,345.469482421875,331.316345214844,265.728088378906,154.242233276367
1384,115.825126647949,332.964752197266,55.798957824707,46.9535865783691,164.072723388672,346.141387939453,330.596160888672,266.333923339844,156.750381469727
1386,113.123085021973,307.366394042969,55.0476112365723,33.0970878601074,160.997055053711,328.592315673828,330.897003173828,248.571075439453,153.527557373047
1388,111.170196533203,304.619720458984,55.5182495117188,30.5981750488281,164.035705566406,332.299163818359,331.244689941406,248.71125793457,150.287185668945
1390,115.214218139648,321.242736816406,59.1986083984375,35.7666702270508,172.048217773438,355.443389892578,338.524169921875,260.679931640625,153.745559692383
1392,118.698631286621,333.743316650391,62.2802581787109,37.6692504882813,178.547943115234,372.355438232422,355.530456542969,267.103881835938,157.817321777344
1394,125.371276855469,334.682189941406,64.9560699462891,32.2683219909668,188.980255126953,380.222412109375,391.656616210938,258.222106933594,163.783096313477
1396,139.894943237305,365.460723876953,72.4484329223633,40.9179458618164,202.247863769531,423.714141845703,424.381195068359,279.613342285156,178.972229003906
1398,152.065811157227,393.774444580078,78.4381637573242,51.5290145874023,213.614608764648,458.922943115234,461.011077880859,298.584320068359,195.54426574707
1400,172.80143737793,466.592803955078,90.6260986328125,87.3012008666992,237.890716552734,539.45947265625,488.775177001953,354.200592041016,220.639801025391
1402,184.825546264648,509.141632080078,92.956169128418,112.011383056641,257.103057861328,587.417358398438,503.764282226563,389.059722900391,238.037048339844
1404,193.024688720703,513.023498535156,91.8205642700195,107.307106018066,265.909698486328,602.662231445313,528.59765625,392.795257568359,246.40705871582
1406,200.121154785156,532.803100585938,93.6426315307617,122.919067382813,270.939636230469,624.001220703125,529.938232421875,412.762908935547,257.182983398438
1408,200.395034790039,536.647705078125,91.9418411254883,127.478294372559,268.034484863281,624.61181640625,524.398315429688,419.144134521484,259.220550537109
1410,193.14013671875,516.162231445313,87.0194473266602,112.309692382813,256.642517089844,602.273559570313,514.843566894531,406.240661621094,251.691665649414
1412,186.37255859375,491.5888671875,83.9530410766602,96.1332244873047,248.486709594727,580.483093261719,503.452911376953,388.318817138672,241.650848388672
1414,173.25471496582,454.385467529297,81.1589431762695,78.1731719970703,234.167495727539,543.549011230469,484.083618164063,360.801086425781,227.746017456055
1416,161.773895263672,403.334411621094,76.6549682617188,51.9162864685059,221.16389465332,497.656616210938,469.427978515625,319.200439453125,210.681930541992
1418,144.855514526367,345.296691894531,68.5909042358398,31.0229587554932,205.616424560547,447.635925292969,451.697357177734,270.249053955078,192.970169067383
1420,126.876487731934,301.359588623047,66.5024566650391,26.5238761901855,197.609939575195,414.000793457031,408.223297119141,240.701766967773,172.132629394531
1422,117.272819519043,278.228607177734,63.8062896728516,21.7732543945313,191.501861572266,392.228759765625,382.875396728516,224.50373840332,159.093460083008
1424,110.880836486816,254.790496826172,62.250602722168,16.9063014984131,188.042892456055,366.050109863281,354.394561767578,206.068542480469,146.757919311523
1426,106.920440673828,242.998809814453,61.2590751647949,11.5785703659058,189.231948852539,357.759246826172,329.096618652344,199.38655090332,134.927276611328
1428,103.951797485352,233.266571044922,57.7649803161621,8.39907360076904,188.57698059082,347.855712890625,318.549652099609,189.817794799805,128.704895019531
1430,99.0520782470703,227.310821533203,54.6548690795898,7.59021043777466,185.007659912109,324.388214111328,305.131195068359,174.333129882813,120.591407775879
1432,95.4634704589844,228.372665405273,56.1645011901855,8.34522438049316,189.150939941406,316.400543212891,303.273834228516,169.841033935547,118.293426513672
1434,94.9389953613281,223.870971679688,57.6104278564453,5.74625587463379,188.537933349609,311.235992431641,302.661193847656,163.875473022461,120.178657531738
1436,94.473991394043,212.569793701172,55.2133979797363,2.66117548942566,184.310501098633,300.112426757813,298.436218261719,144.797958374023,118.051513671875
1438,98.0070343017578,217.809524536133,56.0146598815918,8.73457717895508,193.702667236328,312.299926757813,298.272583007813,153.9873046875,125.382041931152
1440,100.035499572754,224.727279663086,59.2214126586914,11.0753374099731,198.358215332031,320.127166748047,296.505645751953,160.113021850586,128.753814697266
1442,103.065567016602,226.950576782227,59.6915130615234,14.3623456954956,201.936935424805,318.147399902344,296.883880615234,156.201431274414,126.916351318359
1444,102.594383239746,226.179138183594,60.4748916625977,13.6894798278809,205.120452880859,312.749206542969,301.677093505859,151.711181640625,127.47509765625
1446,99.6496353149414,217.218994140625,60.605827331543,8.31264591217041,202.071395874023,308.869323730469,309.029754638672,139.169174194336,127.046501159668
1448,101.590629577637,213.586547851563,62.5905303955078,10.1812086105347,208.392684936523,303.630828857422,326.611755371094,130.164138793945,134.112197875977
1450,93.7042007446289,182.730224609375,48.6510391235352,9.65113544464111,198.693725585938,251.719589233398,339.799560546875,106.389183044434,122.693733215332
1452,85.4427871704102,150.406753540039,34.0487670898438,9.09585952758789,188.533599853516,197.340103149414,353.614379882813,81.4837951660156,110.732353210449
1454,76.7790069580078,116.508972167969,18.7352886199951,8.5135383605957,177.878616333008,140.312072753906,368.102081298828,55.3653793334961,98.1883926391602
1456,63.6419334411621,98.8343124389648,13.2891283035278,9.56963443756104,174.669952392578,118.975448608398,385.763275146484,29.1806507110596,93.1323318481445
1458,56.9746170043945,95.0676345825195,4.61162996292114,8.84473037719727,173.332000732422,101.31623840332,402.967010498047,6.3190336227417,100.830841064453
1460,80.1488037109375,108.131729125977,15.7927446365356,10.9552984237671,186.003829956055,113.334907531738,404.731109619141,22.5255146026611,103.639518737793
1462,88.0303726196289,107.777008056641,20.6529979705811,10.0913133621216,188.248184204102,114.91227722168,397.962005615234,36.0382843017578,106.609413146973
1464,88.5677032470703,103.114135742188,18.0017204284668,8.28510570526123,185.873794555664,98.2055435180664,398.567016601563,30.7446575164795,102.779472351074
1466,92.0336990356445,105.966896057129,18.3974380493164,4.89631605148315,177.153732299805,80.7221374511719,388.961059570313,32.0006942749023,100.753318786621
1468,84.7488632202148,102.475791931152,18.6644058227539,7.02864789962769,172.41096496582,79.5007629394531,366.927185058594,36.0051727294922,100.380867004395
1470,80.2323532104492,100.554298400879,14.8725299835205,2.27931356430054,166.486923217773,63.8107566833496,352.841735839844,31.9857196807861,99.1726989746094
1472,72.5421829223633,82.7123031616211,7.76467943191528,-2.16075944900513,151.57878112793,37.5134582519531,350.265899658203,16.895471572876,98.1814727783203
1474,52.4775276184082,67.1179504394531,3.28057217597961,4.98447561264038,121.701751708984,24.349536895752,318.972808837891,10.3882350921631,88.9757995605469
1476,43.0114593505859,60.2926979064941,2.77086496353149,1.09598183631897,103.597259521484,26.8191528320313,282.214416503906,8.87310028076172,72.4302597045898
1478,38.8589706420898,57.5216484069824,5.9753885269165,0.0873955637216568,102.917877197266,25.9480419158936,247.882690429688,11.2929363250732,59.2480583190918
1480,31.5429763793945,59.049144744873,7.37308216094971,4.32469177246094,98.0939636230469,26.3346786499023,227.657562255859,10.5114517211914,52.9510955810547
1482,29.3146076202393,55.8986511230469,7.78972148895264,3.70391297340393,90.9514465332031,26.7984485626221,209.980545043945,2.78986716270447,53.4403305053711
1484,31.7986354827881,46.6973304748535,7.20990371704102,5.54054975509644,85.2138061523438,19.5597686767578,207.483535766602,1.6257187128067,53.9165191650391
1486,25.2198333740234,35.3992958068848,4.7472071647644,5.04545927047729,81.6181945800781,25.704418182373,202.930877685547,3.98158407211304,45.3503837585449
1488,26.8444995880127,35.0387229919434,0.621998012065887,6.98668575286865,76.1221618652344,18.7712783813477,210.123245239258,0.365914344787598,32.3423233032227
1490,19.2734184265137,18.921049118042,0.881063222885132,1.33444654941559,74.2927169799805,14.7953081130981,216.517944335938,1.43327641487122,23.9915676116943
1492,27.6281261444092,24.2457542419434,2.97195982933044,0.111854247748852,76.9503707885742,8.14180469512939,226.448455810547,3.07417130470276,48.5553855895996
1494,26.881326675415,26.7376136779785,1.74804997444153,3.59779834747314,73.1694412231445,1.92278182506561,221.358535766602,7.71647691726685,47.6107940673828
1496,17.9941654205322,26.9249153137207,3.26137804985046,0.911908388137817,72.8944778442383,7.47356271743774,218.004791259766,13.5651025772095,55.2193603515625
1498,20.9588146209717,27.985933303833,0.251222312450409,0.288360416889191,73.2950744628906,4.18560028076172,224.979751586914,14.7621402740479,51.6190414428711
1500,24.6060600280762,28.1944274902344,6.28479528427124,4.12711811065674,75.5528411865234,4.65818119049072,236.394546508789,14.591082572937,48.9251899719238
1502,20.7884159088135,27.9818305969238,7.9187593460083,7.10638189315796,83.0443420410156,15.2208395004272,253.776657104492,6.07699918746948,47.5448532104492
1504,6.30064582824707,19.0028476715088,7.18910646438599,5.8615837097168,73.3031616210938,13.3441562652588,245.473190307617,2.95891952514648,39.6305885314941
1506,-3.63617444038391,6.58307075500488,13.0778207778931,-16.3664398193359,48.0219078063965,2.53876113891602,198.454528808594,8.01789283752441,50.146598815918
1508,15.5944204330444,0.151749014854431,-3.22313261032104,2.65582203865051,45.5808448791504,-2.93688678741455,190.382537841797,14.7757377624512,51.3830833435059
1510,22.1370830535889,18.633617401123,4.61843872070313,4.20526027679443,66.9769515991211,0.22939033806324,238.030578613281,8.75460433959961,55.2495765686035
1512,29.9812450408936,24.9164066314697,9.04301357269287,4.26581954956055,83.4265213012695,26.5137367248535,271.658477783203,19.4206371307373,60.9453659057617
1514,29.118766784668,32.8105278015137,7.42334175109863,9.58694744110107,88.829475402832,19.9008388519287,286.491149902344,13.7291784286499,65.9029769897461
1516,17.3576850891113,29.9656295776367,6.32875776290894,3.04485774040222,89.1823425292969,16.4536666870117,287.308135986328,4.13483762741089,55.6574478149414
1518,28.3040428161621,34.7693939208984,5.3852219581604,-1.22845435142517,108.984916687012,15.8203344345093,319.944488525391,15.1921663284302,68.6301727294922
1520,23.7656097412109,23.8772220611572,0.885495543479919,4.88753318786621,92.1009368896484,2.43932199478149,330.593414306641,21.5259876251221,63.0153427124023
1522,20.7602214813232,23.6023769378662,4.99451875686646,-5.94378137588501,110.976669311523,-0.0786878615617752,375.573760986328,35.0476226806641,75.7559127807617
1524,37.2571907043457,34.2781524658203,6.97471141815186,-4.65118932723999,125.017440795898,29.3606472015381,425.489074707031,31.7387008666992,90.645393371582
1526,64.0371246337891,39.0228614807129,10.5917129516602,1.73348736763,136.23551940918,39.7495231628418,446.891876220703,30.163890838623,107.416061401367
1528,77.2350082397461,49.024055480957,12.5869140625,9.1961727142334,148.21257019043,48.8990097045898,482.014617919922,30.1067008972168,120.105964660645
1530,75.7137756347656,62.4475708007813,14.3837194442749,8.12950611114502,161.6494140625,49.011962890625,519.544189453125,32.8587493896484,121.547859191895
1532,59.7974853515625,66.6267776489258,19.0113830566406,8.12169742584229,165.131759643555,44.4161682128906,553.0224609375,37.1259574890137,129.485961914063
1534,73.7961959838867,71.3453521728516,16.6642780303955,12.4896850585938,184.140975952148,63.5875244140625,607.94482421875,35.3212814331055,143.148147583008
1536,95.1353073120117,68.6310806274414,16.4420070648193,4.76843357086182,195.523406982422,83.7880935668945,631.141235351563,30.5755062103271,137.559539794922
1538,100.7578125,54.9242744445801,12.8859615325928,6.43534755706787,186.305389404297,76.2220993041992,617.016784667969,28.9205303192139,129.54296875
1540,82.3099670410156,46.8413848876953,-2.49509382247925,0.444118678569794,180.296417236328,68.2305526733398,642.536560058594,34.6811141967773,113.803611755371
1542,93.9164962768555,48.4116592407227,6.43035125732422,6.99729919433594,195.2724609375,73.1697845458984,726.602172851563,47.3713264465332,138.003173828125
1544,115.387138366699,59.1831588745117,18.8285827636719,3.96318984031677,202.759170532227,76.0387802124023,749.178894042969,44.8894653320313,154.271270751953
1546,115.166412353516,87.3196182250977,26.443431854248,12.8270664215088,212.207427978516,108.027923583984,727.195983886719,28.8712959289551,159.258422851563
1548,115.474899291992,97.8506698608398,25.6047306060791,17.5158271789551,215.942565917969,115.944244384766,726.716552734375,32.4727516174316,163.172744750977
1550,117.022911071777,97.719596862793,28.9378662109375,21.1862621307373,220.846908569336,123.497314453125,734.6044921875,35.503490447998,167.00358581543
1552,119.643447875977,103.332366943359,33.2403717041016,22.8060455322266,225.184341430664,131.975860595703,742.9150390625,33.3283920288086,168.876495361328
1554,125.327728271484,96.2936859130859,33.4671669006348,18.3022518157959,224.915161132813,124.967269897461,744.267333984375,30.1297206878662,163.898361206055
1556,121.084175109863,84.0008239746094,32.7181053161621,12.711371421814,218.976135253906,112.598907470703,743.008178710938,37.6214294433594,158.927963256836
1558,98.5516967773438,53.3551864624023,12.5056610107422,-7.16814804077148,192.557769775391,62.9070854187012,735.862670898438,11.8129816055298,151.673767089844
1560,116.074188232422,88.7733154296875,28.8443260192871,10.435079574585,213.482772827148,123.792404174805,759.9921875,22.6589546203613,173.001602172852
1562,131.751342773438,113.77579498291,38.6171188354492,31.6700820922852,229.893844604492,165.323120117188,748.894104003906,43.7200546264648,172.051498413086
1564,131.588943481445,116.276428222656,39.8716468811035,34.1315155029297,233.552230834961,171.028823852539,746.797485351563,49.5298156738281,172.148178100586
1566,134.524444580078,133.247161865234,42.5649070739746,42.3960037231445,237.026031494141,195.367919921875,750.084411621094,65.43359375,176.379333496094
1568,140.193374633789,130.521209716797,39.930248260498,43.3993644714355,235.270919799805,183.521865844727,758.331726074219,57.868782043457,181.628677368164
1570,147.86686706543,138.018539428711,40.2724990844727,50.840991973877,234.455764770508,197.480895996094,770.359191894531,66.1902313232422,190.987091064453
1572,155.638717651367,161.932342529297,42.1817321777344,59.5100173950195,241.462966918945,234.376220703125,765.155151367188,93.1240539550781,198.397613525391
1574,162.769500732422,169.48974609375,42.0323181152344,59.4781112670898,244.635070800781,243.344268798828,787.230590820313,95.9424743652344,208.200576782227
1576,172.586151123047,164.102645874023,42.4130935668945,58.950855255127,244.980880737305,239.617309570313,818.324523925781,76.7588500976563,222.168655395508
1578,181.263000488281,194.675109863281,46.4165306091309,86.9606857299805,261.975677490234,283.3046875,803.139892578125,109.653160095215,231.942855834961
1580,191.701690673828,224.550155639648,51.4079551696777,112.889030456543,279.424652099609,325.781005859375,802.747802734375,149.858673095703,241.757400512695
1582,195.904922485352,247.882476806641,53.8526573181152,130.600799560547,287.773742675781,350.405364990234,806.634216308594,177.07405090332,249.201705932617
1584,198.139724731445,262.284484863281,55.8128051757813,140.206680297852,289.524108886719,361.304962158203,808.184692382813,196.839492797852,252.61735534668
1586,200.474655151367,266.146453857422,57.0040664672852,139.599670410156,288.673828125,364.808471679688,811.2568359375,210.070846557617,253.348724365234
1588,199.261383056641,265.815124511719,58.9914321899414,129.356414794922,282.624450683594,357.269500732422,818.465148925781,212.338470458984,251.149078369141
1590,192.55485534668,261.806030273438,58.734130859375,114.977279663086,272.442779541016,344.087860107422,821.786071777344,208.837249755859,244.59033203125
1592,181.964599609375,251.229736328125,57.915958404541,100.644577026367,258.751708984375,327.562744140625,808.389465332031,200.218994140625,233.771072387695
1594,171.374649047852,238.045974731445,58.0280342102051,84.2633972167969,243.596343994141,298.110321044922,797.848083496094,187.267639160156,221.779846191406
1596,160.324676513672,231.71565246582,58.7473182678223,73.9384155273438,230.869705200195,284.945983886719,775.165283203125,181.653060913086,210.032119750977
1598,150.644180297852,225.649627685547,60.3688011169434,64.9209442138672,221.4033203125,275.675323486328,759.098815917969,178.231552124023,197.866714477539
1600,139.843688964844,212.648696899414,59.2966995239258,52.7090225219727,207.852783203125,252.440765380859,742.943664550781,166.633972167969,183.462066650391
1602,133.685836791992,200.24250793457,58.8894271850586,42.1537437438965,194.386428833008,231.242523193359,735.720886230469,153.339660644531,173.202499389648
1604,124.722442626953,191.939849853516,59.1641654968262,36.3507690429688,182.337417602539,215.675170898438,712.7607421875,146.250381469727,163.398986816406
1606,117.008201599121,177.512908935547,59.729305267334,28.9456901550293,173.016754150391,194.898483276367,690.248352050781,133.441436767578,154.651458740234
1608,110.886787414551,163.412719726563,58.7719459533691,23.5971775054932,165.288787841797,174.802886962891,676.634521484375,120.029182434082,146.943618774414
1610,104.493103027344,156.483749389648,58.7247695922852,23.8057518005371,156.776947021484,166.90495300293,648.621276855469,115.558799743652,140.925628662109
1612,98.034049987793,149.595245361328,57.9713401794434,20.3293190002441,150.387405395508,160.107971191406,622.453491210938,113.726890563965,134.735061645508
1614,92.7591171264648,140.446792602539,56.0785865783691,15.4034900665283,139.790893554688,144.708572387695,604.040100097656,104.633148193359,127.609466552734
1616,87.5375671386719,123.29850769043,51.0442886352539,12.4416208267212,129.091537475586,115.47624206543,594.620544433594,77.8488616943359,120.286506652832
1618,81.2798461914063,113.403198242188,51.9093704223633,10.2442932128906,123.062721252441,111.903732299805,565.779602050781,73.0699462890625,117.121185302734
1620,78.0406951904297,114.512153625488,52.8275756835938,10.2272462844849,117.863555908203,113.829040527344,538.602355957031,76.0335388183594,113.319175720215
1622,74.6969299316406,106.457374572754,49.6173934936523,11.5415477752686,112.759521484375,101.300018310547,526.354431152344,67.7340698242188,112.224723815918
1624,73.1313705444336,105.279472351074,48.7081069946289,11.4407138824463,106.040054321289,94.9376907348633,507.612152099609,65.2961196899414,109.936805725098
1626,70.836181640625,107.039436340332,48.3456878662109,10.1332740783691,104.566627502441,91.6011199951172,496.464782714844,62.5972480773926,106.72639465332
1628,68.2626800537109,106.505226135254,46.0718116760254,10.5101194381714,100.121887207031,93.8820953369141,475.594085693359,63.4669914245605,102.190963745117
1630,69.5302886962891,108.882461547852,44.6610794067383,9.98183059692383,98.2802047729492,100.784065246582,447.702209472656,72.7098999023438,99.2382659912109
1632,70.6251449584961,107.380477905273,42.2817497253418,9.52024459838867,97.1937561035156,96.1631469726563,432.433258056641,73.012565612793,97.4889373779297
1634,70.0855865478516,100.765090942383,37.8798561096191,4.43535900115967,96.702033996582,83.8044815063477,431.299987792969,61.4911117553711,97.9174575805664
1636,72.3152389526367,92.1839599609375,33.4500122070313,1.30783367156982,90.1047439575195,71.3135833740234,428.620941162109,45.2786674499512,102.327995300293
1638,71.2483673095703,97.7803573608398,32.4785346984863,5.74014139175415,87.5594711303711,83.8576583862305,409.006988525391,54.1996536254883,101.25390625
1640,70.6486358642578,103.252014160156,31.0944900512695,6.66139888763428,89.3486251831055,93.4347686767578,392.170013427734,64.2455444335938,101.027084350586
1642,72.2060165405273,104.69563293457,31.4053726196289,6.33667135238647,92.1767578125,99.4349746704102,386.104400634766,68.9289321899414,99.3303146362305
1644,73.0032501220703,99.9420471191406,32.6169090270996,5.40404987335205,93.1493453979492,95.770133972168,388.656433105469,61.7924385070801,100.194480895996
1646,68.1314544677734,92.9703063964844,31.1484031677246,5.97336196899414,92.3809585571289,84.527717590332,399.077453613281,42.0098495483398,99.338264465332
1648,70.28857421875,102.675941467285,30.8845119476318,7.27614450454712,93.2551193237305,94.0639724731445,404.203887939453,46.211051940918,108.196998596191
1650,72.9971618652344,107.595352172852,31.1319446563721,6.56319665908813,95.3012619018555,95.5721664428711,396.828704833984,47.8206405639648,106.764953613281
1652,66.51904296875,101.373359680176,27.8276863098145,-0.904248237609863,91.8050384521484,79.7350769042969,395.486511230469,39.2144584655762,97.9350204467773
1654,79.2691192626953,105.448059082031,25.5163650512695,4.79407691955566,97.7509231567383,95.9223556518555,426.566589355469,39.0580635070801,109.054656982422
1656,82.8988342285156,120.846176147461,26.0551204681396,12.5270080566406,104.493873596191,123.281135559082,411.978240966797,56.0064888000488,113.012519836426
1658,83.0561828613281,132.643920898438,27.2699337005615,16.7625255584717,110.214309692383,145.338638305664,410.214050292969,72.6820755004883,117.361083984375
1660,82.5881195068359,134.052322387695,28.1806011199951,16.9702529907227,112.154823303223,152.199127197266,416.800018310547,78.3801040649414,117.057151794434
1662,83.4025573730469,129.154937744141,26.0684623718262,12.1959409713745,112.125938415527,147.817596435547,435.560852050781,72.9337310791016,117.182991027832
1664,85.4783935546875,132.955825805664,27.5666275024414,15.6040649414063,116.2041015625,159.90104675293,439.908264160156,80.1585845947266,118.620796203613
1666,84.6382141113281,135.788711547852,28.1759624481201,17.3782768249512,118.734130859375,165.182388305664,443.164001464844,83.4364318847656,116.525329589844
1668,80.9078979492188,125.067451477051,25.5252437591553,13.1731376647949,115.993667602539,152.280471801758,458.246368408203,73.1831436157227,117.732887268066
1670,78.2703247070313,112.395294189453,25.3936958312988,10.7196111679077,113.132476806641,139.693145751953,473.124328613281,60.5709953308105,117.296035766602
1672,77.1342697143555,111.744201660156,27.4693298339844,12.8825397491455,113.578903198242,147.21598815918,467.110900878906,60.5066833496094,113.363342285156
1674,75.4536361694336,104.58854675293,26.8765163421631,14.0618553161621,111.404510498047,142.700180053711,469.155059814453,56.0586433410645,112.042007446289
1676,73.2126770019531,103.89281463623,27.0871963500977,15.2589359283447,114.347045898438,152.636810302734,465.292541503906,55.8795013427734,112.03540802002
1678,70.7354736328125,104.687561035156,28.2446804046631,15.9094581604004,114.727272033691,157.143203735352,464.305297851563,63.7657203674316,108.859405517578
1680,68.4340133666992,99.7519683837891,27.9132595062256,14.1790962219238,114.04557800293,154.517929077148,465.517211914063,60.2780570983887,106.847564697266
1682,64.6992568969727,93.8573760986328,24.5228824615479,11.7246217727661,112.772605895996,147.646835327148,466.977416992188,52.4881324768066,106.74951171875
1684,59.0647659301758,78.2690658569336,18.7604656219482,5.77129030227661,104.793830871582,130.449493408203,456.250885009766,28.0065002441406,100.031089782715
1686,61.9394149780273,77.7405624389648,19.2012710571289,8.95196151733398,103.865982055664,132.362045288086,435.876220703125,33.6121673583984,92.6803894042969
1688,60.3618011474609,76.8405685424805,22.028413772583,7.62451028823853,100.522438049316,130.159622192383,419.180633544922,35.3087959289551,89.821647644043
1690,59.0938415527344,74.2700881958008,21.6480312347412,8.81296443939209,98.739372253418,131.461791992188,392.207458496094,39.8408279418945,84.9173202514648
1692,56.060661315918,72.2908172607422,21.5869388580322,8.39508438110352,97.1248626708984,128.398986816406,379.919372558594,45.0816955566406,79.0100784301758
1694,49.9657135009766,64.4275131225586,19.2634944915771,7.39524841308594,91.556770324707,117.049575805664,373.569213867188,39.5743713378906,73.8312225341797
1696,43.3271446228027,53.2329559326172,16.6547088623047,3.49002885818481,82.2730331420898,96.3737716674805,371.829681396484,26.0892543792725,72.0778579711914
1698,43.5330085754395,51.510871887207,14.7362394332886,-2.10277247428894,80.4779663085938,88.1881866455078,372.837341308594,24.9069423675537,72.5615005493164
1700,43.4681091308594,48.2239265441895,17.97483253479,0.277954757213593,75.0846710205078,89.2078628540039,362.992736816406,22.6652431488037,74.4935913085938
1702,47.3381805419922,52.5173492431641,19.3681049346924,4.76276588439941,79.2505645751953,100.796417236328,359.479705810547,30.1244945526123,75.129753112793
1704,45.6488456726074,55.5750617980957,17.0888824462891,5.05887269973755,81.5078277587891,98.7760543823242,358.393280029297,32.1824913024902,77.5745620727539
1706,50.4541473388672,57.7413177490234,17.4371337890625,3.55659508705139,84.928337097168,104.70516204834,369.374755859375,33.877368927002,80.5324325561523
1708,54.3046264648438,62.5512771606445,18.0216045379639,5.18503856658936,87.1985168457031,114.684310913086,371.971618652344,41.6437492370605,78.0727691650391
1710,53.5751647949219,64.4212493896484,19.2894058227539,7.73671340942383,88.0326766967773,120.266525268555,374.073333740234,41.6090850830078,76.5105285644531
1712,51.2748184204102,63.1788063049316,19.4182281494141,4.90188264846802,85.9754638671875,116.5849609375,371.449005126953,40.9356727600098,74.5694427490234
1714,48.4619903564453,58.0452117919922,17.5903472900391,2.12450170516968,81.1511764526367,104.465354919434,369.889373779297,33.4885864257813,75.1977233886719
1716,44.4357223510742,45.9748649597168,16.5317878723145,2.78166723251343,78.3719482421875,90.9451751708984,361.7197265625,27.0639877319336,74.0398330688477
1718,46.0824394226074,44.3638305664063,15.9203224182129,0.829249501228333,75.2046356201172,89.0365600585938,337.487243652344,20.6087837219238,66.8881683349609
1720,48.517219543457,49.385311126709,16.7184410095215,0.597476363182068,74.7593002319336,97.8001556396484,323.548431396484,25.7063312530518,65.4767456054688
1722,46.451976776123,49.3547515869141,15.3157720565796,2.55154085159302,74.2499847412109,96.4070434570313,312.726318359375,28.1378726959229,62.4368896484375
1724,43.3088912963867,49.8087120056152,13.1522207260132,2.88349270820618,71.9125137329102,90.0926818847656,297.945526123047,27.9722461700439,58.6297607421875
1726,39.1079406738281,48.8647308349609,13.7611169815063,4.1916127204895,68.5431671142578,83.754020690918,286.154632568359,27.792896270752,55.2018508911133
1728,38.4806365966797,44.0874557495117,12.2136974334717,0.667889356613159,65.3114395141602,77.1280288696289,275.999420166016,25.8415756225586,53.6841354370117
1730,35.3811645507813,37.419376373291,11.30246925354,-1.88767182826996,61.9992752075195,68.1908721923828,266.192138671875,18.2050685882568,49.6290626525879
1732,30.5510082244873,32.9540939331055,10.2350883483887,-0.117479465901852,61.5484466552734,58.7263526916504,256.215606689453,11.6893510818481,43.3847770690918
1734,27.7872009277344,25.8409957885742,6.53999423980713,1.25957846641541,56.2282485961914,46.6714096069336,234.640090942383,8.63967514038086,37.8754043579102
1736,25.3056297302246,24.7398624420166,8.27596092224121,-0.0159452315419912,48.6672782897949,40.4287719726563,230.782684326172,6.44976568222046,33.2341651916504
1738,23.9524536132813,25.7604274749756,8.14570713043213,-0.00194036960601807,45.5239181518555,38.8655395507813,225.088562011719,6.3040189743042,31.6174831390381
1740,20.5335674285889,22.208553314209,9.7446460723877,-1.16957795619965,43.9865646362305,30.5946006774902,216.944259643555,4.2745475769043,31.2344589233398
1742,15.9038095474243,16.7543640136719,12.4459228515625,1.93337416648865,43.9092864990234,26.5164566040039,214.333282470703,7.14565277099609,29.3899803161621
1744,12.6236982345581,13.1184959411621,12.4766807556152,3.82987785339355,43.662109375,23.0735950469971,207.583877563477,4.10141134262085,26.9987163543701
1746,10.6049604415894,11.456823348999,12.7479295730591,1.35884392261505,38.2954368591309,19.7941722869873,200.074188232422,4.1763277053833,22.6769256591797
1748,7.25738286972046,8.66956424713135,10.9951066970825,-1.34106206893921,34.8107299804688,18.8609142303467,186.130355834961,3.96424603462219,19.7965888977051
1750,8.34102821350098,9.75619411468506,5.08315992355347,-0.169046208262444,34.9676895141602,26.2829456329346,175.061019897461,2.89149928092957,20.1799716949463
1752,11.0304698944092,11.4867076873779,5.8548059463501,0.333615660667419,34.9177703857422,29.1182498931885,171.419036865234,0.88522332906723,19.361743927002
1754,10.9382266998291,14.6874513626099,6.49756717681885,-0.255276918411255,36.6370124816895,30.3900184631348,169.814407348633,3.59060835838318,19.1786308288574
1756,10.298490524292,13.2007703781128,6.07435369491577,-2.33667206764221,36.3959770202637,33.6552543640137,164.53776550293,6.25566482543945,18.4084987640381
1758,11.7794857025146,10.74245262146,4.64138269424438,-0.698328495025635,35.9281349182129,31.9382171630859,157.499053955078,2.46286249160767,19.1744823455811
1760,11.1680459976196,8.51307487487793,3.67242574691772,1.17309665679932,32.5214881896973,28.247615814209,151.308090209961,1.99063146114349,18.9164848327637
1762,12.6130990982056,8.85289287567139,3.76440644264221,0.220206171274185,30.5071334838867,30.191686630249,142.416748046875,1.5674022436142,13.6062793731689
1764,14.1775350570679,8.58893966674805,3.90600442886353,0.143343642354012,29.3718185424805,30.8765525817871,136.029571533203,5.67907047271729,13.9466371536255
1766,9.58786201477051,5.53041744232178,4.79663562774658,0.157613158226013,26.4451274871826,31.8314151763916,130.643692016602,4.66879081726074,12.9783306121826
1768,8.16581535339355,5.60512924194336,4.07179117202759,-1.08945453166962,25.3634834289551,34.8923645019531,123.394264221191,2.12867331504822,11.0815582275391
1770,7.56360530853271,3.27225136756897,3.07757544517517,-1.76603090763092,25.7459850311279,28.7217960357666,119.535110473633,2.55246663093567,10.6432266235352
1772,8.57760047912598,-0.230913609266281,5.66202926635742,1.15580141544342,25.644588470459,17.0041847229004,110.417037963867,3.10312294960022,9.57399845123291
1774,7.87439441680908,5.92153453826904,2.36265444755554,-0.651339411735535,25.5038356781006,13.7793407440186,104.257621765137,1.2910498380661,12.3766059875488
1776,6.73054552078247,6.80603313446045,2.90705919265747,-0.338176339864731,20.2729835510254,19.0177402496338,93.9698486328125,0.0179213434457779,11.6462745666504
1778,6.44464349746704,4.25436782836914,2.99132061004639,-1.16219329833984,19.1518249511719,20.7829265594482,87.2243804931641,1.81225740909576,11.9762582778931
1780,7.01625776290894,3.63524150848389,2.5294497013092,0.317296147346497,17.0949058532715,18.3289623260498,83.9431762695313,1.52056765556335,10.6590070724487
1782,2.88515639305115,3.68283939361572,4.50662612915039,0.147665917873383,13.1915369033813,20.701639175415,81.6679458618164,3.87844204902649,14.6923580169678
1784,1.2045806646347,0.266632586717606,4.18985939025879,-1.25343072414398,7.42722749710083,22.5052890777588,77.5179214477539,2.53166961669922,12.893253326416
1786,1.67085981369019,1.08536100387573,0.591135144233704,0.509577453136444,9.74705982208252,14.5856370925903,71.5611572265625,0.110370613634586,10.7678833007813
1788,-0.92400711774826,3.89824819564819,1.60822975635529,3.86653566360474,8.65086936950684,9.99447059631348,64.6009216308594,-2.67630577087402,10.050012588501
1790,-4.755202293396,3.37091374397278,1.06629967689514,2.44161510467529,6.00205564498901,10.0811061859131,49.1908187866211,-0.559413075447083,11.0448665618896
1792,3.96742630004883,2.53897666931152,-0.708830833435059,1.05621218681335,4.33069849014282,1.47980117797852,31.4524192810059,-1.71207940578461,11.1156883239746
1794,4.14068698883057,-1.01440787315369,-0.843855500221252,-0.810362994670868,5.86702632904053,-3.85072469711304,39.7045783996582,-7.33635330200195,4.71133947372437
1796,-0.582754075527191,2.58182764053345,-0.859901547431946,-0.406583875417709,3.4704909324646,2.73955273628235,49.2254943847656,-6.00974750518799,2.99649143218994
1798,-8.48290061950684,0.350958168506622,2.43314170837402,-6.59497117996216,2.1043529510498,4.53215408325195,52.1388206481934,-3.93182468414307,11.1799659729004
2688,-5.97341823577881,-3.6972599029541,1.02520656585693,-5.7192907333374,2.57370495796204,2.50554800033569,46.9101791381836,-1.08345806598663,10.0619449615479
2690,-1.49868631362915,-10.9157562255859,-1.48532342910767,-4.15783977508545,3.41061997413635,-1.10815358161926,37.5868339538574,3.99554896354675,8.06836891174316
2692,8.73556709289551,-27.425329208374,-7.22720956802368,-0.586614191532135,5.32474613189697,-9.37312412261963,16.2632179260254,15.6118516921997,3.50881910324097
2694,1.64911127090454,9.27365398406982,-5.20058488845825,-5.28628635406494,-2.16387677192688,-17.1506443023682,24.5226058959961,9.58628082275391,0.453962743282318
2696,-18.8277721405029,-3.42049646377563,-0.397949397563934,-23.4277782440186,-0.396140187978745,5.00534772872925,20.3943710327148,5.90650510787964,11.3084564208984
2698,-6.65940475463867,-4.43555545806885,-9.87628555297852,-4.98618745803833,2.52721667289734,9.64386081695557,35.0148086547852,9.24721813201904,2.86085033416748
2700,-3.28459739685059,-10.6251888275146,0.364772319793701,3.88130259513855,5.89777565002441,8.73377418518066,28.7742595672607,8.70505237579346,-0.269636452198029
2702,-6.07069778442383,-13.5891733169556,7.17690706253052,1.77749049663544,8.63976573944092,17.6371383666992,38.5442085266113,-5.96621704101563,-3.21751379966736
2704,-3.71165490150452,1.04104149341583,5.07230520248413,2.52602624893188,-0.0385119318962097,10.3660583496094,36.1440582275391,-4.52322149276733,3.4051468372345
2706,2.83140707015991,-1.17882692813873,3.1774754524231,-5.39339113235474,1.52629292011261,0.564661800861359,37.8782997131348,-3.91861343383789,12.4888343811035
2708,0.481184661388397,-1.05980110168457,3.10182976722717,-1.03464448451996,0.689576745033264,-2.45893263816833,50.368968963623,1.03539347648621,7.74981784820557
2710,-4.47679948806763,-0.721613764762878,0.416870296001434,2.3442063331604,6.90818548202515,-4.11318731307983,48.3220901489258,-6.616379737854,8.17986679077148
2712,3.91999912261963,5.69172334671021,5.86879539489746,2.0731782913208,8.39537048339844,-0.220721632242203,55.0366401672363,-0.573250770568848,9.15706825256348
2714,6.22858047485352,5.02820491790771,2.10857057571411,4.97185754776001,11.5882453918457,10.2263355255127,58.8768005371094,-2.026291847229,2.02282309532166
2716,6.51546478271484,2.70947217941284,-1.89378094673157,0.921406388282776,18.9788684844971,10.1399669647217,48.3757934570313,-0.832306087017059,10.9297065734863
2718,-6.56830883026123,0.298297315835953,-5.39459466934204,1.63218116760254,17.3472480773926,12.6355667114258,51.281608581543,-6.35910177230835,10.7484159469604
2720,-6.26436185836792,0.691615760326385,-1.59697842597961,-1.33711588382721,14.9749603271484,15.6722564697266,56.3931503295898,-3.09931468963623,10.0830202102661
2722,-4.49266052246094,-7.61948204040527,0.133780881762505,-1.11502659320831,13.0499200820923,8.26861190795898,61.5878448486328,-1.76687920093536,12.8977327346802
2724,0.467743784189224,-2.77527189254761,-0.88938045501709,0.458591759204865,14.1785869598389,12.5907859802246,57.8341751098633,-2.18154215812683,7.2077202796936
2726,-1.9598685503006,-2.49289536476135,-0.686311841011047,1.43167042732239,16.165096282959,15.5286998748779,55.5805931091309,0.240413382649422,7.0911693572998
2728,0.597559452056885,-2.48004150390625,1.96371221542358,-2.17593479156494,15.7088851928711,7.65406847000122,52.038745880127,2.69047570228577,2.96907472610474
2730,-3.12304902076721,-4.13670682907104,2.29466271400452,-2.37533235549927,13.4646253585815,11.5114107131958,54.2129287719727,-4.69765615463257,2.76753807067871
2732,-1.73195731639862,-6.65262365341187,6.0734224319458,-4.1828145980835,11.6855392456055,14.0157480239868,53.5671577453613,-4.55436515808105,7.27693796157837
2734,0.846919894218445,-1.83788895606995,2.29766798019409,-0.204929396510124,12.9038124084473,7.25745153427124,55.4803276062012,-2.73369383811951,2.19585251808167
2736,2.73315334320068,2.40476036071777,0.900394678115845,0.730776786804199,14.7899570465088,11.939546585083,54.5861701965332,1.63998913764954,3.7624773979187
2738,2.18743824958801,0.188266277313232,2.98316979408264,0.719865262508392,13.7152729034424,12.7738962173462,54.0907897949219,4.94059419631958,10.0201854705811
2740,1.89751803874969,-2.44280695915222,4.21096420288086,-1.5721709728241,12.7999172210693,16.72678565979,58.6732215881348,1.64465188980103,8.92715454101563
2742,5.52830028533936,-0.039892815053463,2.87534666061401,-2.54129886627197,14.9992189407349,11.9674987792969,58.1522789001465,6.04289388656616,5.55604076385498
2744,7.24850130081177,1.27356290817261,2.11100363731384,-3.69792938232422,18.7528610229492,9.40759944915771,60.0805740356445,10.0817184448242,6.4004602432251
2746,5.35388469696045,4.39516353607178,2.4636812210083,-0.192362949252129,18.4241313934326,14.1812295913696,54.0122489929199,1.33008277416229,12.5308904647827
2748,-0.241793394088745,7.95481634140015,0.830341756343842,1.32298505306244,17.3415222167969,12.3519735336304,47.2464828491211,-0.646597445011139,14.4807987213135
2750,1.12827563285828,4.0123405456543,1.66719388961792,1.56944572925568,16.4561614990234,11.1245279312134,48.1711082458496,2.12532687187195,12.7605314254761
2752,6.32389211654663,0.310194820165634,2.93999838829041,2.29912757873535,17.8120059967041,6.30654811859131,46.6422424316406,4.0418062210083,11.4378051757813
2754,5.36181449890137,2.96707892417908,2.88155889511108,-0.00880592688918114,15.9439210891724,10.2063217163086,43.398307800293,2.56593251228333,9.71266841888428
2756,3.86479306221008,0.990909934043884,3.25706601142883,-3.38610172271729,17.823543548584,9.74334049224854,41.1693725585938,0.0912968665361404,11.6431427001953
2758,5.59472227096558,-3.21278810501099,4.64348316192627,-2.76592588424683,16.3215560913086,8.47596836090088,42.8507118225098,2.30014991760254,13.7466611862183
2760,3.3607292175293,1.30962038040161,5.49456691741943,-2.34739112854004,11.4112615585327,11.8372821807861,47.978084564209,5.78961658477783,13.1141366958618
2762,3.96348881721497,1.74662590026855,3.8897819519043,-0.862302601337433,8.32243728637695,18.1785717010498,52.8891677856445,4.78115844726563,7.72469854354858
2764,5.94950675964355,-0.269154757261276,5.91629076004028,-1.09174060821533,11.5046720504761,20.7275447845459,49.9383773803711,3.63262510299683,7.52406024932861
2766,4.89009952545166,-0.411924839019775,6.23909759521484,-1.91105401515961,13.8733148574829,17.0296459197998,49.6275177001953,4.03665113449097,11.4635744094849
2768,3.03568816184998,-1.19419705867767,3.97585272789001,-1.14610254764557,13.389928817749,15.774450302124,47.8464546203613,3.11952972412109,13.7350120544434
2770,4.49887466430664,-0.312803328037262,3.86897945404053,1.54376268386841,14.3068332672119,18.1273155212402,48.543815612793,1.93264245986938,11.5020990371704
2772,3.83717203140259,0.870269417762756,5.58452177047729,3.50803303718567,13.6824941635132,23.300594329834,46.3518753051758,4.73603391647339,10.4318799972534
2774,2.56587052345276,0.272086441516876,4.48807382583618,1.61865389347076,13.5959568023682,24.805871963501,48.5849952697754,4.33381462097168,10.4784698486328
2776,1.27351117134094,-0.617336511611938,6.92073154449463,-1.1234370470047,14.5123224258423,21.1619243621826,57.679630279541,5.10499382019043,12.5250301361084
2778,1.68244814872742,0.252472132444382,6.81878423690796,0.422555595636368,16.1626434326172,18.7128028869629,58.8081817626953,7.41476058959961,13.3512125015259
2780,5.56661701202393,0.182327345013618,6.62133598327637,-1.56340491771698,16.2158126831055,18.6541366577148,54.807689666748,8.76049137115479,16.4112796783447
2782,6.95655727386475,-0.39290252327919,5.10145378112793,1.91920065879822,17.4297142028809,15.0061502456665,56.0732460021973,8.60504150390625,18.9269351959229
2784,8.74020481109619,-0.222237184643745,5.55100440979004,1.33791208267212,17.0507640838623,17.7860870361328,58.912425994873,6.12786436080933,17.368049621582
2786,6.26815462112427,0.950974583625793,6.95683145523071,-0.5050989985466,18.2883529663086,24.4839878082275,59.3188133239746,6.38864612579346,16.8462429046631
2788,7.95620536804199,0.328533619642258,6.07809591293335,-0.188405334949493,22.029239654541,25.8942985534668,61.080249786377,4.55756807327271,17.8185138702393
2790,7.9132604598999,0.367807656526566,6.36312007904053,-1.72726917266846,22.3367214202881,23.0977153778076,61.5778312683105,9.5092248916626,14.9726896286011
2792,8.98139953613281,0.0928276851773262,7.33521747589111,-0.312577605247498,21.4606685638428,21.0020332336426,63.861988067627,10.4803228378296,14.0770215988159
2794,10.6490478515625,-0.773003697395325,6.29269409179688,0.993868350982666,24.0538921356201,26.5035820007324,64.3221054077148,8.42061805725098,15.8751201629639
2796,10.3743953704834,1.60190069675446,4.8829779624939,0.315053939819336,23.4601516723633,27.8980484008789,66.5838851928711,8.29898166656494,16.5183887481689
2798,8.12195014953613,2.59783434867859,4.71520853042603,-0.919858694076538,24.5696067810059,28.7147960662842,70.7897338867188,10.9541130065918,18.7211894989014
2800,5.90587520599365,1.24991607666016,5.0608549118042,-1.86144757270813,24.8740100860596,33.5659027099609,73.5882186889648,8.19173812866211,19.6022243499756
2802,9.39871978759766,-0.617227375507355,3.72898054122925,0.96071594953537,29.4484882354736,39.6823043823242,75.9265518188477,9.14649200439453,20.9100799560547
2804,9.85584831237793,-1.37660896778107,4.77336406707764,2.15931057929993,30.2249565124512,43.5775299072266,80.0595932006836,8.5558385848999,22.8536148071289
2806,10.3951559066772,0.234617248177528,4.88853740692139,1.39957940578461,30.2925796508789,45.1219596862793,82.7292327880859,7.88741588592529,21.3038082122803
2808,12.6862325668335,-1.76876842975616,6.37541055679321,1.20338332653046,32.2461357116699,47.8609580993652,85.6141357421875,8.4282693862915,24.7900295257568
2810,13.7191734313965,-2.2935688495636,7.56515502929688,1.11509823799133,34.6856460571289,49.2549095153809,92.4430694580078,10.059871673584,26.3344631195068
2812,16.5078449249268,0.716163456439972,8.86540699005127,1.56136453151703,38.0212821960449,57.4208221435547,93.022575378418,12.8668279647827,26.6509914398193
2814,18.2558269500732,2.16152167320251,8.39248275756836,2.69935941696167,41.3059959411621,64.4194564819336,94.8450622558594,12.758355140686,24.7174339294434
2816,19.1438579559326,2.90116620063782,9.01760673522949,2.08642959594727,43.1579208374023,68.0307388305664,106.934295654297,14.5223474502563,29.734432220459
2818,20.807056427002,3.60451412200928,9.0733060836792,4.63418865203857,45.0279502868652,70.4916610717773,115.902732849121,14.6102828979492,32.5268478393555
2820,21.631217956543,3.88752937316895,10.3454856872559,6.58022737503052,46.8481025695801,71.4844665527344,123.873420715332,13.4732179641724,34.5385208129883
2822,20.1077842712402,3.52247190475464,12.4978446960449,5.24804449081421,48.8613586425781,77.3719329833984,129.786712646484,13.9751586914063,34.781810760498
2824,22.4983291625977,3.77578377723694,12.6131649017334,5.97229433059692,50.5957221984863,82.7994155883789,134.635116577148,15.3602933883667,37.8313140869141
2826,25.7740573883057,3.6301155090332,10.2681198120117,6.5894660949707,53.6949996948242,91.5033340454102,143.491897583008,18.0644931793213,39.9047584533691
2828,28.8430957794189,6.43431806564331,11.2861814498901,7.31010627746582,60.2558898925781,102.460144042969,157.206802368164,17.3691444396973,46.4731903076172
2830,30.0874118804932,5.33213901519775,13.3446187973022,7.07496213912964,69.3340072631836,107.583251953125,166.765487670898,18.871509552002,52.2958106994629
2832,32.8526306152344,4.4661808013916,15.7320184707642,8.95009994506836,73.9943084716797,117.115653991699,179.226379394531,18.8020858764648,55.9462051391602
2834,37.726448059082,6.87696695327759,16.7853698730469,9.96659660339355,78.9643249511719,128.593948364258,197.229797363281,20.7433090209961,59.8757743835449
2836,42.5909881591797,6.00571250915527,18.2345905303955,9.05898952484131,86.4281768798828,146.569274902344,217.951904296875,22.8778667449951,64.751594543457
2838,48.3449935913086,6.61838483810425,21.3093395233154,9.24565124511719,97.7334823608398,171.700119018555,245.271591186523,20.6715831756592,72.512092590332
2840,55.7557678222656,10.3640508651733,22.4411010742188,9.95388793945313,111.337219238281,203.672653198242,285.371154785156,23.4767398834229,84.3494186401367
2842,61.832103729248,13.7053680419922,25.7540302276611,12.7645807266235,126.206893920898,237.090377807617,330.327972412109,23.6991271972656,98.9837417602539
2844,70.9646835327148,16.5930004119873,30.560022354126,13.8186597824097,144.226409912109,276.471343994141,378.928283691406,23.2563323974609,109.04630279541
2846,81.4040679931641,18.6920585632324,34.0166931152344,14.3978462219238,162.887664794922,325.122222900391,427.612762451172,25.3262615203857,124.98225402832
2848,90.5690155029297,22.3918495178223,39.0595855712891,16.56667137146,184.598663330078,375.003540039063,483.950561523438,22.7177677154541,139.457412719727
2850,98.3475723266602,24.6487789154053,40.9113121032715,17.9974498748779,202.874862670898,414.180725097656,533.25146484375,22.104528427124,148.832244873047
2852,102.750938415527,21.0958061218262,42.2365074157715,20.3787460327148,216.15852355957,444.215637207031,572.623718261719,22.8557624816895,156.221328735352
2854,107.873695373535,20.8835487365723,43.2075309753418,22.8329792022705,227.790405273438,473.633392333984,601.584289550781,20.802095413208,160.858261108398
2856,110.736686706543,21.217586517334,44.1474533081055,22.0356502532959,231.26530456543,488.632690429688,616.6787109375,22.4915027618408,159.100112915039
2858,110.423896789551,23.2073841094971,47.1034317016602,21.6960220336914,231.932006835938,485.424194335938,623.111999511719,23.849458694458,154.881530761719
2860,108.124450683594,23.6321315765381,47.6294746398926,18.7213916778564,226.282699584961,476.176177978516,616.298095703125,19.8289413452148,153.937301635742
2862,106.060775756836,21.1163501739502,47.8899955749512,17.8402805328369,220.694137573242,460.508544921875,614.636657714844,19.1773891448975,156.489730834961
2864,104.64794921875,18.8380641937256,46.829776763916,16.6410827636719,216.800445556641,444.881896972656,608.933288574219,23.8304901123047,154.913330078125
2866,105.641647338867,21.2879600524902,44.6739883422852,18.0423431396484,213.538879394531,435.106140136719,605.789001464844,20.7451286315918,151.004333496094
2868,105.688217163086,23.8114452362061,44.3140830993652,21.0458030700684,210.784271240234,430.982116699219,603.5009765625,16.2813911437988,152.541000366211
2870,100.48755645752,21.883617401123,41.9541931152344,19.5650196075439,201.371505737305,420.881530761719,595.151062011719,14.7672739028931,149.511489868164
2872,97.8806533813477,19.6354961395264,43.788932800293,17.5142192840576,197.318710327148,406.382354736328,590.08984375,15.2534837722778,146.400283813477
2874,94.8143692016602,18.6968193054199,42.8927536010742,16.5634784698486,191.59553527832,395.249755859375,573.503356933594,15.7300748825073,140.177978515625
2876,90.8945541381836,16.5949306488037,42.4122352600098,12.6593790054321,186.034591674805,377.667297363281,554.775634765625,13.6552457809448,132.577026367188
2878,84.4289703369141,15.6326198577881,41.3839645385742,13.3749351501465,179.854141235352,366.488708496094,543.5712890625,13.1806383132935,129.723236083984
2880,81.8644943237305,16.3432426452637,39.5431442260742,15.7963275909424,173.989959716797,360.291870117188,530.580810546875,13.0106868743896,130.992172241211
2882,82.6818618774414,17.60768699646,40.0557861328125,18.1243495941162,173.753692626953,358.95556640625,533.961181640625,16.3313636779785,129.666641235352
2884,86.2998352050781,15.462550163269,40.8528327941895,15.6412410736084,176.501953125,363.991119384766,544.873596191406,17.9957656860352,133.036239624023
2886,90.3225326538086,15.3688545227051,42.111457824707,12.2136220932007,177.845092773438,372.091400146484,558.521911621094,19.3620204925537,136.666061401367
2888,92.9589080810547,16.5309143066406,41.4150810241699,13.4171018600464,177.702239990234,383.842254638672,568.512512207031,14.9496021270752,140.299209594727
2890,93.175178527832,18.6629734039307,43.7263526916504,15.2086791992188,181.995941162109,397.468933105469,580.422973632813,13.1993818283081,141.580871582031
2892,95.8376922607422,20.3459854125977,47.4332160949707,15.5347690582275,186.059448242188,415.735870361328,598.600036621094,20.4629058837891,140.969818115234
2894,100.215003967285,20.438512802124,48.6762199401855,15.1273727416992,191.956451416016,439.759948730469,620.466979980469,25.3813743591309,147.480865478516
2896,102.552253723145,23.2180023193359,50.1227416992188,16.1857128143311,201.374908447266,461.855377197266,651.393188476563,26.0073375701904,157.926010131836
2898,107.304794311523,25.194486618042,52.8557510375977,18.2379512786865,211.852249145508,485.253784179688,681.395385742188,25.5178470611572,162.013717651367
2900,112.957458496094,25.4560298919678,55.8278045654297,23.1593208312988,219.722061157227,505.368377685547,709.179870605469,30.4754791259766,167.730285644531
2902,121.109886169434,27.4221134185791,59.4850654602051,22.6951599121094,233.17463684082,540.984558105469,752.090759277344,36.5158805847168,178.339065551758
2904,129.645202636719,26.2657947540283,60.7784080505371,21.4823703765869,246.281066894531,581.455383300781,794.511169433594,38.6198387145996,190.501190185547
2906,133.364013671875,27.049036026001,63.8688087463379,19.7324981689453,260.374877929688,628.826354980469,849.214172363281,39.4411354064941,200.160690307617
2908,142.097229003906,29.603443145752,67.7351150512695,21.989818572998,275.095886230469,669.940673828125,906.045288085938,41.5541877746582,208.836853027344
2910,149.864227294922,33.4815216064453,71.5547332763672,24.5063133239746,288.815124511719,719.786254882813,962.745788574219,48.1082725524902,220.949417114258
2912,163.15119934082,34.5002403259277,75.1901779174805,24.8931541442871,311.915985107422,782.980285644531,1039.60803222656,47.6389350891113,229.329940795898
2914,170.248672485352,33.7274475097656,77.1198348999023,27.9129314422607,330.111175537109,850.807312011719,1108.06066894531,44.9533653259277,241.451416015625
2916,180.035202026367,33.0189666748047,86.2633361816406,32.5151405334473,354.777160644531,906.051391601563,1187.64001464844,47.4944076538086,261.102172851563
2918,184.419097900391,33.5364990234375,89.6908569335938,33.0577049255371,369.406860351563,948.831420898438,1240.74462890625,54.1299209594727,270.831909179688
2920,195.683212280273,39.6609916687012,93.1990432739258,34.6484756469727,392.119689941406,1016.58117675781,1322.34826660156,58.1408500671387,283.343170166016
2922,211.817611694336,44.9863357543945,100.476661682129,39.5215377807617,419.523223876953,1093.234375,1423.61437988281,58.2916450500488,301.883544921875
2924,221.516723632813,52.384521484375,104.487335205078,42.0692672729492,432.784606933594,1131.17761230469,1460.81225585938,60.2593002319336,319.148590087891
2926,227.183242797852,52.2035140991211,110.37899017334,38.8196868896484,446.506561279297,1148.50866699219,1480.59814453125,70.5702819824219,327.814086914063
2928,228.244018554688,54.5499649047852,109.252151489258,40.0777778625488,448.637176513672,1146.423828125,1481.04467773438,71.7891082763672,326.167785644531
2930,231.446090698242,52.9082641601563,107.906265258789,38.6383972167969,447.938873291016,1145.71960449219,1491.77294921875,64.3891448974609,322.302185058594
2932,222.234329223633,51.5415267944336,99.3143692016602,32.2414588928223,431.200744628906,1095.88134765625,1457.20483398438,62.1056976318359,303.848510742188
2934,207.813812255859,52.4102401733398,88.4913177490234,26.0955657958984,404.340148925781,1011.05596923828,1381.22595214844,63.6673240661621,287.985473632813
2936,203.842361450195,44.8825912475586,87.2100372314453,25.7840957641602,398.393768310547,978.259704589844,1365.9931640625,75.4639663696289,288.311859130859
2938,191.715698242188,35.4714698791504,86.7278747558594,27.0102844238281,380.591369628906,940.388977050781,1320.25122070313,75.146598815918,279.526672363281
2940,180.357482910156,30.2988681793213,80.9321975708008,23.9353771209717,362.808288574219,912.39453125,1279.58435058594,66.7999801635742,270.035736083984
2942,177.822540283203,37.0360107421875,72.9766616821289,29.5327854156494,352.613250732422,890.161071777344,1262.15625,74.1314239501953,266.709045410156
2944,170.531021118164,43.3929824829102,73.9735412597656,27.4302158355713,330.894226074219,852.392395019531,1209.89758300781,79.7468643188477,261.921020507813
2946,168.760345458984,36.646858215332,73.9508209228516,21.3079452514648,312.199859619141,796.443237304688,1160.57470703125,75.583869934082,253.55973815918
2948,158.179183959961,32.3735771179199,65.2852020263672,19.0065250396729,300.256042480469,773.006469726563,1120.24462890625,74.8096313476563,236.426895141602
2950,164.179458618164,31.6501750946045,66.2402648925781,14.9549026489258,286.057922363281,745.091735839844,1090.13195800781,64.8286437988281,224.276229858398
2952,160.70686340332,28.8881549835205,64.7669906616211,13.8947010040283,265.553070068359,704.952758789063,1049.00708007813,58.5068817138672,218.084655761719
2954,150.279479980469,24.6064014434814,59.1043395996094,13.4136619567871,253.337783813477,675.259765625,1014.66296386719,56.9826736450195,214.790588378906
2956,135.566268920898,12.0725994110107,55.6415824890137,11.0034112930298,255.869094848633,659.9814453125,1004.12957763672,59.2705230712891,209.214157104492
2958,133.570785522461,14.1900949478149,49.5469665527344,21.0082950592041,250.663604736328,637.36669921875,973.365966796875,63.9145011901855,205.70263671875
2960,124.712333679199,15.6204795837402,39.8008232116699,17.9552040100098,243.047744750977,611.344482421875,940.37109375,64.4001922607422,192.191116333008
2962,114.062057495117,32.4563446044922,36.3882942199707,10.5908756256104,234.978866577148,587.171020507813,925.576049804688,59.0253105163574,185.851318359375
2964,106.939575195313,32.4679756164551,34.4034614562988,3.74302244186401,215.341232299805,559.835388183594,880.4443359375,60.2661361694336,183.809631347656
2966,88.5130996704102,26.9989070892334,29.9566993713379,4.59869289398193,189.08203125,537.370971679688,852.704345703125,33.2992134094238,179.23193359375
2968,73.198974609375,20.3656616210938,39.6633224487305,22.2400951385498,177.35514831543,494.939239501953,814.348937988281,36.8414688110352,170.898727416992
2970,72.6319732666016,-3.10470700263977,44.4514007568359,21.9437961578369,150.278625488281,435.111145019531,739.559814453125,51.8904266357422,139.862121582031
2972,74.1263046264648,0.535882651805878,39.9701805114746,-0.280059903860092,149.633575439453,419.493469238281,723.626159667969,59.530345916748,128.089050292969
2974,66.8600463867188,10.4640293121338,28.0430297851563,-5.52734041213989,156.714660644531,406.8818359375,723.439208984375,27.2197036743164,132.190444946289
2976,45.3136863708496,6.22046089172363,23.8382720947266,-2.3015079498291,150.59326171875,373.855712890625,687.480407714844,-7.20464134216309,118.338035583496
2978,46.6565399169922,-1.77366662025452,26.139720916748,5.28084087371826,129.473052978516,324.944213867188,617.180480957031,-3.82770872116089,105.764114379883
2980,38.7663917541504,-29.040060043335,33.9623832702637,-27.2146434783936,106.418151855469,277.748046875,552.959350585938,3.9591383934021,99.2839431762695
2982,7.55011034011841,-18.1495246887207,32.0133323669434,-16.5185470581055,79.2509078979492,261.468658447266,493.088989257813,1.67948770523071,117.52938079834
2984,-41.6624145507813,-2.07255554199219,17.9422473907471,-32.6008682250977,95.2796783447266,234.624694824219,468.569152832031,14.85071849823,98.8180465698242
2986,-6.98196220397949,-44.4534873962402,20.0154075622559,-25.8762264251709,84.7082214355469,176.258102416992,473.82177734375,41.4342231750488,68.1834411621094
2988,-14.9082565307617,-28.5122814178467,6.21753835678101,-23.6759433746338,111.010971069336,231.470611572266,405.934875488281,35.0337295532227,67.5125427246094
2990,-27.4561157226563,-25.2668514251709,46.9507598876953,-42.8077507019043,66.8901596069336,221.90446472168,308.139282226563,-13.3671722412109,-4.54122161865234
2992,-24.1461372375488,-22.4065017700195,1.58235061168671,-49.836498260498,17.0855236053467,78.5965042114258,188.597442626953,-28.3302783966064,32.4544143676758
2994,6.4428334236145,-111.689971923828,-19.1359539031982,-10.1005325317383,66.5496215820313,-37.7921295166016,123.395584106445,21.5659503936768,6.2709436416626
2996,-13.0872373580933,-83.11181640625,22.7136421203613,12.8084764480591,14.6239347457886,-70.9727325439453,-40.9866485595703,23.8442783355713,74.9480590820313
2998,-56.7681045532227,-26.3885936737061,26.7512722015381,-46.3210029602051,-32.2993011474609,-121.268981933594,-5.59659814834595,75.9900360107422,153.564788818359
