4.10,4.10,4.10,4.11,4.11,4.11,4.12,4.12,4.12
36.269071,26.357460,33.229388,25.723646,31.665930,28.221471,44.911709,34.612220,37.127801
48.531716,26.970700,28.537403,32.123406,28.588531,26.187439,32.679126,52.866920,25.131773
34.771778,46.120137,34.417363,23.794453,31.073010,27.401846,28.194452,26.839081,27.648539
36.772558,73.260235,28.767489,21.214496,20.954773,29.776562,32.516945,26.456389,20.618597
34.779021,33.836116,40.051637,24.810202,25.964903,27.099765,59.303673,23.018031,26.819161
42.944711,25.299137,30.489007,37.559884,32.679706,21.943055,28.360124,38.443985,34.620939
40.883331,26.754184,23.756772,34.978728,27.166992,34.085656,22.948294,26.439796,24.224591
49.095380,32.604908,35.261350,25.329017,27.308161,24.901326,43.707044,26.230234,31.122462
38.957511,35.179064,28.175914,23.368920,22.202920,28.997318,44.544295,38.233348,26.442852
32.534544,32.258309,30.244629,26.309969,27.932894,15.666497,27.814810,30.914356,27.418825
45.476685,23.947077,23.588239,29.860493,33.309907,25.351718,29.297860,29.593534,21.280845
42.609825,26.023752,25.403970,25.247438,28.014838,29.384179,29.982261,36.306425,26.703681
38.594164,24.786409,28.212549,34.405913,29.792376,24.222270,25.015595,30.234991,35.887973
40.854001,26.176653,29.191695,34.345991,24.029863,26.051591,22.076629,21.489596,26.119964
38.460843,31.946874,23.769781,20.288679,19.889058,26.464012,51.892835,23.189626,38.306146
37.164000,23.391499,23.897710,23.568523,31.552557,30.841511,23.404407,36.390072,32.238418
68.307444,27.308610,32.343783,29.526586,34.393475,36.729763,23.404407,29.598430,31.143164
37.817411,38.636173,30.598116,32.163084,26.868333,28.163169,31.491746,55.533124,35.337717
42.215027,29.363677,32.042303,22.788214,30.651124,24.290289,49.199130,24.456848,31.337026
39.265449,22.129309,29.628448,33.360787,32.366513,27.654782,24.442500,28.753385,24.421560
40.916297,47.345639,24.186814,24.328687,28.873338,31.102811,29.914177,27.757617,39.040792
41.656447,20.895686,34.805421,27.200122,32.258017,32.375004,30.330194,50.920459,27.443777
41.906220,30.993044,23.756772,22.578175,25.427584,26.530015,32.949079,29.947692,29.459684
34.740629,27.391997,26.421240,39.749148,22.916781,29.261689,28.425539,42.365214,29.330627
51.528250,27.733952,31.487994,28.284607,29.838055,29.709890,25.693801,23.018031,78.403112
43.743000,24.073133,33.222741,26.927925,28.066483,32.368971,26.385182,30.902207,31.571287
36.357399,43.240209,33.249102,35.319578,53.168153,26.891663,24.887527,30.314277,24.551130
46.629215,33.198985,40.419657,24.141509,31.216220,25.656117,25.245725,25.385886,29.515891
39.753422,51.648800,36.244763,22.471675,35.896943,26.397680,25.723960,25.662421,32.611407
53.532633,22.171277,29.428365,41.170674,32.272394,25.196738,23.037064,24.437428,34.099889
48.462478,25.476711,36.072405,28.400589,35.428076,26.881468,31.011735,24.456849,31.092689
46.571555,23.005545,28.357815,39.061560,24.643314,23.176103,34.331507,24.437427,25.139715
32.117291,30.895014,44.036320,42.717877,30.897129,28.566336,31.617692,29.466796,28.514389
35.485517,25.119037,25.096188,28.377469,24.762401,30.624078,42.325671,27.939491,28.555933
34.414749,22.867413,22.985480,31.695188,24.748458,25.061643,25.471733,27.875989,29.752713
62.927582,27.747330,29.939854,36.406071,56.567813,22.582613,28.376114,28.656309,35.060653
61.462878,31.356316,30.379110,30.766821,29.170236,27.072492,27.565694,31.747903,33.949458
37.111312,44.428638,23.417263,22.541562,38.416304,25.686480,27.346453,30.322237,24.654608
36.233772,44.110984,24.757145,29.793462,22.822806,27.559434,20.118916,26.034403,34.665839
55.944730,26.176652,36.382627,31.276045,26.342975,23.443589,33.853477,31.778166,41.035010
59.261554,26.769401,30.520302,24.779890,40.179235,33.436100,24.898925,24.066774,33.962510
35.648881,48.944659,24.910286,24.927700,31.689364,31.225348,40.942316,26.949666,48.532306
41.755110,34.908836,23.846609,21.093748,25.163692,26.641771,22.224739,25.644785,30.034526
39.475582,28.302472,24.792621,32.123405,26.471688,32.495130,39.977928,61.842934,36.209049
34.422145,30.917206,26.431760,25.616197,44.708345,23.751868,23.853612,40.369718,32.002802
43.217395,23.447808,26.891599,27.894966,27.512973,30.282255,22.861237,28.216021,30.163154
35.548019,38.426521,26.358708,23.303914,25.427584,28.524980,31.841257,26.051515,31.552436
47.651971,32.933129,24.505484,24.080613,33.526176,26.743761,27.469726,25.480289,29.681788
49.565988,31.239475,26.617457,26.204567,26.686519,25.746993,20.488597,27.415783,34.446548
40.728247,23.523564,32.329981,22.997980,24.455358,31.225348,26.648575,23.211187,31.103063
50.604303,24.426352,29.487016,48.377179,23.114492,38.887160,30.817949,23.920385,33.064530
47.695509,25.036224,34.101316,30.745150,26.144356,29.153048,25.663572,26.423182,38.632931
34.972664,33.180291,26.841442,34.068923,31.591166,32.107533,25.912094,47.965942,30.369686
37.410877,24.356118,43.745849,26.824740,21.171578,33.654165,16.978756,73.588465,35.906439
44.630437,39.124109,24.553881,28.307881,30.426530,28.918193,50.167217,26.526860,22.339473
55.694042,29.470747,26.991716,31.641306,28.441312,28.131261,58.296868,26.439796,33.210589
35.126628,47.954555,32.742106,26.597535,31.174494,24.300996,29.661945,22.478776,35.291517
36.824313,27.597866,43.761056,34.188899,30.285053,22.902296,50.769665,25.772297,31.969742
49.103735,27.597867,30.108941,21.374752,25.467167,34.006601,30.720138,37.006280,22.494069
35.988726,34.275240,25.627209,28.559104,21.560178,30.582468,41.008583,33.741260,20.954953
33.733836,28.250209,24.945329,20.761909,23.308878,33.059771,21.967891,29.832177,30.019263
46.118269,28.972913,37.224916,32.354674,22.054517,26.464012,33.075956,34.218315,27.203800
36.357396,23.333807,30.044845,26.073667,32.701713,40.351677,24.365811,26.318686,27.937264
45.190814,29.218277,25.222595,24.237048,25.328015,32.723921,27.917491,27.246553,26.703680
47.616082,27.474874,28.411865,33.249921,25.614617,24.143030,27.006868,25.551596,24.478146
34.958330,28.250208,40.406329,25.664369,29.322651,24.880926,50.749193,27.246553,25.539726
36.337504,57.250060,36.821856,28.104120,56.833723,36.467947,27.539438,44.749372,32.997926
40.914747,27.126314,28.185163,23.866652,30.888176,36.641341,24.341993,24.243648,30.758637
35.253156,28.093791,59.378401,29.293929,23.718626,27.489926,29.472895,46.335001,25.131774
44.716419,24.408071,27.520004,26.979226,21.099804,32.974754,29.870971,23.345294,30.931135
44.953354,33.543738,20.497323,21.767186,23.817013,32.494140,24.264667,29.328988,43.054604
41.381680,24.356118,31.244272,40.326831,25.942673,29.991194,28.335318,50.659600,31.687764
35.657808,27.948018,22.098620,20.967353,28.630294,23.273729,26.251488,27.978548,42.328676
44.210683,26.221648,28.573118,35.022833,25.477076,26.331010,20.690373,42.720167,46.705830
42.582279,52.339870,23.769781,24.574894,29.571620,33.851989,26.019878,27.742544,28.555934
50.775011,29.182054,45.602586,21.954333,29.018730,32.056368,28.506503,41.748956,21.751737
46.194715,28.132864,28.447893,32.351112,26.779210,24.334832,42.358314,36.676487,40.858659
47.998051,25.698692,24.517710,36.321526,32.882583,34.085655,27.346452,25.533806,31.576317
35.828452,38.678325,27.384942,23.892782,23.484592,27.304720,27.556396,24.366662,34.310842
37.572206,25.714271,44.404202,20.329332,24.997195,45.066413,24.140609,26.151885,23.475778
40.505834,38.321246,26.211380,28.284607,21.421335,30.166967,22.250763,74.432331,46.469714
34.182549,23.672548,29.174447,22.859754,30.838801,40.541588,23.595393,44.607408,37.130505
40.229714,32.866552,24.074631,23.827318,25.277935,34.429356,37.547224,25.261155,23.606904
34.338429,24.037551,26.586687,33.636427,28.401621,23.077647,48.974419,28.804265,29.404750
52.095728,32.942614,24.589944,24.481977,22.540297,24.643901,69.251967,27.546756,36.311959
41.317166,21.850034,26.586687,28.908903,27.036034,37.688924,28.844352,25.338421,34.266100
36.873290,29.590187,33.340918,24.810202,28.169207,29.717049,19.753244,28.702327,39.040789
34.559049,49.018891,29.850322,26.876433,23.888385,23.273730,23.367959,36.265605,33.962511
40.299338,32.209350,31.604776,29.547945,32.227176,24.030480,26.413782,30.347466,20.686141
51.452610,35.078466,23.756771,24.599543,28.420169,22.864084,23.737748,34.931931,38.062945
42.102223,31.721595,38.716612,28.645652,46.536960,23.138789,24.475819,40.847412,29.308788
41.388311,22.707641,24.673827,24.016171,24.085261,28.271630,29.157856,30.793755,27.488615
38.691497,44.731206,33.249100,30.687877,36.699890,51.876467,43.389975,23.422358,40.246105
38.799974,29.423957,24.236492,25.132916,22.540297,30.144960,29.382279,21.305530,32.913725
44.859561,48.102619,30.331849,23.436966,24.969817,26.613549,23.440741,49.864566,38.603520
34.368122,24.338751,23.846611,27.540876,25.163692,45.981627,25.359233,25.176650,33.337330
37.477046,46.684323,27.720147,24.048436,25.773260,39.404673,23.513071,40.521649,27.943692
33.646656,23.180423,24.792622,32.626497,28.096306,30.057786,21.549529,19.159381,37.895311
46.011411,21.783878,29.907333,21.292867,25.034775,32.656901,19.804198,29.078398,36.743906
40.620785,26.970701,24.709542,32.370684,18.972100,43.450945,31.317006,48.204160,23.117941
32.922819,24.180288,23.189727,28.776753,28.044773,28.581819,26.155941,40.741737,27.224123
34.321368,19.247648,28.976770,25.331925,20.502139,28.526273,27.943044,23.232711,24.551129
36.191716,24.460813,38.280121,31.258897,22.054517,33.914371,24.694979,24.678416,26.703681
37.216539,30.709924,27.258420,35.908666,28.279227,26.359841,19.426471,22.938224,29.218067
43.591932,31.492457,29.545435,24.141510,56.150077,29.145611,30.949429,25.909465,30.681634
35.318560,25.776399,33.347522,24.176634,27.425184,29.191415,32.054846,33.483980,27.692718
52.140588,28.040748,35.510874,28.216901,21.578545,23.479940,26.582325,43.147518,20.954953
43.780953,40.943882,25.571966,31.730389,35.721928,30.554289,22.370897,24.211407,20.446223
48.595950,35.262535,29.628450,26.363699,29.782747,24.412835,42.610924,27.106822,30.002553
45.834950,29.267140,25.987231,26.723366,25.575490,38.730512,24.264666,27.506460,29.160703
37.018272,24.819878,50.009724,30.552740,22.054517,24.211494,35.757198,33.469795,33.350866
50.557756,35.052355,23.135449,20.675090,23.383381,27.108368,24.487605,33.163368,33.635664
37.262626,28.572055,27.767185,28.148870,23.383380,24.891131,32.604291,37.181592,29.693173
33.338364,25.020754,70.388988,24.173439,30.387271,26.706897,37.000568,25.165100,32.592530
46.318284,29.120769,25.560727,25.610508,36.524502,21.693052,24.866731,40.421364,37.689176
31.590062,45.607109,28.555434,23.068227,29.893162,20.154135,25.410139,30.293671,43.947750
41.654955,27.921636,32.917122,25.188835,26.517366,25.392619,29.056895,22.902198,25.299265
33.654392,30.577071,24.709543,23.764800,29.811617,21.791081,24.951726,28.515815,29.212189
34.429540,34.651010,39.388338,23.534929,26.178717,27.045163,33.375379,25.031310,32.827901
38.582399,35.287851,46.926589,30.278819,24.401630,30.631933,29.601884,28.100504,32.985280
42.576018,25.476710,21.903508,30.201394,25.773259,26.613548,29.166163,23.366571,24.598832
46.488245,31.763068,33.593882,30.841439,27.178563,29.460823,25.015596,27.632611,24.891429
41.803248,28.093023,34.769434,30.861015,27.135087,23.126981,30.907753,28.268851,29.069056
32.106292,27.543695,22.098621,26.547399,38.062587,25.835658,26.019877,26.516455,31.557476
35.383717,24.920721,30.300164,23.099694,28.249789,24.490342,32.290331,25.061478,28.060313
45.266129,27.196905,50.200844,20.800734,22.202919,33.500977,27.720563,27.481425,31.659048
35.383717,26.387063,22.791178,26.101047,22.699026,31.414310,71.190828,34.500228,35.618422
47.523613,29.999482,26.931807,23.372338,27.436540,43.935304,35.428760,28.022960,63.348393
52.123476,32.098644,24.910286,30.784525,35.136191,20.427833,25.803410,27.272020,39.346649
47.906641,30.080012,29.157482,23.235087,40.491903,25.545237,26.722632,43.661291,27.005973
39.395063,61.717321,27.757994,32.263636,23.500074,31.266339,22.475781,32.510979,44.936681
32.882357,42.847993,21.375787,23.068227,26.413613,27.877453,71.585338,25.308910,27.072824
42.837136,57.214901,27.071419,22.614670,45.109993,24.469251,24.855303,35.081413,28.520561
56.170877,30.982325,28.626361,29.507340,26.665478,43.642542,25.194152,35.006831,33.497765
37.052092,24.108610,24.589945,23.987065,24.224457,26.678815,26.620476,22.101453,31.774885
51.567775,27.854671,34.188621,27.126888,23.352085,25.766045,29.172987,29.150436,51.829014
54.147293,34.168199,33.664633,24.813233,47.901900,28.121945,25.803411,24.263379,25.008168
39.140698,31.261175,43.230939,27.897363,28.669352,22.439207,25.713281,63.926176,40.687591
41.132194,50.882702,44.178308,23.668735,27.033137,35.744105,23.549072,27.221036,32.877829
42.924298,24.735048,26.800962,38.293056,21.099804,36.626432,40.811849,28.435219,25.576148
52.172578,22.727590,28.626359,28.977863,31.216222,26.473033,36.170385,38.428262,32.148942
35.083977,31.679411,25.627209,25.103381,30.099818,41.240721,24.174765,31.981251,24.469770
34.414750,26.116417,27.031626,19.691869,25.099398,29.430455,25.328199,25.989280,25.737926
41.983846,27.098302,25.437667,31.785816,21.118978,26.632864,24.866731,26.107165,29.834580
35.821626,38.932871,23.756772,29.732464,29.275348,24.664695,22.696381,34.768009,31.687766
53.014346,26.783759,22.202352,24.208471,27.501682,32.780857,21.187587,21.710786,36.595739
34.905960,23.391499,32.211327,28.799238,25.724900,31.680975,28.611379,25.562801,26.020424
36.227098,25.947521,25.222594,29.772458,37.957543,30.304060,33.075957,33.343405,32.284140
54.396971,25.119994,38.629086,25.273716,27.723145,29.880725,32.765610,21.888128,22.787385
45.591533,39.068237,31.325759,23.238544,25.150190,36.353549,21.858065,35.291532,35.147075
50.906772,27.692950,78.568595,27.177439,22.557102,32.401102,39.965451,34.802834,24.404725
37.085851,21.177577,27.701017,28.888824,28.158435,28.492584,25.328199,22.334030,37.451261
34.544372,34.529032,26.961796,21.802517,19.932165,21.011660,24.963067,32.303397,33.890658
34.590525,28.861386,30.196947,29.856306,22.137688,28.598567,29.541579,29.960628,40.114173
33.774552,46.464334,24.992037,20.718590,27.178564,29.129484,22.184308,25.533807,28.004500
39.587063,25.053600,28.185163,29.272199,30.090382,24.086886,26.232801,24.437428,32.274513
35.635089,33.321057,31.517336,29.856307,50.907145,27.636872,26.442322,27.521792,29.144512
42.522798,27.948021,26.770612,25.667200,31.616836,21.011660,33.552256,27.806654,31.672772
45.552327,24.443595,58.648080,26.417209,43.971275,27.689170,24.748650,32.143987,25.480035
33.628886,26.416602,39.350928,24.271896,23.308878,29.746835,34.856493,26.991637,26.649097
55.311769,26.267366,39.791720,28.935642,25.977571,25.007872,23.037065,27.924612,28.017286
104.923190,28.685103,40.051640,33.295364,30.906078,33.746902,28.946798,29.306972,25.905174
36.575979,31.228921,28.120949,39.093290,26.250242,31.619998,59.496355,29.496987,29.840214
46.276205,29.825541,32.755319,29.421486,24.894148,24.848562,28.376115,25.580550,26.952606
46.292566,34.044302,24.469170,23.134562,25.773259,24.490342,22.937263,29.328988,27.628838
33.191186,34.389295,47.864812,24.550195,29.938537,34.294680,27.823939,33.500851,41.510165
37.191224,38.649959,27.672611,23.272999,27.512975,29.961895,23.074564,21.863875,33.324946
35.017696,28.236548,27.404515,22.434713,31.616835,27.920748,27.959515,27.075193,26.703681
36.664762,36.581132,35.464836,22.397629,25.869436,27.339991,24.813569,27.687686,26.070289
35.295401,29.566653,28.985515,50.301969,35.612727,31.157152,29.134394,24.865505,29.878156
33.909104,22.171276,34.269233,30.098898,22.961476,22.724220,22.076630,37.675462,22.203079
37.406461,21.037578,30.644563,26.953599,24.455358,50.411786,32.188859,36.192559,22.646570
34.807970,29.399453,25.560728,37.534773,27.155409,26.139743,30.193254,63.758855,40.445466
46.228744,38.000214,23.470247,26.079158,28.939851,25.165180,25.754048,56.839189,25.576148
42.049813,40.103104,26.586686,21.093747,31.323328,27.928851,28.684245,27.592566,25.905174
45.708752,31.260557,34.417146,28.864242,25.882197,34.091098,45.709221,32.946521,32.068724
35.641987,24.581668,38.793989,31.147898,29.710276,26.264004,27.469726,53.132894,33.297821
41.158055,25.947521,31.273808,27.417490,24.576266,25.686480,30.473518,36.476564,37.928419
43.999557,37.578699,23.509709,23.827318,23.515537,31.712426,31.162128,25.562800,34.368215
63.215875,24.684464,30.844399,22.251823,22.619941,30.903397,29.774797,28.928117,30.681633
42.250865,32.007874,38.952673,23.797748,23.441872,27.689167,52.234000,33.815125,28.053942
44.147860,25.003332,25.222595,24.954656,26.968621,27.663044,23.945937,36.206995,26.539255
41.212759,19.950693,31.756643,27.633909,33.030177,27.757682,24.264668,30.973651,22.570576
44.129876,24.460813,37.614069,23.797749,27.068169,26.567371,35.528386,31.238078,30.976910
49.746366,32.189493,33.229391,22.927299,19.258719,29.581672,26.327791,32.935823,36.355612
41.775199,30.342095,23.364038,23.794452,26.468670,29.153047,29.189578,22.717917,34.170864
34.800735,32.565552,29.327446,26.470503,21.715390,42.800859,33.124091,28.919370,29.052763
34.658450,38.243146,27.238985,24.602627,24.140405,29.551552,25.183018,22.455783,31.542356
47.981282,25.555771,23.973722,25.159432,26.284327,32.146306,34.388144,21.305530,28.237408
31.680184,21.871577,36.355066,28.490400,32.092867,22.621782,23.760566,28.047037,27.584452
37.643993,23.447808,25.748468,21.841648,20.192369,28.694822,29.095696,34.997360,36.542363
52.037919,23.947077,25.857615,31.892421,30.493358,25.433387,33.651929,23.097288,25.008169
34.726106,26.267366,37.324424,22.683681,22.523467,30.645400,32.504769,26.202698,20.434214
41.838315,27.182979,25.336310,22.217906,40.529678,28.949645,25.079142,28.321483,26.689602
39.846807,31.324873,23.718128,37.688879,22.603228,25.454534,42.799239,32.935824,28.382806
35.664699,27.474074,42.751310,24.419641,23.038237,23.798449,32.592180,38.549880,30.881317
42.822813,43.939785,23.782776,29.015527,25.663393,31.185328,24.196765,44.023471,33.363233
42.689185,24.803156,27.870577,25.100420,20.842233,30.239700,23.247192,22.681188,32.316563
47.783482,28.597254,28.688333,34.799630,28.107127,27.791817,28.748196,26.705305,29.845849
41.457705,38.058000,36.735935,21.292866,31.848202,27.331532,38.643886,27.592565,27.712333
56.864122,28.014538,26.699406,26.258729,25.711983,24.697544,25.533033,27.328559,35.430796
52.832734,29.673643,27.091094,35.523040,21.190622,18.376190,23.702319,31.383240,21.904257
40.498907,24.197883,28.203317,19.551521,37.526923,32.550890,25.831431,26.646089,38.404070
47.126437,26.681224,40.881479,49.155962,21.970714,26.042276,104.960360,72.074865,30.358807
38.788332,29.362974,23.230147,31.641305,22.315098,22.293945,30.401342,24.046721,43.350638
57.590027,24.986853,27.710585,24.109494,42.233149,26.196652,22.290952,42.964039,27.197019
43.682065,32.779424,26.211379,22.508515,33.375268,26.567371,55.333190,25.863903,28.786094
33.876347,23.352699,36.431916,33.862186,28.319264,29.641728,23.136010,49.614282,23.199720
31.396756,22.129310,26.800961,24.813232,31.231575,30.224719,22.798298,26.335430,22.702604
41.313557,38.014888,26.576663,28.864242,28.530867,28.606291,22.330996,24.334745,35.472649
44.952058,33.479569,29.570359,24.173440,41.216692,24.965699,51.064824,27.592565,34.874156
33.700737,27.488505,35.458998,24.205286,21.952999,36.107228,22.410656,24.877336,53.999981
45.052344,28.559439,25.965848,23.925380,32.427609,20.662370,35.402608,44.779845,40.569166
43.418453,39.015410,33.117106,26.827333,28.499340,21.901417,33.285658,27.262179,26.331278
32.739214,37.139598,26.452396,36.812045,35.103269,21.594129,16.909328,47.236655,26.070289
47.648116,28.660794,29.242710,29.250438,33.016452,26.576321,53.539190,31.009902,29.964925
33.468621,23.672547,27.238985,34.587545,22.961476,27.775441,26.574107,22.799271,22.636783
55.201360,22.442664,26.410714,61.315403,27.233426,30.377277,39.994021,25.533808,20.618597
39.505333,24.090885,34.113938,28.844101,32.837058,26.808396,22.076630,29.087050,27.911530
42.975995,28.106060,31.655648,28.195828,27.566516,29.799110,21.332735,23.211187,29.840214
43.504686,22.887084,30.132942,21.009653,26.620311,26.128954,36.039145,29.684586,32.414668
33.114750,28.158857,21.215548,25.441785,23.249714,31.198321,27.319772,21.863874,25.576150
47.080658,16.972103,22.435654,31.276047,24.866541,24.256328,18.565850,29.222117,36.836460
33.125090,30.103420,33.849725,26.417208,26.342974,29.970100,23.773071,24.938348,26.798220
41.054963,27.098303,29.461952,28.198173,33.213322,40.262210,27.150707,,28.243698
41.132198,31.493067,31.749615,22.289392,31.567586,32.210383,24.781153,,29.510132
37.164001,38.642665,29.760256,26.571170,29.152631,26.698034,24.781153,,21.680009
38.225617,28.698344,46.537253,23.701950,36.848458,32.044061,26.087163,,26.601381
41.786719,34.857577,22.038828,27.801260,39.522482,30.792717,34.747121,,27.961299
44.504343,29.530586,31.303553,27.002241,24.180694,30.404643,26.337978,,27.817937
37.387675,29.719648,28.723671,24.840435,29.673909,20.505775,22.682661,,23.847241
37.760389,24.701348,46.780919,32.779816,27.076941,26.406746,50.810545,,24.224592
36.269073,32.007282,32.823151,23.402993,23.615621,19.602453,27.798167,,31.414633
46.234069,32.846915,34.715104,23.598670,21.027538,32.998952,26.290605,,20.866118
37.178558,26.884680,27.041675,21.688244,19.537052,25.575865,41.378096,,25.246308
40.397781,32.377747,30.760337,26.237099,26.596171,25.361546,33.778675,,25.344199
33.133072,23.965017,51.671169,23.983820,25.150190,25.155196,26.897103,,29.120869
47.305125,24.936315,23.808257,27.494124,27.436541,25.464285,26.413782,,27.137593
44.062801,28.392900,23.230148,32.524655,26.493039,28.329488,34.196751,,27.967716
43.556898,25.900664,33.030765,30.037072,22.977671,21.335835,26.366681,,35.154156
41.838309,42.677449,34.070151,29.918890,23.426313,25.756523,25.979938,,42.244597
35.244026,26.927341,27.404513,24.297163,24.155059,29.695565,21.662498,,23.518868
36.589072,23.727534,27.842517,21.841648,20.693557,30.806043,23.853611,,24.907613
32.611293,48.419571,27.001793,24.694638,22.168199,39.821457,33.416326,,25.745498
40.867597,53.735042,27.001793,25.638885,23.233896,31.157153,32.271203,,23.796475
60.786526,36.935654,23.549040,26.180126,37.607192,30.903393,21.774301,,36.432228
38.813330,38.503875,33.754206,26.804013,28.785903,32.890262,28.724058,,27.151210
67.746628,40.857003,48.614283,32.947166,28.441312,32.963124,26.824010,,29.664694
39.828617,33.535124,28.393977,25.527855,27.331059,36.298479,30.642940,,41.621846
48.959881,29.108625,26.306119,26.544749,25.942674,37.762929,18.866933,,28.773980
35.485515,42.717649,29.208617,28.536240,30.511727,39.804843,27.390247,,39.752762
33.789902,31.250018,29.234121,28.600163,25.929971,37.011755,29.342769,,28.502048
43.288498,29.697006,33.503671,27.053258,24.278969,22.864083,40.277075,,26.226047
36.158248,22.986079,29.719318,26.904782,25.565657,26.771710,35.318255,,29.330628
41.259120,26.682074,23.808257,26.390481,27.416634,35.644919,20.904466,,35.154156
29.899117,19.414560,23.897710,31.388033,24.318802,27.877452,25.941749,,28.902039
56.718060,31.250641,29.595238,23.402992,43.778081,38.034955,26.470801,,24.701912
37.841897,30.587430,25.336309,29.022175,21.596880,23.751867,23.270982,,26.945699
38.466764,27.774047,25.199894,36.046859,25.904529,22.092953,71.344082,,28.820820
32.388304,35.568637,25.370184,34.815010,32.171526,34.617574,24.027504,,43.907490
35.135822,30.431942,34.490524,21.456013,31.048633,31.593644,23.958249,,27.730237
60.322508,24.803155,42.886091,27.469452,29.974267,21.011660,39.542666,,28.004501
40.555402,25.475778,40.015457,32.559847,25.891789,27.455042,28.432722,,28.328254
36.412288,32.885597,24.223978,26.597537,28.311245,21.437151,45.560672,,27.340239
43.862543,29.708675,27.170217,29.669093,31.231577,22.914340,21.774303,,31.351032
35.492473,29.578426,26.348132,27.516288,31.689363,27.375169,26.768488,,23.127326
38.281263,31.046539,36.365983,27.126890,29.046632,25.423615,29.840683,,26.656161
38.558848,30.034433,25.922585,30.532767,35.828807,24.534162,30.685338,,52.753668
35.621289,37.371716,41.986260,21.333888,23.233895,30.419447,31.912772,,42.965198
37.045713,51.026603,22.916249,37.741274,26.493039,23.262057,23.923471,,24.100119
36.372601,31.377246,25.671471,27.174913,25.614617,40.123342,24.174765,,27.091583
37.327465,26.884680,32.427070,22.401350,33.497627,31.082114,22.999443,,25.291426
34.453874,27.182981,54.028022,36.393419,23.959333,32.419152,22.735012,,29.948157
38.037747,41.589644,32.091794,26.544750,39.672422,26.225777,,,24.891429
32.100298,25.380245,36.205983,27.894966,26.880165,28.337361,,,35.744395
45.182235,31.186639,34.076477,25.129961,26.779210,31.527034,,,36.861374
44.055121,43.723546,29.669932,36.199655,41.074019,30.567824,,,25.686762
64.619050,20.655773,24.024283,24.633373,23.249714,41.947459,,,29.498608
38.957514,21.223386,29.595238,21.992925,32.109449,46.368409,,,27.817937
38.448997,24.338751,31.590062,18.061353,26.330656,36.388578,,,32.496719
35.764905,34.771636,26.030279,24.297163,35.169055,38.944185,,,36.818910
42.503410,22.442664,30.379113,31.981938,29.461215,29.961894,,,22.271485
115.705710,29.860899,22.777026,31.659906,20.348434,29.222281,,,24.166812
46.504445,41.799007,28.230663,22.788214,25.526377,28.877840,,,46.538665
32.714676,31.132373,32.537229,34.033564,30.897129,35.540997,,,48.692410
54.580110,38.552422,26.452397,26.128371,26.309039,27.978724,,,49.559420
43.361263,23.257927,34.019908,30.197302,28.726464,24.697544,,,35.004484
36.269073,41.547942,33.123799,30.900096,23.114491,26.650671,,,26.169452
34.214724,44.470620,30.989039,31.514239,23.249714,27.885583,,,33.227605
40.265345,25.266925,35.243827,20.064399,26.084813,37.961288,,,28.279768
32.941356,24.684462,30.690869,24.867579,25.964903,20.770346,,,24.891429
34.019908,23.560715,25.998105,33.702176,26.296689,27.817696,,,32.450372
50.788598,26.710963,24.322828,26.182848,23.775481,23.250371,,,24.953964
39.978164,25.619590,27.804900,23.602022,26.505208,29.468102,,,28.376575
36.986280,29.637834,38.643674,25.412963,62.468097,27.654783,,,52.238552
32.318879,19.578652,35.073195,27.538416,32.603484,24.858791,,,23.658487
37.418978,32.962134,23.549040,22.545235,27.661814,25.796151,,,25.788889
55.536082,52.588929,25.415348,51.808032,29.610656,29.740877,,,35.675609
42.941367,30.023015,39.514417,28.398277,28.705740,26.945443,,,25.115878
44.850852,25.086360,27.413945,28.488101,29.974268,23.622352,,,26.999092
40.293944,24.162668,49.534532,40.736286,37.724708,29.597306,,,23.333959
38.466764,29.411360,33.295069,22.289392,32.557175,32.388058,,,28.982805
36.324232,28.748989,29.268153,26.125638,30.408055,23.586436,,,24.891429
47.938284,73.873805,23.094696,33.842670,26.284327,34.005699,,,25.078103
38.113831,22.687659,28.644277,35.214711,36.980209,24.901326,,,24.953964
39.622223,26.666756,27.833039,22.508516,40.549188,37.979552,,,38.125967
38.299185,25.380244,22.053942,35.590834,52.242538,27.594058,,,43.239013
37.497592,41.354806,26.285251,26.024246,30.520905,47.472494,,,25.291425
40.796186,23.690904,24.957127,36.527972,24.814579,37.001767,,,
32.405001,31.186639,35.614187,43.112457,30.338550,27.401845,,,
59.860693,31.618351,29.677976,59.397188,30.373343,32.381033,,,
39.471629,25.364253,28.447891,22.997979,36.867339,25.575866,,,
49.621521,42.893478,32.077778,23.534929,24.547941,25.402417,,,
39.841296,23.142040,33.229387,28.398276,26.677492,29.903118,,,
46.025046,21.541268,25.107847,25.302855,25.109599,26.909131,,,
30.862799,31.513814,26.253698,25.777036,28.549248,21.277838,,,
40.393999,28.824261,36.762942,31.730388,28.188063,27.091158,,,
32.731038,28.392900,33.766870,23.827319,33.038009,24.006749,,,
49.073579,29.872441,43.102252,27.565421,28.025722,36.665647,,,
38.794157,45.973330,39.095989,25.636046,31.841870,34.688624,,,
34.097655,22.129310,30.220805,21.572753,29.397039,21.160885,,,
38.019578,28.302470,43.355086,43.854486,26.203632,24.300996,,,
40.293947,23.965016,33.509988,27.562965,32.007542,23.787284,,,
44.927322,30.938734,35.138328,33.842673,30.906078,23.798448,,,
44.050600,32.338419,26.483479,31.910732,22.777565,25.944074,,,
37.439594,24.126312,23.588241,26.155638,24.932039,44.566706,,,
46.958280,29.387537,31.094406,26.312665,25.251163,33.735793,,,
38.350432,29.351029,29.045966,30.076257,27.068168,27.410260,,,
64.852475,27.350771,35.435820,36.690634,26.980365,26.060901,,,
42.432538,39.599774,29.352740,23.889512,35.344441,27.091158,,,
45.122549,31.250019,23.324079,24.722103,24.333242,24.222270,,,
39.366819,27.308612,27.804901,56.338313,32.288800,33.536595,,,
47.475879,18.610539,27.433479,23.307352,28.409587,29.214878,,,
34.422144,26.667607,28.599763,102.830870,24.347666,24.975835,,,
32.586561,27.224713,24.396217,22.545235,25.453986,23.407123,,,
42.668515,27.787387,20.887603,28.908904,37.901093,28.988551,,,
47.631528,31.025163,27.491222,23.860095,22.250525,37.525104,,,
52.482565,34.240151,26.493947,20.843713,27.847737,38.021116,,,
29.570355,23.083092,35.625963,35.506785,28.538764,19.550240,,,
36.053479,31.896363,28.723673,26.125637,31.533250,26.302117,,,
36.379228,28.027648,45.317822,22.578175,26.924466,26.900399,,,
44.673886,30.011590,27.229082,24.867581,24.401629,30.071771,,,
31.958626,35.204488,46.929914,26.103788,33.073234,24.697544,,,
33.330480,26.237491,25.222595,45.385481,27.555265,30.354434,,,
41.393420,29.399453,55.302260,25.963565,34.257419,21.594129,,,
43.273082,35.337870,27.160263,22.859754,29.217885,50.985010,,,
56.155930,27.350770,23.094697,26.876432,25.942675,24.379213,,,
39.921666,37.571402,26.821034,29.230825,29.056756,31.698812,,,
36.240445,30.000155,36.299996,34.845728,39.220522,29.558788,,,
39.231329,28.328150,27.160261,22.824040,41.690562,29.634530,,,
40.872844,28.773880,29.071753,23.402992,22.977670,26.881468,,,
54.915904,28.609836,32.557781,31.590979,28.166540,35.505102,,,
31.322861,27.488505,25.627208,42.204237,47.923311,32.655919,,,
64.996186,27.597866,32.232301,24.388352,37.848952,26.234962,,,
46.398139,28.672586,33.619662,24.571803,25.021133,28.221471,,,
32.882357,25.839135,34.392546,25.641725,25.650412,24.132182,,,
48.119702,29.965125,22.650410,27.347914,29.664202,25.361546,,,
33.733839,26.898916,31.670039,26.180123,24.748458,27.250936,,,
38.770857,22.767381,46.537258,34.876391,24.643315,32.368971,,,
36.501869,33.552887,25.594011,33.731678,28.609426,35.430597,,,
36.699244,26.342632,18.783914,28.600162,23.888385,23.658156,,,
41.403653,21.541268,27.355873,35.962055,28.209554,27.877451,,,
46.357431,30.194694,26.327330,27.375295,25.214225,26.743764,,,
38.601782,30.239791,25.605220,26.547398,31.388547,28.037795,,,
31.387870,27.196907,29.702681,46.637850,28.217631,29.851206,,,
31.858901,29.009657,33.619664,23.538298,36.329611,26.473033,,,
34.097654,25.869936,22.435655,26.876431,41.006763,28.129935,,,
37.503817,33.553424,18.596921,24.636450,25.377897,24.052346,,,
33.074752,20.727910,26.668826,35.778131,38.200765,28.822165,,,
51.511755,23.947077,25.802962,29.337294,22.867868,26.196651,,,
50.042846,38.412989,28.564119,23.987065,30.240711,28.354400,,,
35.297482,26.579608,30.212763,28.668342,23.718626,29.276447,,,
43.427757,28.786308,25.582793,20.809361,26.471691,28.925749,,,
29.735644,25.508393,28.230666,33.693984,35.323900,24.379214,,,
48.209897,24.478007,40.468578,22.755879,38.811935,33.948226,,,
35.031979,25.185085,23.884839,28.933411,25.453988,24.923385,,,
32.722859,29.399454,27.644146,29.914719,41.565989,26.158227,,,
29.989930,39.232209,42.475217,29.315628,22.945257,29.292407,,,
30.485952,19.275396,46.844107,42.717882,22.682432,28.901816,,,
35.471600,25.185085,23.718128,28.711351,38.378620,36.778878,,,
38.460839,24.564620,37.119550,37.210598,31.470766,29.421947,,,
26.742169,33.479570,22.290348,23.134564,24.278971,24.621338,,,
43.490796,32.328567,25.449013,30.158430,23.944439,32.587629,,,
40.427771,33.198980,34.697026,29.485922,27.544007,29.498394,,,
34.891576,30.057237,25.107845,26.881597,31.734027,36.914641,,,
37.541151,27.239413,29.335983,26.155637,25.856663,38.170619,,,
33.533373,34.424590,23.324079,32.181089,36.361955,25.361546,,,
33.710724,29.327817,26.200685,28.581932,25.500124,24.858791,,,
33.972187,25.508391,25.437667,33.524067,36.747447,30.890151,,,
,34.141724,27.491222,36.108422,28.559728,28.370111,,,
,21.541268,29.537317,30.260518,27.187263,26.012737,,,
,22.986077,29.123190,29.378370,24.748457,33.234223,,,
,35.886034,44.459465,25.156486,25.251163,28.263721,,,
,21.200507,25.516079,24.927701,23.158427,26.576323,,,
,35.568637,24.136934,24.664044,28.873335,25.656116,,,
,23.819680,42.683726,43.834129,25.048401,27.108368,,,
,26.998977,38.215740,34.015861,22.822806,29.917248,,,
,24.581669,24.186815,30.612510,24.681980,23.879988,,,
,19.950694,30.637018,27.611933,22.929017,31.528087,,,
,23.257925,26.790731,26.976660,28.066482,26.817187,,,
,26.206667,25.901096,20.414632,26.980364,29.113346,,,
,25.444013,36.083686,26.285724,25.136676,38.830658,,,
,27.733952,25.627209,24.664044,29.928999,24.858791,,,
,27.597866,26.200685,25.386973,20.787952,24.052347,,,
,29.034822,26.274614,29.607579,30.222015,32.631210,,,
,43.756149,25.857615,24.419640,24.455359,24.697544,,,
,69.448621,26.243038,23.827321,20.425575,23.539014,,,
,28.302470,34.300254,26.258728,28.609427,28.254494,,,
,32.990537,25.153955,28.284606,25.200777,28.435389,,,
,26.682074,35.631546,27.322975,26.216068,23.539014,,,
,24.321359,29.931657,38.294322,31.332037,36.408453,,,
,28.184800,43.230935,34.893234,22.297926,24.300996,,,
,21.200506,30.236881,26.363698,26.980365,22.724220,,,
,24.564621,39.157518,29.935528,24.155058,26.917857,,,
,24.321360,23.067612,25.473416,26.620310,67.288885,,,
,28.482760,26.137092,27.078695,28.648544,27.179838,,,
,21.200506,19.705994,26.101049,30.744128,28.096621,,,
,37.349593,30.410631,29.567140,26.620309,26.972975,,,
,24.321359,29.915544,25.247438,29.936173,27.089726,,,
,33.264782,26.821035,24.867580,22.185573,32.024564,,,
,31.335362,26.493948,30.103019,27.963002,27.654782,,,
,25.854545,30.844400,32.948886,29.744161,25.585524,,,
,26.342631,42.150512,22.397630,24.224456,30.129891,,,
,61.769285,26.617457,,39.856258,23.575071,,,
,26.055010,33.340921,,27.847738,26.872719,,,
,35.237679,22.493360,,30.787029,20.677161,,,
,23.783333,28.652910,,29.838056,24.740634,,,
,34.976782,30.698662,,26.596172,26.090329,,,
,27.854671,25.781270,,40.417465,28.901814,,,
,32.808140,31.019063,,39.876425,34.170652,,,
,30.861990,21.750978,,25.277937,23.187862,,,
,30.807852,25.153953,,25.099399,33.029867,,,
,26.984848,36.299993,,32.053388,28.909381,,,
,40.937378,52.617311,,29.517736,24.577828,,,
,26.549572,38.866207,,24.387271,28.909380,,,
,28.145103,25.096187,,24.762400,29.276445,,,
,26.342632,42.531561,,32.949652,26.340123,,,
,27.280976,25.965848,,24.852714,24.222270,,,
,19.578652,36.912763,,28.096306,38.645384,,,
,31.555225,27.548725,,35.070279,35.176248,,,
,25.947522,28.384863,,25.427581,30.806044,,,
,28.584659,21.280052,,38.307379,35.192407,,,
,48.344292,23.230147,,54.307182,24.006748,,,
,53.507574,32.190328,,21.819127,16.581754,,,
,33.864132,36.671278,,35.220823,31.109343,,,
,24.286500,22.009083,,31.240335,30.209730,,,
,37.237245,31.921749,,,34.803769,,,
,30.916572,30.323866,,,35.277245,,,
,26.913136,26.030281,,,22.775095,,,
,37.423676,22.290347,,,26.090329,,,
,28.673321,28.546424,,,27.851681,,,
,22.787225,26.295878,,,36.353548,,,
,29.459585,33.477709,,,28.345229,,,
,30.895652,33.881292,,,20.891699,,,
,20.458020,20.305076,,,27.602357,,,
,29.447719,25.336310,,,24.901326,,,
,29.506958,33.222969,,,27.731689,,,
,25.572449,28.084078,,,23.669442,,,
,30.454159,26.991715,,,25.238141,,,
,26.342632,25.560726,,,24.664695,,,
,24.478008,41.907693,,,22.491378,,,
,24.819878,31.568227,,,33.210366,,,
,34.353925,40.859660,,,34.011167,,,
,29.999480,23.679357,,,27.339991,,,
,27.238596,28.846519,,,23.040013,,,
,33.654244,24.792620,,,35.042106,,,
,30.588079,35.481942,,,25.248059,,,
,27.154265,29.842373,,,28.517212,,,
,25.283042,29.931658,,,19.907399,,,
,30.808489,25.449012,,,20.379768,,,
,23.690905,62.815502,,,27.436867,,,
,23.929111,30.767824,,,26.945445,,,
,33.161583,25.493897,,,24.654303,,,
,24.303943,29.636814,,,43.952217,,,
,47.567774,21.167061,,,33.833603,,,
,25.714272,31.064528,,,25.206691,,,
,28.985895,43.230942,,,29.019848,,,
,30.295979,23.756772,,,42.510289,,,
,23.160121,34.606566,,,29.694373,,,
,27.196907,27.851988,,,29.253083,,,
,30.011589,51.198689,,,23.751868,,,
,25.854545,23.270428,,,21.379702,,,
,42.396648,25.482590,,,27.970648,,,
,25.492561,27.682203,,,24.300995,,,
,22.887083,29.225829,,,23.358967,,,
,28.494697,24.432748,,,23.798449,,,
,24.718209,26.931807,,,38.315363,,,
,30.665547,31.004057,,,53.717775,,,
,28.520778,26.274615,,,26.473033,,,
,24.581668,27.041675,,,37.145824,,,
,27.140296,29.411693,,,27.791815,,,
,25.315211,26.597075,,,32.267131,,,
,27.867935,23.769782,,,21.494292,,,
,28.340973,29.512038,,,26.954146,,,
,27.934833,23.808259,,,48.066022,,,
,51.193274,28.537404,,,32.593585,,,
,33.340138,34.169981,,,25.514536,,,
,41.512143,26.019435,,,23.455081,,,
,36.828811,27.625252,,,45.542618,,,
,23.929112,35.114518,,,,,,
,25.947521,23.337575,,,,,,
,39.158105,28.357811,,,,,,
,51.371061,28.339857,,,,,,
,29.267140,30.806294,,,,,,
,25.947520,37.562816,,,,,,
,31.377243,29.595242,,,,,,
,26.476344,25.119492,,,,,,
,28.013765,25.073258,,,,,,
,23.142040,30.093013,,,,,,
,36.094545,25.954950,,,,,,
,32.750655,36.481067,,,,,,
,25.714271,81.676294,,,,,,
,30.830167,28.148458,,,,,,
,40.359780,27.833038,,,,,,
,30.443056,49.332287,,,,,,
,34.916789,32.646635,,,,,,
,40.993308,42.006793,,,,,,
,26.667605,24.769126,,,,,,
,27.854673,30.004395,,,,,,
,29.626110,29.403200,,,,,,
,31.690875,22.493360,,,,,,
,23.024980,27.031625,,,,,,
,47.909500,23.108460,,,,,,
,25.729830,30.228845,,,,,,
,20.131621,25.737384,,,,,,
,34.327735,29.595240,,,,,,
,30.386756,27.001794,,,,,,
,35.602118,27.510303,,,,,,
,22.338784,28.420961,,,,,,
,25.808258,29.268153,,,,,,
,28.948363,30.196943,,,,,,
,31.824172,39.402373,,,,,,
,22.359397,29.760256,,,,,,
,34.849099,24.721568,,,,,,
,23.180423,48.623485,,,,,,
,31.721597,28.688335,,,,,,
,21.871577,24.827994,,,,,,
,45.406505,26.658494,,,,,,
,27.827328,21.003611,,,,,,
,44.365341,21.948800,,,,,,
,29.181343,25.825008,,,,,,
,23.161247,26.168926,,,,,,
,24.887524,29.817608,,,,,,
,28.106060,27.199680,,,,,,
,24.564620,56.824185,,,,,,
,19.219817,38.125890,,,,,,
,31.036486,24.863269,,,,,,
,21.979910,33.497127,,,,,,
,22.318134,30.036707,,,,,,
,39.724886,34.026250,,,,,,
,17.697495,39.091024,,,,,,
,47.832043,27.209606,,,,,,
,31.545495,41.033037,,,,,,
,28.960644,26.083990,,,,,,
,21.406001,22.833020,,,,,,
,25.714270,57.663992,,,,,,
,31.845089,25.336311,,,,,,
,28.145869,25.965848,,,,,,
,27.974355,26.586687,,,,,,
,29.374210,33.722173,,,,,,
,27.597867,29.874742,,,,,,
,42.983476,29.344214,,,,,,
,23.044385,24.638008,,,,,,
,25.650922,44.871189,,,,,,
,23.690905,29.352739,,,,,,
,31.197219,24.638009,,,,,,
,26.783761,26.524932,,,,,,
,28.972913,28.148459,,,,,,
,23.122802,26.137092,,,,,,
,38.885280,32.049451,,,,,,
,34.231369,27.682201,,,,,,
,28.431160,27.413946,,,,,,
,29.953656,42.731356,,,,,,
,36.245448,22.777026,,,,,,
,30.654598,42.113573,,,,,,
,39.333465,36.853946,,,,,,
,27.747330,30.775581,,,,,,
,25.508393,25.176737,,,,,,
,26.252440,26.668826,,,,,,
,34.985200,32.378601,,,,,,
,25.396216,26.369278,,,,,,
,31.956959,25.415347,,,,,,
,23.801521,24.174251,,,,,,
,28.132867,25.781270,,,,,,
,32.398533,25.370185,,,,,,
,22.727590,26.760359,,,,,,
,27.934057,22.053941,,,,,,
,37.768990,30.260682,,,,,,
,39.986415,41.106285,,,,,,
,42.700374,23.509709,,,,,,
,32.818265,25.415347,,,,,,
,21.785151,28.412189,,,,,,
,31.566169,23.679358,,,,,,
,22.129310,26.421240,,,,,,
,26.550430,24.980272,,,,,,
,26.251560,23.679358,,,,,,
,26.841042,34.188843,,,,,,
,23.579246,24.553880,,,,,,
,37.401181,22.579106,,,,,,
,25.697776,44.903611,,,,,,
,31.524181,30.874977,,,,,,
,26.461650,23.535786,,,,,,
,32.027960,18.078139,,,,,,
,23.063755,23.973723,,,,,,
,23.466519,34.835494,,,,,,
,26.927342,26.689099,,,,,,
,36.542172,24.553879,,,,,,
,34.302024,28.907557,,,,,,
,37.132133,29.183073,,,,,,
,26.387063,27.510302,,,,,,
,27.364528,30.520302,,,,,,
,24.564619,21.948800,,,,,,
,30.364442,31.169652,,,,,,
,24.180288,31.597421,,,,,,
,22.586025,32.113175,,,,,,
,27.112317,27.394730,,,,,,
,24.232996,49.823142,,,,,,
,26.161619,24.863269,,,,,,
,28.723322,29.234119,,,,,,
,30.786782,21.903507,,,,,,
,35.536546,25.302344,,,,,,
,29.047030,33.004293,,,,,,
,24.887522,32.964025,,,,,,
,27.733166,27.336578,,,,,,
,32.971610,26.358708,,,,,,
,34.293276,30.260680,,,,,,
,34.301506,29.702678,,,,,,
,34.512265,30.196947,,,,,,
,29.999481,21.612019,,,,,,
,19.021046,28.846521,,,,,,
,25.854545,29.850325,,,,,,
,30.785503,25.336309,,,,,,
,26.252440,24.099499,,,,,,
,25.885311,23.456903,,,,,,
,37.034382,25.073258,,,,,,
,23.410299,23.417262,,,,,,
,25.900666,32.937206,,,,,,
,22.867412,29.487317,,,,,,
,22.463085,36.027787,,,,,,
,22.646408,30.836677,,,,,,
,24.684463,24.505483,,,,,,
,30.917204,31.004058,,,,,,
,25.932221,25.061567,,,,,,
,33.084854,25.737385,,,,,,
,37.666830,35.237911,,,,,,
,24.581668,40.446448,,,,,,
,29.614377,24.347191,,,,,,
,27.584344,35.132174,,,,,,
,34.685778,29.327444,,,,,,
,29.303151,36.746630,,,,,,
,23.257926,28.785227,,,,,,
,35.329130,38.384037,,,,,,
,25.508393,33.912804,,,,,,
,29.459586,30.068950,,,,,,
,25.508392,25.748469,,,,,,
,36.245451,29.123190,,,,,,
,24.786410,29.972015,,,,,,
,24.460813,29.097495,,,,,,
,21.696750,48.675615,,,,,,
,25.916903,27.615623,,,,,,
,26.984848,26.760359,,,,,,
,33.405390,26.243036,,,,,,
,37.863425,23.973722,,,,,,
,24.649630,27.140688,,,,,,
,36.110813,24.505483,,,,,,
,24.530450,22.818922,,,,,,
,24.197883,27.898583,,,,,,
,41.202338,25.256775,,,,,,
,28.936071,34.673033,,,,,,
,66.688183,35.132376,,,,,,
,26.696527,31.377535,,,,,,
,30.172095,21.658537,,,,,,
,31.987172,24.024283,,,,,,
,33.636055,33.542422,,,,,,
,23.352700,28.950814,,,,,,
,26.535819,27.452641,,,,,,
,25.760896,38.150787,,,,,,
,39.791173,27.663357,,,,,,
,24.752849,34.490525,,,,,,
,26.696528,21.069414,,,,,,
,28.836648,16.445232,,,,,,
,33.075446,52.464671,,,,,,
,23.929111,28.501605,,,,,,
,31.068514,24.469170,,,,,,
,26.667606,29.284987,,,,,,
,25.993313,32.204250,,,,,,
,58.147867,25.704471,,,,,,
,34.257184,31.124493,,,,,,
,26.341760,25.549480,,,,,,
,22.150312,22.493359,,,,,,
,34.185825,27.355874,,,,,,
,20.679875,45.434282,,,,,,
,27.841397,43.934897,,,,,,
,31.228920,32.957266,,,,,,
,29.435843,24.099501,,,,,,
,25.201305,29.537318,,,,,,
,25.364253,28.175915,,,,,,
,26.797261,30.543660,,,,,,
,35.699792,28.950813,,,,,,
,23.672548,33.373689,,,,,,
,25.682176,29.578755,,,,,,
,30.698355,31.742328,,,,,,
,32.268777,32.211578,,,,,,
,28.053835,30.141026,,,,,,
,31.575889,30.093012,,,,,,
,27.841398,27.394733,,,,,,
,29.315135,26.524932,,,,,,
,23.410300,23.756771,,,,,,
,24.701348,25.107846,,,,,,
,40.180526,25.358767,,,,,,
,56.505392,24.505484,,,,,,
,38.143512,30.890105,,,,,,
,25.714272,39.745772,,,,,,
,29.363678,34.721197,,,,,,
,28.495443,34.263198,,,,,,
,21.060812,30.228845,,,,,,
,25.364253,24.553880,,,,,,
,28.533428,28.916029,,,,,,
,24.495176,24.174251,,,,,,
,21.850034,25.759544,,,,,,
,31.111115,28.093388,,,,,,
,44.617444,37.490347,,,,,,
,49.438689,40.706815,,,,,,
,58.980021,25.324860,,,,,,
,29.495130,34.990256,,,,,,
,35.569124,24.957128,,,,,,
,26.282279,26.348131,,,,,,
,28.998141,25.737384,,,,,,
,39.299771,36.644147,,,,,,
,25.791884,63.241776,,,,,,
,23.947077,34.001081,,,,,,
,28.948364,38.750375,,,,,,
,37.921203,25.560727,,,,,,
,44.742106,51.955390,,,,,,
,29.813965,28.750040,,,,,,
,39.915083,29.361263,,,,,,
,64.822019,36.508443,,,,,,
,24.752850,31.885927,,,,,,
,30.217258,26.861455,,,,,,
,23.560715,21.948800,,,,,,
,26.913137,30.867268,,,,,,
,44.148309,34.337229,,,,,,
,20.282895,29.603623,,,,,,
,33.028325,26.274614,,,,,,
,33.672413,40.499621,,,,,,
,30.665551,39.727330,,,,,,
,24.581668,25.846626,,,,,,
,26.970702,28.670790,,,,,,
,25.492561,26.115952,,,,,,
,35.902014,30.829222,,,,,,
,30.034430,32.984054,,,,,,
,28.773878,34.392546,,,,,,
,26.783759,25.770213,,,,,,
,25.683094,29.063059,,,,,,
,30.610068,30.667732,,,,,,
,53.274529,30.897802,,,,,,
,30.676493,31.843032,,,,,,
,22.707644,31.466018,,,,,,
,38.172217,26.971895,,,,,,
,23.410299,25.142339,,,,,,
,27.747330,31.199328,,,,,,
,25.808259,29.293551,,,,,,
,35.136924,58.117128,,,,,,
,24.786409,47.176249,,,,,,
,36.581591,54.310345,,,,,,
,29.217566,25.560727,,,,,,
,28.158858,25.770215,,,,,,
,28.660796,34.895069,,,,,,
,20.679875,41.683161,,,,,,
,40.442514,27.355874,,,,,,
,27.027193,31.473170,,,,,,
,23.982929,29.217225,,,,,,
,30.034431,32.680812,,,,,,
,29.802377,38.115791,,,,,,
,26.870427,26.316730,,,,,,
,26.431346,30.141027,,,,,,
,24.684463,36.089133,,,,,,
,30.676495,37.391906,,,,,,
,34.070923,24.420438,,,,,,
,25.020754,21.858031,,,,,,
,34.485808,34.151321,,,,,,
,32.328571,28.889963,,,,,,
,28.798727,32.281214,,,,,,
,23.579247,40.833697,,,,,,
,29.519475,21.215550,,,,,,
,29.837794,32.267360,,,,,,
,28.040749,29.955943,,,,,,
,29.661256,30.268414,,,,,,
,29.169249,33.785955,,,,,,
,28.735795,32.267361,,,,,,
,24.819878,37.655005,,,,,,
,27.055351,23.666250,,,,,,
,25.635265,20.549018,,,,,,
,25.524207,37.500619,,,,,,
,26.130617,26.295878,,,,,,
,22.171276,27.140689,,,,,,
,34.177534,49.122367,,,,,,
,25.492561,29.711000,,,,,,
,21.871577,29.694645,,,,,,
,26.970703,29.428367,,,,,,
,23.276942,28.644276,,,,,,
,33.581371,34.793295,,,,,,
,39.817160,32.755322,,,,,,
,25.854545,31.517073,,,,,,
,27.974355,33.380051,,,,,,
,26.024645,28.148459,,,,,,
,30.296640,20.837573,,,,,,
,28.224386,29.470411,,,,,,
,20.232721,31.407083,,,,,,
,28.066910,47.439088,,,,,,
,23.523565,24.199366,,,,,,
,26.297175,22.998877,,,,,,
,46.641498,39.043412,,,,,,
,24.055355,38.095906,,,,,,
,39.572717,24.011548,,,,,,
,31.228299,21.375789,,,,,,
,32.168437,27.491222,,,,,,
,24.701347,26.524932,,,,,,
,25.760895,33.064153,,,,,,
,47.554126,26.462890,,,,,,
,24.215452,20.375460,,,,,,
,23.295927,32.447768,,,,,,
,32.837373,24.186815,,,,,,
,22.867413,29.028544,,,,,,
,25.932221,29.677975,,,,,,
,27.787386,30.943350,,,,,,
,29.021887,26.410714,,,,,,
,23.911118,36.606205,,,,,,
,26.812431,38.880620,,,,,,
,25.250792,26.668827,,,,,,
,36.182186,24.945328,,,,,,
,35.626471,27.031625,,,,,,
,31.271708,23.149165,,,,,,
,40.064674,36.055661,,,,,,
,29.022606,26.931805,,,,,,
,30.851813,22.593505,,,,,,
,35.659360,27.071419,,,,,,
,20.605981,28.303553,,,,,,
,34.625275,38.861511,,,,,,
,28.443891,23.846610,,,,,,
,25.234634,30.520302,,,,,,
,30.917207,23.189727,,,,,,
,25.201305,27.248882,,,,,,
,32.836807,29.037258,,,,,,
,26.884680,41.557310,,,,,,
,26.652269,32.127162,,,,,,
,25.508393,27.423715,,,,,,
,26.579607,28.933590,,,,,,
,32.904066,36.907377,,,,,,
,27.961192,26.729917,,,,,,
,25.136298,28.881162,,,,,,
,40.032200,26.211380,,,,,,
,28.584659,21.167062,,,,,,
,19.818982,23.053798,,,,,,
,33.104761,27.011866,,,,,,
,44.726687,31.102001,,,,,,
,30.023014,30.426227,,,,,,
,29.661255,23.973723,,,,,,
,21.541267,25.516078,,,,,,
,35.829992,65.768460,,,,,,
,17.958519,25.290865,,,,,,
,27.322408,34.460058,,,,,,
,21.871577,35.977197,,,,,,
,23.391498,30.108941,,,,,,
,37.124665,43.536049,,,,,,
,63.861710,28.528705,,,,,,
,23.579246,22.777027,,,,,,
,22.586025,28.239877,,,,,,
,28.171835,32.232301,,,,,,
,23.504945,32.329982,,,,,,
,25.380245,59.398243,,,,,,
,34.008210,24.186814,,,,,,
,27.639151,29.251300,,,,,,
,42.683432,27.851991,,,,,,
,33.544276,33.347758,,,,,,
,42.551046,27.452637,,,,,,
,25.932221,24.792620,,,,,,
,29.626110,28.950812,,,,,,
,32.378325,28.802631,,,,,,
,24.786408,25.096188,,,,,,
,24.768654,32.120045,,,,,,
,34.363162,25.759545,,,,,,
,30.632026,24.553880,,,,,,
,38.671445,24.505483,,,,,,
,24.197883,53.684754,,,,,,
,28.723321,27.384939,,,,,,
,29.107911,23.053798,,,,,,
,31.164832,30.442087,,,,,,
,28.722589,24.910287,,,,,,
,47.160406,46.341880,,,,,,
,23.295928,28.294380,,,,,,
,27.570808,25.825010,,,,,,
,29.157144,27.710587,,,,,,
,25.492561,32.281215,,,,,,
,28.960643,29.520469,,,,,,
,39.022169,27.710585,,,,,,
,23.257926,27.634874,,,,,,
,24.180289,21.533662,,,,,,
,27.474874,38.165741,,,,,,
,39.218429,27.587044,,,,,,
,29.412060,22.098620,,,,,,
,28.495444,32.667296,,,,,,
,52.199576,28.321553,,,,,,
,34.967372,25.061567,,,,,,
,25.380245,28.802631,,,,,,
,26.667608,28.019398,,,,,,
,36.109873,29.636814,,,,,,
,43.538090,27.804903,,,,,,
,53.365688,44.155870,,,,,,
,31.608052,24.469170,,,,,,
,29.084304,23.718129,,,,,,
,28.000641,28.828856,,,,,,
,24.735047,25.211045,,,,,,
,28.597255,26.073187,,,,,,
,65.953152,26.105178,,,,,,
,34.993602,21.486599,,,,,,
,20.581705,39.869606,,,,,,
,25.136299,28.573117,,,,,,
,23.819680,31.850021,,,,,,
,32.248994,29.208621,,,,,,
,33.818653,33.766871,,,,,,
,26.085306,39.759709,,,,,,
,25.348243,26.524933,,,,,,
,27.027195,32.964026,,,,,,
,36.054996,26.648524,,,,,,
,23.542154,31.778477,,,,,,
,32.269363,23.588239,,,,,,
,59.137838,33.747761,,,,,,
,25.698691,27.991636,,,,,,
,36.605105,22.579106,,,,,,
,28.145868,25.890141,,,,,,
,28.761440,22.957637,,,,,,
,25.412169,53.843140,,,,,,
,28.824260,45.668946,,,,,,
,22.586026,29.106167,,,,,,
,31.250019,28.065771,,,,,,
,22.727589,28.635321,,,,,,
,22.707642,26.607454,,,,,,
,29.290451,23.910566,,,,,,
,27.692952,27.355873,,,,,,
,33.085962,29.768543,,,,,,
,24.684464,27.219524,,,,,,
,23.523564,26.658496,,,,,,
,26.476345,38.755261,,,,,,
,46.793828,30.867544,,,,,,
,25.962805,20.719694,,,,,,
,24.232995,39.745771,,,,,,
,35.990591,27.278176,,,,,,
,32.496886,26.073187,,,,,,
,19.551758,24.980272,,,,,,
,23.295928,53.142305,,,,,,
,29.930693,44.051329,,,,,,
,29.070695,23.718128,,,,,,
,36.690326,36.960649,,,,,,
,29.755259,24.957128,,,,,,
,26.855323,23.549039,,,,,,
,21.696750,29.403200,,,,,,
,41.348793,31.064526,,,,,,
,25.588182,30.790809,,,,,,
,45.751354,25.403971,,,,,,
,25.004300,30.675539,,,,,,
,40.012529,38.165746,,,,,,
,21.806822,21.375789,,,,,,
,26.520330,32.964029,,,,,,
,22.001199,26.094396,,,,,,
,26.115531,28.411863,,,,,,
,45.087033,19.402048,,,,,,
,24.108611,49.362121,,,,,,
,27.666076,19.068086,,,,,,
,25.698693,34.660811,,,,,,
,26.024645,30.690869,,,,,,
,24.090886,27.644146,,,,,,
,47.211006,28.357811,,,,,,
,24.269035,24.992037,,,,,,
,29.363678,31.451172,,,,,,
,23.672548,29.537017,,,,,,
,33.800646,26.168926,,,,,,
,28.302468,19.964707,,,,,,
,31.906476,35.435821,,,,,,
,33.161579,28.950814,,,,,,
,29.471444,31.792760,,,,,,
,28.972912,52.512084,,,,,,
,20.703921,23.012755,,,,,,
,23.709234,34.013781,,,,,,
,22.297447,37.050875,,,,,,
,21.060812,28.212548,,,,,,
,25.962803,37.690865,,,,,,
,44.381663,35.073196,,,,,,
,24.000813,25.998105,,,,,,
,23.560715,30.566983,,,,,,
,25.508392,27.898581,,,,,,
,29.194139,31.835787,,,,,,
,29.145028,27.963819,,,,,,
,21.177576,23.986496,,,,,,
,33.507099,23.270429,,,,,,
,28.106828,27.520003,,,,,,
,20.557372,26.211379,,,,,,
,41.330724,22.916248,,,,,,
,32.923630,32.701431,,,,,,
,36.006481,17.921049,,,,,,
,23.929111,26.951687,,,,,,
,17.990385,31.124494,,,,,,
,45.567193,24.261029,,,,,,
,27.210816,25.879179,,,,,,
,32.437713,26.493947,,,,,,
,32.526679,30.821493,,,,,,
,26.956542,34.182556,,,,,,
,43.918118,25.290865,,,,,,
,28.747525,26.348132,,,,,,
,49.797070,27.021568,,,,,,
,29.685329,25.142339,,,,,,
,28.761440,30.913180,,,,,,
,26.623253,43.870790,,,,,,
,30.171427,20.549019,,,,,,
,21.541267,36.216987,,,,,,
,25.729829,26.062376,,,,,,
,24.598695,37.391908,,,,,,
,31.387697,31.561117,,,,,,
,35.958773,25.516078,,,,,,
,28.736526,24.638009,,,,,,
,22.867412,25.381594,,,,,,
,26.710964,42.723441,,,,,,
,25.250790,26.931807,,,,,,
,20.156990,45.567604,,,,,,
,31.905878,25.211044,,,,,,
,22.966576,33.222737,,,,,,
,31.566170,21.796905,,,,,,
,24.321360,23.243752,,,,,,
,23.873992,33.824290,,,,,,
,29.182054,34.007431,,,,,,
,31.946878,25.026851,,,,,,
,29.459586,29.817607,,,,,,
,27.760695,28.019399,,,,,,
,23.142040,22.930228,,,,,,
,27.652620,29.106167,,,,,,
,28.634968,25.096188,,,,,,
,27.488506,34.070151,,,,,,
,23.801521,19.459721,,,,,,
,27.557257,36.255749,,,,,,
,27.126315,31.480582,,,,,,
,28.873739,38.947834,,,,,,
,25.266927,28.267155,,,,,,
,27.934833,24.347192,,,,,,
,39.427184,23.562280,,,,,,
,31.752256,40.486502,,,,,,
,24.564619,31.026692,,,,,,
,24.090885,26.379460,,,,,,
,37.386012,29.743952,,,,,,
,24.269036,43.031809,,,,,,
,26.401840,31.124495,,,,,,
,49.838529,34.447903,,,,,,
,29.602633,28.599765,,,,,,
,25.745374,33.249099,,,,,,
,25.823706,28.933587,,,,,,
,23.542155,28.776362,,,,,,
,35.675068,24.061951,,,,,,
,26.956542,30.371435,,,,,,
,30.786143,28.546421,,,,,,
,23.801521,19.459719,,,,,,
,24.090885,28.889963,,,,,,
,43.745064,43.164845,,,,,,
,26.798103,51.073655,,,,,,
,31.607440,23.549040,,,,,,
,30.045839,37.547189,,,,,,
,37.578264,29.327445,,,,,,
,29.519472,32.694322,,,,,,
,28.748990,25.290865,,,,,,
,22.381176,28.828854,,,,,,
,27.280975,27.481501,,,,,,
,25.412169,31.943103,,,,,,
,30.240456,35.859043,,,,,,
,25.249841,24.505483,,,,,,
,29.447720,22.971565,,,,,,
,26.146569,28.501602,,,,,,
,31.079174,42.015114,,,,,,
,30.342091,30.276428,,,,,,
,28.998140,38.875923,,,,,,
,36.379093,26.689099,,,,,,
,39.090462,19.668769,,,,,,
,26.884680,44.488792,,,,,,
,32.048613,35.932338,,,,,,
,48.679326,43.953782,,,,,,
,27.267133,25.370185,,,,,,
,27.488506,32.204250,,,,,,
,24.409085,24.347192,,,,,,
,21.652923,21.689251,,,,,,
,23.873991,27.738914,,,,,,
,29.267140,29.453486,,,,,,
,30.808494,19.836194,,,,,,
,28.197755,25.748469,,,,,,
,37.304823,27.898581,,,,,,
,29.230328,29.719319,,,,,,
,35.403691,24.992038,,,,,,
,31.535145,29.915542,,,,,,
,25.508392,32.427072,,,,,,
,34.900390,25.482590,,,,,,
,26.446940,29.553849,,,,,,
,42.831176,28.483828,,,,,,
,22.108267,30.395020,,,,,,
,24.581668,26.535368,,,,,,
,36.062917,29.570359,,,,,,
,18.788914,24.709542,,,,,,
,25.916905,31.792761,,,,,,
,22.986077,28.019399,,,,,,
,26.024645,31.582963,,,,,,
,27.841399,28.828854,,,,,,
,23.429069,22.998877,,,,,,
,27.169040,32.789270,,,,,,
,27.391996,26.211379,,,,,,
,24.090885,42.810931,,,,,,
,26.387064,21.375787,,,,,,
,27.747330,27.491222,,,,,,
,22.747502,27.365685,,,,,,
,22.442662,31.502540,,,,,,
,22.043654,31.670042,,,,,,
,25.069991,29.612003,,,,,,
,32.555273,38.477469,,,,,,
,28.660057,28.688332,,,,,,
,26.446939,27.001793,,,,,,
,24.000813,26.379459,,,,,,
,19.818982,32.809509,,,,,,
,22.276720,24.638009,,,,,,
,37.422803,25.857615,,,,,,
,23.855916,27.898583,,,,,,
,28.559439,25.998103,,,,,,
,24.321359,25.336309,,,,,,
,55.864096,27.615626,,,,,,
,26.252437,25.781271,,,,,,
,26.798103,21.750979,,,,,,
,23.295927,24.745156,,,,,,
,24.564619,31.568228,,,,,,
,25.283042,25.415346,,,,,,
,23.690905,25.560727,,,,,,
,25.234635,24.011547,,,,,,
,24.937286,38.448030,,,,,,
,31.388314,30.044847,,,,,,
,26.956543,30.442087,,,,,,
,42.915839,30.504804,,,,,,
,24.650625,24.261029,,,,,,
,25.037188,39.598079,,,,,,
,30.431287,31.199328,,,,,,
,46.338589,37.685871,,,,,,
,22.847707,33.919188,,,,,,
,25.249842,32.923896,,,,,,
,29.303153,28.679406,,,,,,
,29.918515,32.351049,,,,,,
,26.898915,35.061459,,,,,,
,29.696318,31.691737,,,,,,
,24.495177,25.813989,,,,,,
,28.584660,31.807030,,,,,,
,42.111738,26.586688,,,,,,
,27.474875,24.553880,,,,,,
,33.123536,39.537915,,,,,,
,27.867935,42.297214,,,,,,
,33.385836,45.392052,,,,,,
,34.177533,24.347192,,,,,,
,34.512267,27.160262,,,,,,
,43.788705,24.383869,,,,,,
,22.847707,22.493360,,,,,,
,29.684640,31.611869,,,,,,
,29.120770,22.692773,,,,,,
,44.046783,35.389383,,,,,,
,26.955709,25.176737,,,,,,
,27.447571,25.846624,,,,,,
,32.388139,24.910285,,,,,,
,37.834256,20.091587,,,,,,
,22.276720,23.149166,,,,,,
,28.404914,22.290347,,,,,,
,30.296637,23.679358,,,,,,
,33.274636,21.689251,,,,,,
,31.493068,36.584464,,,,,,
,26.579608,27.842518,,,,,,
,31.207793,44.174555,,,,,,
,43.934121,27.748457,,,,,,
,59.765246,36.404423,,,,,,
,35.145752,32.351049,,,,,,
,27.894421,24.310404,,,,,,
,22.586024,32.977537,,,,,,
,30.172092,33.658376,,,,,,
,25.396216,22.818921,,,,,,
,25.962803,28.916029,,,,,,
,31.388312,31.706356,,,,,,
,23.372668,28.357811,,,,,,
,46.305021,24.223979,,,,,,
,22.606190,30.252659,,,,,,
,20.703921,27.615623,,,,,,
,22.297446,35.049717,,,,,,
,26.956543,26.348133,,,,,,
,49.997258,33.542424,,,,,,
,24.547546,25.061567,,,,,,
,28.673323,26.274614,,,,,,
,42.379469,43.700279,,,,,,
,26.416601,22.957637,,,,,,
,32.999991,25.846626,,,,,,
,28.559439,28.863851,,,,,,
,28.158857,27.481499,,,,,,
,31.535145,42.775133,,,,,,
,54.070803,29.793095,,,,,,
,24.563618,62.749687,,,,,,
,31.555835,27.548726,,,,,,
,27.760694,33.393228,,,,,,
,26.769401,30.188888,,,,,,
,27.224713,24.804568,,,,,,
,24.937286,21.003610,,,,,,
,31.492457,26.274614,,,,,,
,35.362578,25.256777,,,,,,
,32.789001,31.885925,,,,,,
,29.483290,28.001010,,,,,,
,22.707642,26.831242,,,,,,
,24.338752,34.107628,,,,,,
,47.308876,27.833039,,,,,,
,36.605104,28.120950,,,,,,
,37.563245,39.983646,,,,,,
,36.620919,58.339358,,,,,,
,26.970703,32.441038,,,,,,
,32.446917,32.385604,,,,,,
,29.047029,24.261029,,,,,,
,27.666076,49.466325,,,,,,
,35.926427,39.024304,,,,,,
,29.279152,39.514420,,,,,,
,26.623252,30.644561,,,,,,
,27.084276,29.645174,,,,,,
,31.334743,24.992038,,,,,,
,22.847707,32.162200,,,,,,
,28.648257,45.395491,,,,,,
,35.043971,25.933512,,,,,,
,34.890933,30.465565,,,,,,
,28.748989,60.022617,,,,,,
,28.145868,23.243754,,,,,,
,30.510210,28.688333,,,,,,
,23.654164,29.131849,,,,,,
,26.565027,31.843033,,,,,,
,35.569124,34.287766,,,,,,
,44.721544,39.133730,,,,,,
,30.927973,22.833020,,,,,,
,26.206667,24.709543,,,,,,
,44.360440,36.768183,,,,,,
,27.461229,22.930230,,,,,,
,52.187995,28.679407,,,,,,
,25.555771,33.792389,,,,,,
,28.698344,33.817871,,,,,,
,24.684462,33.024037,,,,,,
,29.435143,26.379460,,,,,,
,23.709234,35.220368,,,,,,
,40.385413,32.420088,,,,,,
,42.712010,20.322877,,,,,,
,26.475481,26.306120,,,,,,
,18.818031,23.973722,,,,,,
,27.084277,36.217181,,,,,,
,18.875997,29.553847,,,,,,
,30.599078,24.553881,,,,,,
,29.169961,27.804903,,,,,,
,29.447720,45.856239,,,,,,
,25.729831,31.026694,,,,,,
,30.420822,30.798555,,,,,,
,37.637350,26.030280,,,,,,
,26.927340,23.986497,,,,,,
,26.682074,26.668827,,,,,,
,31.324874,28.767486,,,,,,
,63.216301,26.421240,,,,,,
,24.356118,28.942048,,,,,,
,32.487140,26.285252,,,,,,
,28.873739,23.053798,,,,,,
,25.714271,26.462891,,,,,,
,32.487137,24.638008,,,,,,
,25.962803,28.635320,,,,,,
,24.303942,27.908016,,,,,,
,35.780857,32.197413,,,,,,
,29.206211,27.229081,,,,,,
,29.157144,28.084077,,,,,,
,28.698343,33.988590,,,,,,
,29.351736,34.931009,,,,,,
,21.541268,26.689100,,,,,,
,24.920721,36.344141,,,,,,
,29.412062,22.777026,,,,,,
,26.521191,30.141314,,,,,,
,22.726421,27.644146,,,,,,
,25.069991,41.957368,,,,,,
,26.446940,26.115952,,,,,,
,25.854544,23.270427,,,,,,
,23.410298,29.293550,,,,,,
,39.999673,34.368126,,,,,,
,26.191668,28.688333,,,,,,
,31.143619,37.726831,,,,,,
,24.598695,22.593506,,,,,,
,26.550431,31.266297,,,,,,
,31.154229,39.444558,,,,,,
,36.331441,31.116909,,,,,,
,23.929111,22.957637,,,,,,
,19.818982,28.093388,,,,,,
,27.974355,28.573117,,,,,,
,25.962803,33.754208,,,,,,
,33.891043,33.811448,,,,,,
,21.223386,33.077347,,,,,,
,37.534041,25.560727,,,,,,
,26.009437,24.992038,,,,,,
,38.014463,21.215549,,,,,,
,32.467039,28.546421,,,,,,
,26.357460,28.384865,,,,,,
,24.598694,28.111660,,,,,,
,27.210816,33.176796,,,,,,
,26.176653,31.019064,,,,,,
,27.679520,24.186814,,,,,,
,40.782124,34.256940,,,,,,
,23.180423,20.719693,,,,,,
,28.470064,22.053943,,,,,,
,26.884680,21.118349,,,,,,
,38.021581,30.012552,,,,,,
,23.180423,25.671472,,,,,,
,23.429069,26.105177,,,,,,
,29.860899,26.586687,,,,,,
,33.442246,25.437666,,,,,,
,23.142040,27.021929,,,,,,
,22.129309,27.189750,,,,,,
,26.927343,34.441712,,,,,,
,23.410299,28.564117,,,,,,
,27.853891,29.653232,,,,,,
,26.984847,25.026850,,,,,,
,34.151077,24.827997,,,,,,
,24.073133,28.785228,,,,,,
,29.470746,22.860662,,,,,,
,23.295927,30.675538,,,,,,
,27.349961,35.395243,,,,,,
,25.266926,32.378601,,,,,,
,21.607623,32.970781,,,,,,
,39.711446,35.243828,,,,,,
,24.513329,28.889963,,,,,,
,30.409039,43.250432,,,,,,
,25.916004,26.504408,,,,,,
,34.231370,31.347932,,,,,,
,28.736529,36.573677,,,,,,
,36.038681,26.316729,,,,,,
,40.769371,21.642864,,,,,,
,22.747503,27.682200,,,,,,
,24.197883,24.863269,,,,,,
,26.682074,23.324080,,,,,,
,46.921240,23.973723,,,,,,
,26.565026,31.670040,,,,,,
,24.920721,39.639705,,,,,,
,22.767380,35.249535,,,,,,
,27.584344,24.638010,,,,,,
,22.318136,26.514489,,,,,,
,25.760895,26.891597,,,,,,
,27.611377,25.038573,,,,,,
,25.185085,33.703240,,,,,,
,26.623252,29.595241,,,,,,
,22.297446,22.217244,,,,,,
,26.505685,27.908017,,,,,,
,21.200505,33.236036,,,,,,
,24.108611,29.037256,,,,,,
,34.106359,31.778220,,,,,,
,44.275957,29.850325,,,,,,
,26.206667,26.179648,,,,,,
,24.904133,29.200006,,,,,,
,38.932872,25.933514,,,,,,
,68.172625,35.808171,,,,,,
,28.660796,24.359577,,,,,,
,50.457652,31.907328,,,,,,
,28.443890,25.460351,,,,,,
,23.965016,27.653755,,,,,,
,22.747504,26.760359,,,,,,
,25.380244,24.396218,,,,,,
,36.237609,25.682614,,,,,,
,22.626316,19.705992,,,,,,
,35.950816,31.612128,,,,,,
,24.819879,28.501603,,,,,,
,19.049459,26.115954,,,,,,
,48.157012,30.363467,,,,,,
,25.444012,28.855031,,,,,,
,27.720562,32.789267,,,,,,
,24.286500,34.275481,,,,,,
,29.096470,26.285250,,,,,,
,47.572333,22.818921,,,,,,
,52.813285,24.625901,,,,,,
,23.560714,29.620080,,,,,,
,20.383958,28.785227,,,,,,
,23.180423,42.679567,,,,,,
,32.895117,24.673828,,,,,,
,31.905882,23.549039,,,,,,
,24.769641,39.741284,,,,,,
,29.471441,36.310950,,,,,,
,24.321360,26.597074,,,,,,
,50.874491,23.627308,,,,,,
,27.224714,23.149165,,,,,,
,30.698355,44.989852,,,,,,
,43.918120,22.636082,,,,,,
,28.353783,24.074632,,,,,,
,36.689869,50.697593,,,,,,
,47.809822,34.600215,,,,,,
,28.698344,27.229081,,,,,,
,24.564620,27.199680,,,,,,
,28.648257,27.529698,,,,,,
,42.904324,21.796906,,,,,,
,43.532649,30.173045,,,,,,
,25.315212,31.221683,,,,,,
,21.496805,32.169301,,,,,,
,28.609836,21.858029,,,,,,
,21.383509,26.566257,,,,,,
,27.867935,21.903508,,,,,,
,23.063755,35.926657,,,,,,
,31.544881,26.689098,,,,,,
,51.656050,28.294382,,,,,,
,28.158856,25.560727,,,,,,
,29.206213,24.602087,,,,,,
,31.281611,28.093390,,,,,,
,32.999994,22.916248,,,,,,
,33.104761,43.882221,,,,,,
,25.250790,45.427184,,,,,,
,32.565560,29.428366,,,,,,
,33.189639,39.214407,,,,,,
,24.920721,24.709542,,,,,,
,21.541269,30.958684,,,,,,
,23.634666,33.484262,,,,,,
,26.898915,24.757145,,,,,,
,19.871264,42.683731,,,,,,
,27.210816,31.885923,,,,,,
,44.291692,27.375491,,,,,,
,28.849021,47.804401,,,,,,
,30.137463,31.384994,,,,,,
,38.327841,26.689099,,,,,,
,32.555845,24.149536,,,,,,
,37.079361,31.763923,,,,,,
,21.958580,37.634637,,,,,,
,23.372668,24.638009,,,,,,
,26.725385,25.813988,,,,,,
,31.035855,28.203315,,,,,,
,26.652270,55.943459,,,,,,
,28.736529,29.760254,,,,,,
,30.665552,35.354576,,,,,,
,34.106887,27.170217,,,,,,
,27.433096,34.120251,,,,,,
,23.709233,23.679359,,,,,,
,27.182981,22.290348,,,,,,
,27.155087,31.495138,,,,,,
,30.565406,32.454743,,,,,,
,30.056570,33.747988,,,,,,
,25.136299,25.302344,,,,,,
,21.696750,26.729918,,,,,,
,34.293276,57.147991,,,,,,
,25.428101,41.464588,,,,,,
,28.698344,31.524466,,,,,,
,22.085946,28.855031,,,,,,
,24.409085,24.024283,,,,,,
,30.171427,26.719634,,,,,,
,26.070167,33.535898,,,,,,
,26.898916,27.326746,,,,,,
,28.910736,26.921675,,,,,,
,34.231370,23.189726,,,,,,
,24.090886,55.616481,,,,,,
,22.707641,19.324380,,,,,,
,27.854673,24.136934,,,,,,
,23.257926,23.283986,,,,,,
,39.953814,25.403971,,,,,,
,32.741055,34.521149,,,,,,
,23.542154,25.868598,,,,,,
,34.239633,29.403200,,,,,,
,24.089845,25.290866,,,,,,
,23.801522,25.560727,,,,,,
,30.033758,50.950864,,,,,,
,33.076004,23.509709,,,,,,
,31.915990,27.404515,,,,,,
,29.399453,24.024283,,,,,,
,28.572055,24.589943,,,,,,
,29.543083,29.361263,,,,,,
,24.356118,26.147839,,,,,,
,23.911118,32.070637,,,,,,
,21.014288,28.420959,,,,,,
,26.357460,27.491222,,,,,,
,32.239094,28.767487,,,,,,
,43.766898,21.486602,,,,,,
,25.619589,31.199597,,,,,,
,27.584342,35.881674,,,,,,
,21.674859,31.713400,,,,,,
,30.521266,30.252659,,,,,,
,25.791884,23.935776,,,,,,
,36.981319,32.218402,,,,,,
,31.545494,21.052852,,,,,,
,40.372028,36.987317,,,,,,
,25.619590,55.862113,,,,,,
,33.450907,37.727014,,,,,,
,20.919238,27.558400,,,,,,
,37.892123,55.740778,,,,,,
,27.921634,29.907334,,,,,,
,29.614378,26.105177,,,,,,
,26.984016,29.352742,,,,,,
,24.303942,24.673827,,,,,,
,48.477100,33.360497,,,,,,
,25.602974,25.038573,,,,,,
,25.745372,23.756771,,,,,,
,24.667555,30.060823,,,,,,
,26.856163,21.704857,,,,,,
,25.791884,38.784396,,,,,,
,39.685708,20.497323,,,,,,
,29.942177,30.798552,,,,,,
,22.297447,21.596280,,,,,,
,28.224386,38.933472,,,,,,
,30.731739,25.096188,,,,,,
,23.523563,44.096179,,,,,,
,24.321360,27.625251,,,,,,
,27.760695,24.383869,,,,,,
,32.209349,24.851806,,,,,,
,31.461899,34.793505,,,,,,
,23.005546,31.640983,,,,,,
,38.740557,29.553847,,,,,,
,21.360970,26.668827,,,,,,
,21.223387,42.002770,,,,,,
,24.786409,25.594011,,,,,,
,26.594170,22.636081,,,,,,
,25.729830,29.988359,,,,,,
,33.404841,24.769125,,,,,,
,29.374910,25.290864,,,,,,
,26.267367,26.348131,,,,,,
,27.377460,26.421241,,,,,,
,25.947522,26.073189,,,,,,
,26.221648,25.998104,,,,,,
,23.257926,31.509941,,,,,,
,36.828361,63.896825,,,,,,
,25.136299,35.790980,,,,,,
,33.981488,27.653755,,,,,,
,29.399453,34.088901,,,,,,
,35.974691,30.268417,,,,,,
,33.217652,24.910286,,,,,,
,22.887084,27.577386,,,,,,
,28.886082,23.973724,,,,,,
,29.531284,47.208672,,,,,,
,42.390921,40.267982,,,,,,
,31.977701,21.750978,,,,,,
,35.387257,34.624521,,,,,,
,62.658096,38.423697,,,,,,
,27.419408,24.638009,,,,,,
,21.541269,23.986496,,,,,,
,29.964451,44.304563,,,,,,
,35.337375,29.743950,,,,,,
,25.932221,28.357811,,,,,,
,46.017408,27.268301,,,,,,
,24.953830,31.071869,,,,,,
,36.935651,30.164975,,,,,,
,29.895497,32.014165,,,,,,
,24.853258,24.481433,,,,,,
,28.315317,27.776707,,,,,,
,30.687431,33.196567,,,,,,
,33.727869,28.230663,,,,,,
,29.447717,28.950814,,,,,,
,28.106827,37.521313,,,,,,
,25.745372,24.261029,,,,,,
,20.002290,29.302108,,,,,,
,27.961194,28.139187,,,,,,
,22.171276,25.527355,,,,,,
,37.222399,23.640461,,,,,,
,37.607832,31.814287,,,,,,
,34.984698,27.786224,,,,,,
,24.073133,23.310570,,,,,,
,28.456608,28.456966,,,,,,
,30.397901,37.869149,,,,,,
,26.755028,28.994256,,,,,,
,25.588182,22.202351,,,,,,
,27.042109,41.002920,,,,,,
,33.863605,29.268152,,,,,,
,31.669754,25.003793,,,,,,
,27.867934,33.130494,,,,,,
,29.034822,24.371952,,,,,,
,23.276942,70.804591,,,,,,
,26.682074,26.941930,,,,,,
,30.205980,23.846611,,,,,,
,27.529319,25.737384,,,,,,
,25.053602,28.881160,,,,,,
,25.152583,23.522993,,,,,,
,25.364252,24.673828,,,,,,
,23.295929,28.635321,,,,,,
,27.322407,27.701017,,,,,,
,33.580832,30.323865,,,,,,
,23.276943,23.108461,,,,,,
,37.356969,40.820495,,,,,,
,22.586026,38.692272,,,,,,
,24.684463,27.682200,,,,,,
,27.597866,29.528894,,,,,,
,21.200506,35.458997,,,,,,
,25.037189,24.757144,,,,,,
,30.521265,21.118350,,,,,,
,31.334744,29.234118,,,,,,
,25.729830,29.495460,,,,,,
,31.814006,33.275417,,,,,,
,25.635266,23.986497,,,,,,
,24.718209,29.293551,,,,,,
,31.313761,22.998876,,,,,,
,23.819679,30.308163,,,,,,
,30.993044,27.404516,,,,,,
,25.822799,39.190848,,,,,,
,27.841397,33.988592,,,,,,
,31.926094,36.546401,,,,,,
,22.087185,22.593505,,,,,,
,32.258890,30.093013,,,,,,
,27.223899,29.850324,,,,,,
,26.357459,25.096188,,,,,,
,27.308610,25.347749,,,,,,
,24.819878,25.222596,,,,,,
,28.211458,24.469170,,,,,,
,25.020754,29.071754,,,,,,
,26.401841,39.138523,,,,,,
,31.430057,36.832684,,,,,,
,26.237492,24.347193,,,,,,
,25.086362,26.274617,,,,,,
,31.261179,26.379840,,,,,,
,22.022447,30.164976,,,,,,
,27.042108,34.533465,,,,,,
,25.698692,44.297216,,,,,,
,21.979909,36.746630,,,,,,
,23.819680,28.175914,,,,,,
,29.009657,25.976741,,,,,,
,26.357460,52.776961,,,,,,
,26.341761,33.773310,,,,,,
,30.960858,25.627209,,,,,,
,31.875512,21.903506,,,,,,
,28.947641,39.233335,,,,,,
,23.161248,29.377990,,,,,,
,28.860658,28.212548,,,,,,
,24.564621,24.236491,,,,,,
,32.098644,31.985729,,,,,,
,21.200506,25.142339,,,,,,
,29.096472,29.174446,,,,,,
,24.718209,26.030279,,,,,,
,29.779177,28.230664,,,,,,
,38.483036,33.354125,,,,,,
,21.850035,25.594011,,,,,,
,26.372270,29.183072,,,,,,
,27.378267,25.482590,,,,,,
,25.364252,25.671471,,,,,,
,19.605472,34.355906,,,,,,
,25.152582,30.821494,,,,,,
,30.183398,24.322828,,,,,,
,31.607440,31.154522,,,,,,
,29.314432,30.084901,,,,,,
,41.769538,34.588161,,,,,,
,29.267141,29.174446,,,,,,
,30.080683,29.002679,,,,,,
,30.884861,22.874711,,,,,,
,23.083092,44.069987,,,,,,
,29.206212,29.335683,,,,,,
,26.913137,27.710586,,,,,,
,27.679521,23.417263,,,,,,
,26.267367,37.329508,,,,,,
,28.559439,28.139186,,,,,,
,22.606188,69.665341,,,,,,
,25.086361,29.834121,,,,,,
,23.947077,28.285530,,,,,,
,29.218275,22.392313,,,,,,
,29.965125,33.070636,,,,,,
,28.184800,27.720149,,,,,,
,19.871264,24.638009,,,,,,
,31.324874,28.001010,,,,,,
,25.348242,37.329328,,,,,,
,19.818983,,,,,,,
,27.800713,,,,,,,
,27.679520,,,,,,,
,32.731448,,,,,,,
,36.190050,,,,,,,
,32.990540,,,,,,,
,31.282233,,,,,,,
,34.115732,,,,,,,
,35.494773,,,,,,,
,24.650627,,,,,,,
,24.920721,,,,,,,
,30.194692,,,,,,,
,24.180288,,,,,,,
,34.266475,,,,,,,
,68.690719,,,,,,,
,26.357460,,,,,,,
,54.462154,,,,,,,
,21.585550,,,,,,,
,29.218275,,,,,,,
,23.276942,,,,,,,
,24.460813,,,,,,,
,26.970702,,,,,,,
,25.283042,,,,,,,
,24.197883,,,,,,,
,31.555223,,,,,,,
,37.702642,,,,,,,
,29.849350,,,,,,,
,24.650627,,,,,,,
,33.019446,,,,,,,
,30.588077,,,,,,,
,26.387063,,,,,,,
,37.063928,,,,,,,
,34.985194,,,,,,,
,22.687658,,,,,,,
,27.515729,,,,,,,
,25.299137,,,,,,,
,29.010379,,,,,,,
,23.295928,,,,,,,
,28.379372,,,,,,,
,24.426352,,,,,,,
,25.168844,,,,,,,
,25.412170,,,,,,,
,30.642994,,,,,,,
,17.220723,,,,,,,
,26.146568,,,,,,,
,27.584344,,,,,,,
,23.929111,,,,,,,
,32.358093,,,,,,,
,36.110810,,,,,,,
,35.086827,,,,,,,
,31.101102,,,,,,,
,32.604339,,,,,,,
,40.888179,,,,,,,
,25.250790,,,,,,,
,38.760721,,,,,,,
,27.084277,,,,,,,
,26.357460,,,,,,,
,22.867413,,,,,,,
,27.112315,,,,,,,
,30.786785,,,,,,,
,37.192213,,,,,,,
,22.867412,,,,,,,
,38.071789,,,,,,,
,31.356317,,,,,,,
,29.327109,,,,,,,
,27.405708,,,,,,,
,30.330247,,,,,,,
,27.267134,,,,,,,
,24.803155,,,,,,,
,27.881183,,,,,,,
,25.053601,,,,,,,
,33.479572,,,,,,,
,29.871761,,,,,,,
,21.740401,,,,,,,
,28.418419,,,,,,,
,32.535832,,,,,,,
,23.161247,,,,,,,
,24.037551,,,,,,,
,60.704271,,,,,,,
,32.575259,,,,,,,
,32.139152,,,,,,,
,43.988028,,,,,,,
,23.783334,,,,,,,
,26.769401,,,,,,,
,24.443595,,,,,,,
,37.511673,,,,,,,
,38.719982,,,,,,,
,23.410299,,,,,,,
,28.026879,,,,,,,
,27.934834,,,,,,,
,26.131502,,,,,,,
,24.684465,,,,,,,
,23.523563,,,,,,,
,34.442473,,,,,,,
,32.007877,,,,,,,
,29.034824,,,,,,,
,25.250790,,,,,,,
,24.197883,,,,,,,
,43.614615,,,,,,,
,25.869937,,,,,,,
,28.836645,,,,,,,
,37.431020,,,,,,,