,Sample,Sample abbrev.,Sample Id (orig),"Cu 63/63
Oxygen DRC
(ug/L)",Dilution,,Cu calculated,,Original dilution,Cu calculated (final)
,,H1-1,0-1,0.455,10,,4.549,,1,4.549
,,H1-2,0-2,0.040,10,,0.399,,1,0.399
,,H1-3,0-3,0.143,10,,1.432,,1,1.432
,,H2-1,0-4,0.218,10,,2.180,,1,2.180
,,H2-2,0-5,-0.155,100,,-15.534,,1,-15.534
,,H2-3,0-6,0.014,10,,0.143,,1,0.143
,,H3-1,0-7,0.257,10,,2.569,,1,2.569
,,H3-2,0-8,0.559,10,,5.589,,1,5.589
,,H3-3,0-9,-0.199,100,,-19.926,,1,-19.926
,,FT1-1,0-10,-0.160,100,,-15.958,,1,-15.958
,,FT1-2,0-11,-0.166,100,,-16.586,,1,-16.586
,,FT1-3,0-12,-0.059,100,,-5.938,,1,-5.938
,,FT2-1,0-13,-0.254,100,,-25.379,,1,-25.379
,,FT2-2,0-14,-0.051,10,,-0.509,,1,-0.509
,,FT2-3,0-15,0.118,10,,1.182,,1,1.182
,,FT3-1,0-16,0.003,10,,0.025,,1,0.025
,,FT3-2,0-17,0.044,10,,0.437,,1,0.437
,,FT3-3,0-18,-0.222,100,,-22.160,,1,-22.160
,,UVFT1-1,0-19,-0.147,100,,-14.706,,1,-14.706
,,UVFT1-2,0-20,-0.150,100,,-14.955,,1,-14.955
,,UVFT1-3,0-21,-0.213,100,,-21.261,,1,-21.261
,,UVFT2-1,0-22,-0.220,100,,-21.960,,1,-21.960
,,UVFT2-2,0-23,-0.003,100,,-0.331,,1,-0.331
,,UVFT2-3,0-24,0.538,10,,5.377,,1,5.377
,,UVFT3-1,0-25,-0.068,10,,-0.680,,1,-0.680
,,UVFT3-2,0-26,-0.081,10,,-0.812,,1,-0.812
,,UVFT3-3,0-27,0.060,10,,0.599,,1,0.599
,,C1-1,0-28,-0.012,10,,-0.119,,1,-0.119
,,C1-2,0-29,-0.146,10,,-1.456,,1,-1.456
,,C1-3,0-30,0.007,10,,0.066,,1,0.066
,,C2-1,0-31,-0.189,10,,-1.887,,1,-1.887
,,C2-2,0-32,-0.219,10,,-2.186,,1,-2.186
,,C2-3,0-33,-0.210,10,,-2.099,,1,-2.099
,,C3-1,0-34,-0.199,10,,-1.990,,1,-1.990
,,C3-2,0-35,-0.168,10,,-1.681,,1,-1.681
,,C3-3,0-36,-0.206,10,,-2.063,,1,-2.063
,,UV1-1,0-37,-0.214,100,,-21.389,,1,-21.389
,,UV1-2,0-38,-0.241,100,,-24.097,,1,-24.097
,,UV1-3,0-39,-0.222,100,,-22.250,,1,-22.250
,,UV2-1,0-40,-0.189,10,,-1.888,,1,-1.888
,,UV2-2,0-41,-0.199,10,,-1.993,,1,-1.993
,,UV2-3,0-42,-0.200,10,,-1.995,,1,-1.995
,,UV3-1,0-43,-0.248,100,,-24.810,,1,-24.810
,,UV3-2,0-44,-0.248,100,,-24.793,,1,-24.793
,,UV3-3,0-45,0.052,100,,5.241,,1,5.241
,,H1-1,2-1,1.004,10,,10.038,,10.0731956655081,101.112
,,H1-2,2-2,1.391,10,,13.913,,9.65486898709425,134.327
,,H1-3,2-3,2.226,10,,22.264,,9.63785365853658,214.579
,,H2-1,2-4,0.219,10,,2.192,,9.70965853658537,21.283
,,H2-2,2-5,0.305,10,,3.049,,9.6773119122257,29.503
,,H2-3,2-6,1.320,10,,13.201,,4.84571708272149,63.967
,,H3-1,2-7,1.143,10,,11.430,,4.90291453328082,56.043
,,H3-2,2-8,1.570,10,,15.698,,1,15.698
,,H3-3,2-9,3.135,9.87808301584118,.,30.965,,2,61.930
,,FT1-1,2-10,0.705,10,,7.048,,9.6388187293569,67.938
,,FT1-2,2-11,1.728,10,,17.281,,9.73296681720008,168.195
,,FT1-3,2-12,0.710,10,,7.097,,9.70836621941596,68.902
,,FT2-1,2-13,2.481,4.92419708757231,.,12.216,,2,24.432
,,FT2-2,2-14,2.631,4.87838899803536,.,12.835,,2,25.671
,,FT2-3,2-15,3.794,4.90532311923001,.,18.612,,2,37.223
,,FT3-1,2-16,0.684,10,,6.843,,4.89694881889764,33.512
,,FT3-2,2-17,2.075,10,,20.752,,1,20.752
,,FT3-3,2-18,27.920,1,.,27.920,,1,27.920
,,UVFT1-1,2-19,3.058,10,,30.576,,15.2314116928091,465.715
,,UVFT1-2,2-20,2.573,10,,25.728,,14.6998630405009,378.196
,,UVFT1-3,2-21,2.082,10,,20.823,,15.0204901566894,312.769
,,UVFT2-1,2-22,0.278,10,,2.776,,1,2.776
,,UVFT2-2,2-23,0.579,10,,5.785,,1,5.785
,,UVFT2-3,2-24,0.362,10,,3.620,,1,3.620
,,UVFT3-1,2-25,3.484,1,,3.484,,1,3.484
,,UVFT3-2,2-26,7.591,1,,7.591,,1,7.591
,,UVFT3-3,2-27,3.649,1,,3.649,,1,3.649
,,C1-1,2-28,0.151,100,,15.126,,4.84716629014832,73.318
,,C1-2,2-29,0.054,100,,5.441,,4.90401499457433,26.684
,,C1-3,2-30,0.146,100,,14.551,,4.86248028391167,70.756
,,C2-1,2-31,0.006,10,,0.065,,1,0.065
,,C2-2,2-32,-0.161,10,,-1.610,,1,-1.610
,,C2-3,2-33,-0.141,10,,-1.409,,1,-1.409
,,C3-1,2-34,0.574,1,,0.574,,1,0.574
,,C3-2,2-35,1.449,1,,1.449,,1,1.449
,,C3-3,2-36,0.412,1,,0.412,,1,0.412
,,UV1-1,2-37,0.952,10,,9.520,,48.2225519287835,459.085
,,UV1-2,2-38,0.834,10,,8.343,,49.1181727904668,409.799
,,UV1-3,2-39,1.610,10,,16.104,,49.1530815109344,791.557
,,UV2-1,2-40,-0.329,10,,-3.286,,1,-3.286
,,UV2-2,2-41,-0.314,10,,-3.143,,1,-3.143
,,UV2-3,2-42,-0.275,10,,-2.749,,1,-2.749
,,UV3-1,2-43,-0.173,1,.,-0.173,,1,-0.173
,,UV3-2,2-44,1.250,1,.,1.250,,1,1.250
,,UV3-3,2-45,-0.283,1,.,-0.283,,1,-0.283
,,H1-1,4-1,2.970,100,,296.977,,7.84729743034361,2330.464
,,H1-2,4-2,0.209,100,,20.931,,7.94175627240144,166.226
,,H1-3,4-3,0.196,100,,19.626,,7.9300754866905,155.639
,,H2-1,4-4,1.332,10,,13.317,,1,13.317
,,H2-2,4-5,0.288,100,,28.791,,1,28.791
,,H2-3,4-6,0.109,100,,10.861,,1,10.861
,,H3-1,4-7,1.726,10,,17.263,,4.94361426579,85.344
,,H3-2,4-8,1.183,10,,11.826,,4.97533834586466,58.837
,,H3-3,4-9,1.192,10,,11.918,,4.92992744260014,58.755
,,FT1-1,4-10,0.919,10,,9.189,,14.9966067864271,137.800
,,FT1-2,4-11,0.956,10,,9.558,,14.9134672767058,142.543
,,FT1-3,4-12,1.350,10,,13.497,,14.9103309929789,201.248
,,FT2-1,4-13,0.278,10,,2.785,,4.89016264942191,13.618
,,FT2-2,4-14,0.241,10,,2.406,,4.95924075924076,11.930
,,FT2-3,4-15,0.480,10,,4.799,,4.90652833512773,23.544
,,FT3-1,4-16,0.153,100,,15.335,,1,15.335
,,FT3-2,4-17,18.311,1,.,18.311,,1,18.311
,,FT3-3,4-18,0.058,100,,5.772,,1,5.772
,,UVFT1-1,4-19,0.717,100,,71.672,,14.618036618621,1047.703
,,UVFT1-2,4-20,0.591,100,,59.141,,15.2171079429735,899.948
,,UVFT1-3,4-21,0.748,100,,74.779,,14.8504877563209,1110.509
,,UVFT2-1,4-22,0.273,10,,2.733,,1,2.733
,,UVFT2-2,4-23,0.737,10,,7.371,,1,7.371
,,UVFT2-3,4-24,0.500,10,,4.997,,1,4.997
,,UVFT3-1,4-25,1.012,10,,10.115,,1,10.115
,,UVFT3-2,4-26,0.328,10,,3.281,,1,3.281
,,UVFT3-3,4-27,0.020,10,,0.196,,1,0.196
,,C1-1,4-28,0.777,100,,77.748,,2.93600038935124,228.268
,,C1-2,4-29,0.696,100,,69.581,,2.97314967310476,206.874
,,C1-3,4-30,0.472,100,,47.171,,2.98222932161933,140.675
,,C2-1,4-31,1.352,10,,13.522,,1,13.522
,,C2-2,4-32,-0.310,10,,-3.097,,1,-3.097
,,C2-3,4-33,-0.265,10,,-2.652,,1,-2.652
,,C3-1,4-34,-0.119,10,,-1.193,,1,-1.193
,,C3-2,4-35,-0.131,10,,-1.305,,1,-1.305
,,C3-3,4-36,-0.149,10,,-1.489,,1,-1.489
,,UV1-1,4-37,0.099,100,.,9.900,49.1778221778225,98.355644355645,973.711
,,UV1-2,4-38,0.082,100,.,8.242,48.4683794466401,96.9367588932802,798.905
,,UV1-3,4-39,0.097,100,.,9.659,48.2095984329093,96.4191968658186,931.266
,,UV2-1,4-40,0.078,10,,0.777,,1,0.777
,,UV2-2,4-41,2.439,1,.,2.439,,1,2.439
,,UV2-3,4-42,-0.123,10,,-1.233,,1,-1.233
,,UV3-1,4-43,-0.092,1,,-0.092,,1,-0.092
,,UV3-2,4-44,-0.036,1,,-0.036,,1,-0.036
,,UV3-3,4-45,-0.155,1,,-0.155,,1,-0.155
,,H1-1,6-1,0.347,100,,34.689,,9.89607021743468,343.288
,,H1-2,6-2,0.303,100,,30.274,,9.84429954554436,298.026
,,H1-3,6-3,0.251,100,,25.086,,9.87646474677259,247.763
,,H2-1,6-4,0.026,100,,2.615,,1,2.615
,,H2-2,6-5,0.204,100,.,20.389,,1,20.389
,,H2-3,6-6,5.963,1,.,5.963,,1,5.963
,,H3-1,6-7,1.770,10,,17.698,,4.87946340501085,86.359
,,H3-2,6-8,0.784,10,,7.838,,4.84399529042386,37.968
,,H3-3,6-9,1.341,10,,13.406,,4.84458933437135,64.946
,,FT1-1,6-10,0.718,100,,71.779,,2.99252174797782,214.801
,,FT1-2,6-11,0.948,100,,94.755,,2.94860440817951,279.394
,,FT1-3,6-12,1.300,100,,129.965,,2.91443667139573,378.774
,,FT2-1,6-13,0.447,10,,4.468,,4.93087149187592,22.031
,,FT2-2,6-14,0.212,4.92249508840864,.,1.044,,2,2.089
,,FT2-3,6-15,0.398,10,,3.984,,4.9096901131333,19.562
,,FT3-1,6-16,3.094,10,,30.945,,1,30.945
,,FT3-2,6-17,1.591,10,,15.913,,1,15.913
,,FT3-3,6-18,2.248,10,,22.475,,1,22.475
,,UVFT1-1,6-19,4.944,10,,49.443,,49.9011857707512,2467.248
,,UVFT1-2,6-20,5.057,10,,50.575,,50.1431391905231,2535.965
,,UVFT1-3,6-21,25.740,10,,257.397,,48.4324065196551,12466.374
,,UVFT2-1,6-22,0.144,10,,1.438,,1,1.438
,,UVFT2-2,6-23,0.440,10,,4.398,,1,4.398
,,UVFT2-3,6-24,0.775,10,,7.748,,1,7.748
,,UVFT3-1,6-25,2.125,1,,2.125,,1,2.125
,,UVFT3-2,6-26,4.517,1,,4.517,,1,4.517
,,UVFT3-3,6-27,2.341,1,,2.341,,1,2.341
,,C1-1,6-28,1.482,10,,14.821,,14.3757876646935,213.070
,,C1-2,6-29,2.155,10,,21.553,,14.7932190025626,318.834
,,C1-3,6-30,2.556,10,,25.558,,14.9122009096302,381.127
,,C2-1,6-31,2.088,1,,2.088,,1,2.088
,,C2-2,6-32,0.181,1,,0.181,,1,0.181
,,C2-3,6-33,1.081,1,,1.081,,1,1.081
,,C3-1,6-34,0.455,1,,0.455,,1,0.455
,,C3-2,6-35,0.289,1,,0.289,,1,0.289
,,C3-3,6-36,0.173,1,,0.173,,1,0.173
,,UV1-1,6-37,1.203,10,,12.029,,102.790931702617,1236.494
,,UV1-2,6-38,1.282,10,,12.815,,100.590457256461,1289.115
,,UV1-3,6-39,1.395,10,,13.953,,99.2875368007846,1385.392
,,UV2-1,6-40,0.088,10,,0.877,,1,0.877
,,UV2-2,6-41,0.060,10,,0.603,,1,0.603
,,UV2-3,6-42,0.273,10,,2.726,,1,2.726
,,UV3-1,6-43,-0.106,1,,-0.106,,1,-0.106
,,UV3-2,6-44,-0.082,1,,-0.082,,1,-0.082
,,UV3-3,6-45,0.346,1,,0.346,,1,0.346